t,binance_futures_spread,binance_spot_spread,binance_btc_price,,,,,,,,
2023-05-01,0.186220032,0.422780336,28079.41042,,,,,,,,
2023-05-02,0.187062109,0.425914553,28683.16442,,,,,,,,
2023-05-03,0.188343977,0.443569948,29034.74569,,,,,,,,
2023-05-04,0.188721239,0.440710817,28851.23696,,,,,,,,
2023-05-05,0.189666767,0.445294745,29536.05718,,,,,,,,
2023-05-06,0.189934494,0.452089581,28901.1596,,,,,,,,
2023-05-07,0.190214742,0.457682091,28474.26543,,,,,,,,
2023-05-08,0.192439465,0.47176793,27692.93266,,,,,,,,
2023-05-09,0.193399304,0.468388688,27646.01563,,,,,,,,
2023-05-10,0.194694993,0.475864347,27619.09478,,,,,,,,
2023-05-11,0.196295212,0.485521084,26984.32917,,,,,,,,
2023-05-12,0.198598292,0.488331953,26811.12331,,,,,,,,
2023-05-13,0.198712465,0.485886307,26789.2194,,,,,,,,
2023-05-14,0.198892749,0.486406144,26929.7968,,,,,,,,
2023-05-15,0.199332556,0.488740697,27171.26565,,,,,,,,
2023-05-16,0.199968427,0.489303704,27039.43638,,,,,,,,
2023-05-17,0.200066895,0.490534059,27410.96406,,,,,,,,
2023-05-18,0.200363036,0.491180577,26829.26231,,,,,,,,
2023-05-19,0.200278853,0.486931221,26891.78804,,,,,,,,
2023-05-20,0.198777659,0.481898874,27114.08161,,,,,,,,
2023-05-21,0.197308483,0.480070996,26753.86418,,,,,,,,
2023-05-22,0.196375484,0.480416238,26858.00511,,,,,,,,
2023-05-23,0.195295811,0.478412455,27224.66463,,,,,,,,
2023-05-24,0.194832275,0.475593671,26331.14225,,,,,,,,
2023-05-25,0.193889375,0.471660578,26479.77049,,,,,,,,
2023-05-26,0.192542998,0.466214834,26719.98972,,,,,,,,
2023-05-27,0.190827775,0.461764944,26870.44028,,,,,,,,
2023-05-28,0.189746074,0.459391964,28078.88451,,,,,,,,
2023-05-29,0.188851242,0.456760045,27746.50915,,,,,,,,
2023-05-30,0.188092118,0.454189181,27705.35265,,,,,,,,
2023-05-31,0.18733205,0.45383082,27218.07629,,,,,,,,
2023-06-01,0.18733205,0.455107226,26819.58589,,,,,,,,
2023-06-02,0.18733205,0.454863123,27251.7953,,,,,,,,
2023-06-03,0.18733205,0.451180703,27076.91168,,,,,,,,
2023-06-04,0.185953928,0.447974974,27122.94405,,,,,,,,
2023-06-05,0.186054822,0.452793347,25738.7342,,,,,,,,
2023-06-06,0.185939275,0.45310367,27234.08698,,,,,,,,
2023-06-07,0.186508761,0.452876155,26346.94174,,,,,,,,
2023-06-08,0.186365774,0.450313329,26510.47121,,,,,,,,
2023-06-09,0.185982276,0.447003309,26484.21234,,,,,,,,
2023-06-10,0.187092624,0.45203841,25855.39927,,,,,,,,
2023-06-11,0.18714051,0.449439183,25935.51189,,,,,,,,
2023-06-12,0.18769663,0.448095146,25906.98501,,,,,,,,
2023-06-13,0.188132289,0.447064521,25933.38638,,,,,,,,
2023-06-14,0.188145693,0.445789189,25128.44753,,,,,,,,
2023-06-15,0.1883773,0.445015727,25583.55137,,,,,,,,
2023-06-16,0.188221144,0.441952783,26336.75847,,,,,,,,
2023-06-17,0.18776387,0.439650847,26514.14447,,,,,,,,
2023-06-18,0.187374249,0.43664435,26343.08839,,,,,,,,
2023-06-19,0.187125497,0.43357387,26844.29918,,,,,,,,
2023-06-20,0.187277857,0.434014799,28315.37275,,,,,,,,
2023-06-21,0.188052012,0.434483307,29997.23847,,,,,,,,
2023-06-22,0.188585201,0.432607863,29895.94995,,,,,,,,
2023-06-23,0.189204799,0.431174981,30707.54478,,,,,,,,
2023-06-24,0.189283707,0.42904683,30541.37936,,,,,,,,
2023-06-25,0.189586784,0.42732851,30469.54843,,,,,,,,
2023-06-26,0.189666166,0.425424749,30272.40458,,,,,,,,
2023-06-27,0.189583517,0.423323912,30702.00644,,,,,,,,
2023-06-28,0.189380479,0.422004968,30082.33992,,,,,,,,
2023-06-29,0.18898375,0.420048917,30450.9479,,,,,,,,
2023-06-30,0.189277661,0.420968749,30472.55124,,,,,,,,
2023-07-01,0.188293576,0.417850947,30589.3333,,,,,,,,
2023-07-02,0.187427351,0.414948131,30617.80255,,,,,,,,
2023-07-03,0.186929635,0.412093173,31160.17948,,,,,,,,
2023-07-04,0.186165845,0.409498002,30768.87214,,,,,,,,
2023-07-05,0.185278079,0.40688426,30503.96604,,,,,,,,
2023-07-06,0.184769545,0.406007373,29904.55174,,,,,,,,
2023-07-07,0.184144048,0.404469201,30351.05994,,,,,,,,
2023-07-08,0.183087346,0.401801106,30293.15052,,,,,,,,
2023-07-09,0.182097148,0.39942533,30168.49528,,,,,,,,
2023-07-10,0.18146474,0.397219611,30418.36098,,,,,,,,
2023-07-11,0.180841083,0.394808842,30626.59836,,,,,,,,
2023-07-12,0.18017829,0.392811996,30384.08236,,,,,,,,
2023-07-13,0.179657701,0.391897066,31466.4969,,,,,,,,
2023-07-14,0.17942357,0.390105031,30329.44968,,,,,,,,
2023-07-15,0.178415124,0.387251216,30298.48017,,,,,,,,
2023-07-16,0.177457719,0.385154687,30242.89717,,,,,,,,
2023-07-17,0.176855488,0.382960809,30144.34182,,,,,,,,
2023-07-18,0.176393033,0.381399386,29865.17745,,,,,,,,
2023-07-19,0.175829405,0.379355886,29913.74686,,,,,,,,
2023-07-20,0.175299112,0.377300393,29804.69709,,,,,,,,
2023-07-21,0.174564886,0.374827573,29906.86078,,,,,,,,
2023-07-22,0.173582447,0.372479348,29797.32362,,,,,,,,
2023-07-23,0.172725095,0.370253005,30083.60776,,,,,,,,
2023-07-24,0.172130135,0.368140619,29179.90969,,,,,,,,
2023-07-25,0.171408576,0.365637931,29229.98589,,,,,,,,
2023-07-26,0.170803354,0.363595228,29354.42965,,,,,,,,
2023-07-27,0.170065129,0.361527032,29219.12405,,,,,,,,
2023-07-28,0.169209909,0.359155476,29316.9558,,,,,,,,
2023-07-29,0.168250027,0.356773841,29357.51264,,,,,,,,
2023-07-30,0.167139407,0.354628247,29282.60425,,,,,,,,
2023-07-31,0.165950209,0.351179938,29234.3379,,,,,,,,
2023-08-01,0.16434698,0.345444009,29695.43979,,,,,,,,
2023-08-02,0.16265601,0.341152938,29171.44024,,,,,,,,
2023-08-03,0.161134496,0.336301671,29173.0802,,,,,,,,
2023-08-04,0.15984264,0.33396511,29076.72016,,,,,,,,
2023-08-05,0.158765869,0.332691504,29047.25524,,,,,,,,
2023-08-06,0.158229066,0.332099719,29045.77633,,,,,,,,
2023-08-07,0.157756338,0.331184637,29185.16433,,,,,,,,
2023-08-08,0.156906086,0.329359964,29763.85631,,,,,,,,
2023-08-09,0.156246953,0.327184214,29565.33177,,,,,,,,
2023-08-10,0.1554447,0.325182058,29426.05297,,,,,,,,
2023-08-11,0.15483161,0.323451562,29402.08908,,,,,,,,
2023-08-12,0.153909797,0.320951776,29417.29049,,,,,,,,
2023-08-13,0.153337067,0.320356314,29285.57777,,,,,,,,
2023-08-14,0.15295572,0.319807428,29406.59665,,,,,,,,
2023-08-15,0.152386839,0.318849875,29173.03457,,,,,,,,
2023-08-16,0.151769184,0.318488609,28701.24921,,,,,,,,
2023-08-17,0.15101585,0.317861074,26629.70993,,,,,,,,
2023-08-18,0.150537563,0.31694712,26047.99921,,,,,,,,
2023-08-19,0.149982045,0.315511017,26095.97528,,,,,,,,
2023-08-20,0.14989694,0.315420248,26190.88054,,,,,,,,
2023-08-21,0.149740534,0.314388462,26124.6092,,,,,,,,
2023-08-22,0.149306416,0.309496224,26040.79913,,,,,,,,
2023-08-23,0.149229117,0.30830143,26432.7457,,,,,,,,
2023-08-24,0.148564348,0.303226233,26168.86633,,,,,,,,
2023-08-25,0.147075856,0.297015334,26050.29075,,,,,,,,
2023-08-26,0.145793066,0.29536074,26010.46232,,,,,,,,
2023-08-27,0.145373126,0.294155805,26093.3859,,,,,,,,
2023-08-28,0.145091895,0.290436126,26107.82661,,,,,,,,
2023-08-29,0.144425235,0.286501717,27718.22127,,,,,,,,
2023-08-30,0.143966422,0.284500015,27303.49984,,,,,,,,
2023-08-31,0.143486303,0.278394388,25935.59099,,,,,,,,
2023-09-01,0.143154428,0.277830099,25798.9184,,,,,,,,
2023-09-02,0.14226541,0.27428892,25870.34291,,,,,,,,
2023-09-03,0.141660105,0.269883425,25967.6363,,,,,,,,
2023-09-04,0.141143748,0.265889109,25815.76661,,,,,,,,
2023-09-05,0.139986721,0.258959231,25781.96318,,,,,,,,
2023-09-06,0.139348218,0.257936666,25748.34634,,,,,,,,
2023-09-07,0.13854904,0.252938217,26249.07849,,,,,,,,
2023-09-08,0.13758816,0.246984729,25904.94816,,,,,,,,
2023-09-09,0.1358588,0.243039476,25897.28768,,,,,,,,
2023-09-10,0.135194136,0.241387146,25833.96873,,,,,,,,
2023-09-11,0.135300043,0.239237298,25159.29159,,,,,,,,
2023-09-12,0.135765348,0.237544296,25842.43964,,,,,,,,
2023-09-13,0.135756257,0.235830775,26225.29179,,,,,,,,
2023-09-14,0.135842711,0.233347181,26530.09986,,,,,,,,
2023-09-15,0.13533632,0.230784462,26605.23289,,,,,,,,
2023-09-16,0.134654632,0.23129978,26567.48379,,,,,,,,
2023-09-17,0.134409174,0.231858249,26533.35537,,,,,,,,
2023-09-18,0.134737505,0.231221498,26771.2151,,,,,,,,
2023-09-19,0.134797362,0.230104252,27214.30302,,,,,,,,
2023-09-20,0.135038265,0.229871646,27126.67357,,,,,,,,
2023-09-21,0.134827974,0.228941205,26569.12103,,,,,,,,
2023-09-22,0.134821774,0.22826627,26583.12981,,,,,,,,
2023-09-23,0.134518678,0.228174109,26582.24205,,,,,,,,
2023-09-24,0.134580558,0.227756731,26259.50847,,,,,,,,
2023-09-25,0.134957734,0.226969615,26300.12164,,,,,,,,
2023-09-26,0.134957126,0.225895942,26213.7838,,,,,,,,
2023-09-27,0.134871035,0.224599234,26359.45216,,,,,,,,
2023-09-28,0.135033988,0.222890613,27023.79815,,,,,,,,
2023-09-29,0.135204652,0.220084902,26908.23765,,,,,,,,
2023-09-30,0.134900283,0.217650568,26967.72274,,,,,,,,
2023-10-01,0.134827598,0.218666827,27990.96503,,,,,,,,
2023-10-02,0.135566548,0.220270792,27506.95617,,,,,,,,
2023-10-03,0.135246269,0.220097018,27428.22889,,,,,,,,
2023-10-04,0.135066819,0.219295731,27786.32867,,,,,,,,
2023-10-05,0.134719055,0.219059786,27409.64549,,,,,,,,
2023-10-06,0.134735527,0.220290521,27944.68146,,,,,,,,
2023-10-07,0.134353997,0.220327208,27970.9577,,,,,,,,
2023-10-08,0.133397213,0.21597062,27933.58581,,,,,,,,
2023-10-09,0.133121765,0.216608015,27595.02935,,,,,,,,
2023-10-10,0.132504879,0.216439142,27391.64321,,,,,,,,
2023-10-11,0.132146572,0.216475176,26872.86565,,,,,,,,
2023-10-12,0.131882737,0.216047663,26755.07685,,,,,,,,
2023-10-13,0.131368609,0.215215483,26859.13016,,,,,,,,
2023-10-14,0.130642538,0.214524864,26856.30403,,,,,,,,
2023-10-15,0.130163261,0.213798666,27160.23085,,,,,,,,
2023-10-16,0.131048729,0.217899713,28516.22826,,,,,,,,
2023-10-17,0.131169773,0.220222806,28407.91631,,,,,,,,
2023-10-18,0.130881836,0.220404408,28327.71609,,,,,,,,
2023-10-19,0.130301757,0.220117196,28730.02976,,,,,,,,
2023-10-20,0.130453508,0.223031089,29684.08413,,,,,,,,
2023-10-21,0.129922027,0.223729792,29921.54356,,,,,,,,
2023-10-22,0.129767233,0.224434473,29999.97483,,,,,,,,
2023-10-23,0.131114594,0.23111215,33088.78701,,,,,,,,
2023-10-24,0.134527612,0.236611875,33926.93213,,,,,,,,
2023-10-25,0.136808079,0.24005544,34506.87461,,,,,,,,
2023-10-26,0.137544734,0.241447288,34159.17794,,,,,,,,
2023-10-27,0.137981299,0.242322885,33900.29252,,,,,,,,
2023-10-28,0.137121206,0.239669489,34088.92832,,,,,,,,
2023-10-29,0.137522187,0.240727088,34537.17957,,,,,,,,
2023-10-30,0.138117871,0.2417955,34492.40569,,,,,,,,
2023-10-31,0.138416046,0.243258178,34654.23043,,,,,,,,
2023-11-01,0.139087685,0.246295234,35437.68869,,,,,,,,
2023-11-02,0.140042303,0.250964298,34944.65105,,,,,,,,
2023-11-03,0.14159599,0.257487415,34734.41869,,,,,,,,
2023-11-04,0.14248924,0.261405909,35087.58693,,,,,,,,
2023-11-05,0.144299577,0.269758071,35040.96103,,,,,,,,
2023-11-06,0.146154181,0.277706892,35053.87054,,,,,,,,
2023-11-07,0.147752332,0.283173157,35416.82952,,,,,,,,
2023-11-08,0.149020904,0.28440165,35637.84477,,,,,,,,
2023-11-09,0.151844485,0.291304835,36702.66624,,,,,,,,
2023-11-10,0.153486273,0.293001619,37315.80621,,,,,,,,
2023-11-11,0.153897215,0.293878943,37135.53401,,,,,,,,
2023-11-12,0.154662074,0.295292057,37077.2771,,,,,,,,
2023-11-13,0.156325684,0.297873847,36474.32415,,,,,,,,
2023-11-14,0.158181696,0.301048505,35556.87091,,,,,,,,
2023-11-15,0.160051008,0.303522019,37879.43528,,,,,,,,
2023-11-16,0.162062059,0.307035324,36164.6081,,,,,,,,
2023-11-17,0.164240783,0.310865932,36623.9775,,,,,,,,
2023-11-18,0.165047915,0.312150805,36589.20293,,,,,,,,
2023-11-19,0.166105885,0.313440037,37379.63752,,,,,,,,
2023-11-20,0.168037669,0.316945588,37474.74221,,,,,,,,
2023-11-21,0.16979319,0.323032751,35759.58047,,,,,,,,
2023-11-22,0.171580241,0.32660491,37415.84716,,,,,,,,
2023-11-23,0.172885384,0.32830188,37297.37915,,,,,,,,
2023-11-24,0.17430651,0.330315974,37733.21398,,,,,,,,
2023-11-25,0.174744483,0.331060167,37793.19574,,,,,,,,
2023-11-26,0.175566809,0.332506729,37455.23186,,,,,,,,
2023-11-27,0.177245714,0.33497721,37242.68355,,,,,,,,
2023-11-28,0.178036172,0.336350752,37831.71059,,,,,,,,
2023-11-29,0.178763438,0.337447101,37863.69516,,,,,,,,
2023-11-30,0.179159948,0.337934921,37728.16618,,,,,,,,
2023-12-01,0.179731536,0.338827989,38697.50551,,,,,,,,
2023-12-02,0.179992766,0.339116371,39467.46876,,,,,,,,
2023-12-03,0.180576875,0.339798171,39982.61739,,,,,,,,
2023-12-04,0.181694526,0.34233179,41985.60442,,,,,,,,
2023-12-05,0.182562063,0.344512372,44081.83542,,,,,,,,
2023-12-06,0.18335742,0.346529896,43767.54036,,,,,,,,
2023-12-07,0.183922066,0.34721896,43289.70315,,,,,,,,
2023-12-08,0.184461111,0.347823449,44180.66747,,,,,,,,
2023-12-09,0.184801121,0.348681021,43731.96467,,,,,,,,
2023-12-10,0.185191038,0.349480456,43794.34946,,,,,,,,
2023-12-11,0.187055763,0.354687703,41242.57457,,,,,,,,
2023-12-12,0.188190373,0.358755024,41474.9966,,,,,,,,
2023-12-13,0.189374996,0.362585749,42879.35552,,,,,,,,
2023-12-14,0.190479909,0.365209858,43033.64456,,,,,,,,
2023-12-15,0.190690439,0.363474871,41943.55713,,,,,,,,
2023-12-16,0.190130312,0.363221233,42251.43566,,,,,,,,
2023-12-17,0.190481306,0.364080179,41346.02559,,,,,,,,
2023-12-18,0.191484305,0.366096517,42649.99604,,,,,,,,
2023-12-19,0.192011981,0.368064825,42271.63181,,,,,,,,
2023-12-20,0.192843185,0.369849534,43664.13048,,,,,,,,
2023-12-21,0.193378679,0.370438807,43871.89584,,,,,,,,
2023-12-22,0.193940606,0.371367729,44008.63818,,,,,,,,
2023-12-23,0.193861508,0.371320953,43725.93692,,,,,,,,
2023-12-24,0.194351982,0.3719619,43023.77904,,,,,,,,
2023-12-25,0.194967774,0.372840762,43586.99388,,,,,,,,
2023-12-26,0.195585029,0.374995825,42520.47644,,,,,,,,
2023-12-27,0.195621329,0.374690077,43464.57909,,,,,,,,
2023-12-28,0.195664986,0.375371056,42590.92654,,,,,,,,
2023-12-29,0.195941869,0.377282384,42078.59223,,,,,,,,
2023-12-30,0.195806216,0.377407878,42152.44352,,,,,,,,
2023-12-31,0.196097672,0.378491821,42276.25603,,,,,,,,
2024-01-01,0.196221424,0.379870943,44182.86359,,,,,,,,
2024-01-02,0.196893345,0.383614395,44960.79419,,,,,,,,
2024-01-03,0.199491848,0.389673027,42863.21941,,,,,,,,
2024-01-04,0.20094931,0.39215665,44190.93858,,,,,,,,
2024-01-05,0.202962637,0.397707459,44174.1903,,,,,,,,
2024-01-06,0.203239682,0.400249301,43998.17299,,,,,,,,
2024-01-07,0.203913998,0.403342351,43950.02271,,,,,,,,
2024-01-08,0.205175066,0.40771926,46988.60311,,,,,,,,
2024-01-09,0.206087067,0.412705427,46120.89276,,,,,,,,
2024-01-10,0.208151968,0.419181576,46659.99763,,,,,,,,
2024-01-11,0.210005413,0.423484337,46341.69723,,,,,,,,
2024-01-12,0.211378297,0.427677376,42770.45901,,,,,,,,
2024-01-13,0.212887045,0.430592997,42838.73692,,,,,,,,
2024-01-14,0.214084989,0.431741932,41707.4286,,,,,,,,
2024-01-15,0.2155975,0.43345491,42493.88113,,,,,,,,
2024-01-16,0.216642931,0.435122545,43130.60694,,,,,,,,
2024-01-17,0.217514003,0.434571681,42733.75326,,,,,,,,
2024-01-18,0.218367145,0.434324931,41271.03489,,,,,,,,
2024-01-19,0.219585486,0.435521021,41621.73053,,,,,,,,
2024-01-20,0.220113811,0.436191115,41665.1816,,,,,,,,
2024-01-21,0.220707565,0.436249173,41553.63328,,,,,,,,
2024-01-22,0.222513063,0.439631174,39518.25998,,,,,,,,
2024-01-23,0.223703884,0.44152465,39867.82112,,,,,,,,
2024-01-24,0.224990467,0.443138554,40064.23786,,,,,,,,
2024-01-25,0.225813074,0.443841579,39940.15057,,,,,,,,
2024-01-26,0.226187901,0.444290177,41812.42743,,,,,,,,
2024-01-27,0.226058286,0.444617073,42115.27954,,,,,,,,
2024-01-28,0.22663884,0.445807939,42028.67267,,,,,,,,
2024-01-29,0.227197403,0.445182329,43298.59957,,,,,,,,
2024-01-30,0.227055219,0.443318935,42940.27299,,,,,,,,
2024-01-31,0.227487073,0.439464397,42555.07524,,,,,,,,
2024-02-01,0.22788581,0.438432769,43069.63614,,,,,,,,
2024-02-02,0.227694388,0.436587152,43178.2971,,,,,,,,
2024-02-03,0.227153752,0.434371201,42999.09789,,,,,,,,
2024-02-04,0.2273686,0.433976813,42570.5773,,,,,,,,
2024-02-05,0.227443175,0.43346802,42653.28302,,,,,,,,
2024-02-06,0.227373428,0.432255122,43083.33367,,,,,,,,
2024-02-07,0.227342209,0.430993125,44338.73197,,,,,,,,
2024-02-08,0.227159265,0.429508018,45294.17918,,,,,,,,
2024-02-09,0.227391572,0.42894239,47153.79602,,,,,,,,
2024-02-10,0.227347384,0.428310425,47765.14479,,,,,,,,
2024-02-11,0.227985905,0.429043487,48313.26212,,,,,,,,
2024-02-12,0.228596724,0.429274112,49937.40173,,,,,,,,
2024-02-13,0.227812915,0.425254508,49725.11715,,,,,,,,
2024-02-14,0.227829352,0.42305873,51834.86411,,,,,,,,
2024-02-15,0.227644667,0.420677957,51934.45491,,,,,,,,
2024-02-16,0.227255438,0.418689662,52160.2049,,,,,,,,
2024-02-17,0.226093578,0.414944641,51659.07307,,,,,,,,
2024-02-18,0.225469258,0.413397824,52141.30745,,,,,,,,
2024-02-19,0.224941228,0.412034199,51786.9069,,,,,,,,
2024-02-20,0.222939662,0.404653038,52268.99872,,,,,,,,
2024-02-21,0.219087241,0.398678114,51850.12362,,,,,,,,
2024-02-22,0.216323321,0.394859756,51254.0077,,,,,,,,
2024-02-23,0.215205937,0.392433226,50739.52448,,,,,,,,
2024-02-24,0.214396847,0.390800711,51562.46937,,,,,,,,
2024-02-25,0.214445254,0.390665088,51722.25839,,,,,,,,
2024-02-26,0.214236114,0.389859692,54521.21392,,,,,,,,
2024-02-27,0.214181439,0.389937789,57060.2901,,,,,,,,
2024-02-28,0.214324353,0.390721538,62507.43356,,,,,,,,
2024-02-29,0.214429569,0.3896641,61185.30321,,,,,,,,
2024-03-01,0.213990075,0.385477587,62433.87781,,,,,,,,
2024-03-02,0.212316382,0.37775687,62040.86621,,,,,,,,
2024-03-03,0.211284374,0.373510653,63145.43332,,,,,,,,
2024-03-04,0.210689221,0.366680025,68330.85372,,,,,,,,
2024-03-05,0.21137784,0.363353444,63803.27572,,,,,,,,
2024-03-06,0.211400053,0.359860812,66125.90366,,,,,,,,
2024-03-07,0.210903316,0.358975995,66933.66483,,,,,,,,
2024-03-08,0.208888238,0.352637391,68283.39004,,,,,,,,
2024-03-09,0.207154488,0.349261024,68469.63487,,,,,,,,
2024-03-10,0.206753637,0.347977027,69026.23842,,,,,,,,
2024-03-11,0.206832891,0.347214323,72105.88421,,,,,,,,
2024-03-12,0.206186344,0.345148957,71470.97517,,,,,,,,
2024-03-13,0.204726309,0.341847472,73115.64031,,,,,,,,
2024-03-14,0.203356042,0.339575403,71380.60996,,,,,,,,
2024-03-15,0.203259701,0.339438904,69484.13197,,,,,,,,
2024-03-16,0.202418671,0.337279313,65269.09707,,,,,,,,
2024-03-17,0.203464257,0.337844621,68349.54712,,,,,,,,
2024-03-18,0.20420536,0.338104697,67597.37001,,,,,,,,
2024-03-19,0.204621181,0.338387747,61911.489,,,,,,,,
2024-03-20,0.205286513,0.336653463,67854.98437,,,,,,,,
2024-03-21,0.205589344,0.335599624,65479.32347,,,,,,,,
2024-03-22,0.206327259,0.337010519,63782.26199,,,,,,,,
2024-03-23,0.206472908,0.337941093,64010.74023,,,,,,,,
2024-03-24,0.207701377,0.339928042,67202.82883,,,,,,,,
2024-03-25,0.208508115,0.340578263,69910.57369,,,,,,,,
2024-03-26,0.208416091,0.339513573,69984.23534,,,,,,,,
2024-03-27,0.209020819,0.339561238,69430.25046,,,,,,,,
2024-03-28,0.209300581,0.338969538,70791.50525,,,,,,,,
2024-03-29,0.209527752,0.33867289,69895.37165,,,,,,,,
2024-03-30,0.209335223,0.337809891,69612.70884,,,,,,,,
2024-03-31,0.209408245,0.337604443,71287.90681,,,,,,,,
2024-04-01,0.209633444,0.337573237,69687.87613,,,,,,,,
2024-04-02,0.210294919,0.337384782,65467.52833,,,,,,,,
2024-04-03,0.210411066,0.336375308,65990.46223,,,,,,,,
2024-04-04,0.210411308,0.335437019,68508.84649,,,,,,,,
2024-04-05,0.210958167,0.336216734,67850.61258,,,,,,,,
2024-04-06,0.211128688,0.336581834,68902.5901,,,,,,,,
2024-04-07,0.21157063,0.337161942,69353.73563,,,,,,,,
2024-04-08,0.212162563,0.337527302,71624.93149,,,,,,,,
2024-04-09,0.211437476,0.333783262,69114.6137,,,,,,,,
2024-04-10,0.211356818,0.330905592,70632.44404,,,,,,,,
2024-04-11,0.211129618,0.328330017,70015.5966,,,,,,,,
2024-04-12,0.211094532,0.327115827,67154.4172,,,,,,,,
2024-04-13,0.21233604,0.330038756,63995.91732,,,,,,,,
2024-04-14,0.213960793,0.332085278,65739.50378,,,,,,,,
2024-04-15,0.214705903,0.332650826,63446.49568,,,,,,,,
2024-04-16,0.215339123,0.331786368,63823.62116,,,,,,,,
2024-04-17,0.21602875,0.33196998,61274.94585,,,,,,,,
2024-04-18,0.216208743,0.332194207,63501.8227,,,,,,,,
2024-04-19,0.217065402,0.333270845,63845.54576,,,,,,,,
2024-04-20,0.217313763,0.33366468,64968.13793,,,,,,,,
2024-04-21,0.21814764,0.334210634,64949.71011,,,,,,,,
2024-04-22,0.218761122,0.3343373,66847.11113,,,,,,,,
2024-04-23,0.21885484,0.334100801,66421.58613,,,,,,,,
2024-04-24,0.218833996,0.332702335,64251.51595,,,,,,,,
2024-04-25,0.219155946,0.33219792,64480.62362,,,,,,,,
2024-04-26,0.219407442,0.330776321,63752.28028,,,,,,,,
2024-04-27,0.21930733,0.328770891,63416.0262,,,,,,,,
2024-04-28,0.219526827,0.328090034,63100.46524,,,,,,,,
2024-04-29,0.219866734,0.327392927,63834.94824,,,,,,,,
2024-04-30,0.220719355,0.327194155,60620.36572,,,,,,,,
2024-05-01,0.221460477,0.325212226,58272.34626,,,,,,,,
2024-05-02,0.219711774,0.320742662,59065.5466,,,,,,,,
2024-05-03,0.218774715,0.31892377,62898.01438,,,,,,,,
2024-05-04,0.21702211,0.315280303,63904.72137,,,,,,,,
2024-05-05,0.216959448,0.314518167,64022.9001,,,,,,,,
2024-05-06,0.216954811,0.312635846,63173.24435,,,,,,,,
2024-05-07,0.216067924,0.309245991,62321.83113,,,,,,,,
2024-05-08,0.214975761,0.304909434,61174.02188,,,,,,,,
2024-05-09,0.212021586,0.297022451,63060.38434,,,,,,,,
2024-05-10,0.209670481,0.292668229,60786.94039,,,,,,,,
2024-05-11,0.207627747,0.288381865,60806.69741,,,,,,,,
2024-05-12,0.205979161,0.285536433,61448.50633,,,,,,,,
2024-05-13,0.205142318,0.283932938,62932.39209,,,,,,,,
2024-05-14,0.204096256,0.281715109,61552.24265,,,,,,,,
2024-05-15,0.202819223,0.279587086,66237.44417,,,,,,,,
2024-05-16,0.201569234,0.278602445,65242.56594,,,,,,,,
2024-05-17,0.200143775,0.277537898,67055.70216,,,,,,,,
2024-05-18,0.198457228,0.275601494,66927.47686,,,,,,,,
2024-05-19,0.197593655,0.274545351,66272.74234,,,,,,,,
2024-05-20,0.197309639,0.274739235,71455.24461,,,,,,,,
2024-05-21,0.195677667,0.271264639,70140.42462,,,,,,,,
2024-05-22,0.194302664,0.269025617,69137.609,,,,,,,,
2024-05-23,0.193207709,0.267760706,67940.52296,,,,,,,,
2024-05-24,0.192370491,0.26742935,68540.42917,,,,,,,,
2024-05-25,0.191450484,0.266162068,69284.10175,,,,,,,,
2024-05-26,0.191135492,0.265547555,68476.47953,,,,,,,,
2024-05-27,0.190781297,0.264663066,69384.43751,,,,,,,,
2024-05-28,0.190535424,0.264137895,68322.01175,,,,,,,,
2024-05-29,0.190317096,0.263844391,67566.36471,,,,,,,,
2024-05-30,0.189690002,0.262976745,68336.62712,,,,,,,,
2024-05-31,0.188885754,0.262272832,67472.11949,,,,,,,,
2024-06-01,0.188227675,0.261717405,67717.56493,,,,,,,,
2024-06-02,0.187953505,0.261554888,67730.38205,,,,,,,,
2024-06-03,0.187733275,0.261547404,68801.54554,,,,,,,,
2024-06-04,0.187260965,0.260904523,70545.53172,,,,,,,,
2024-06-05,0.186783267,0.260311769,71120.87325,,,,,,,,
2024-06-06,0.186189381,0.259822807,70769.79267,,,,,,,,
2024-06-07,0.185625322,0.259561948,69337.39722,,,,,,,,
2024-06-08,0.184455558,0.258259021,69296.13821,,,,,,,,
2024-06-09,0.18370008,0.257195332,69640.14231,,,,,,,,
2024-06-10,0.182833997,0.256220655,69511.50236,,,,,,,,
2024-06-11,0.182944278,0.255756005,67308.02491,,,,,,,,
2024-06-12,0.183050994,0.255310723,68250.98686,,,,,,,,
2024-06-13,0.182563419,0.254916171,66749.1001,,,,,,,,
2024-06-14,0.182417642,0.254388763,66010.58288,,,,,,,,
2024-06-15,0.181813077,0.253459056,66186.63843,,,,,,,,
2024-06-16,0.18141073,0.252774517,66632.60791,,,,,,,,
2024-06-17,0.1814557,0.252136042,66474.9598,,,,,,,,
2024-06-18,0.181771365,0.252075062,65148.80409,,,,,,,,
2024-06-19,0.181670831,0.251794873,64955.53473,,,,,,,,
2024-06-20,0.181546829,0.251676882,64834.24121,,,,,,,,
2024-06-21,0.181643476,0.251796357,64110.65651,,,,,,,,
2024-06-22,0.181033346,0.251244229,64245.91066,,,,,,,,
2024-06-23,0.180620686,0.251018387,63164.94484,,,,,,,,
2024-06-24,0.181003378,0.2516022,60259.37735,,,,,,,,
2024-06-25,0.181085112,0.251717051,61795.08532,,,,,,,,
2024-06-26,0.180774907,0.25075994,60837.54524,,,,,,,,
2024-06-27,0.180187978,0.248685369,61634.84595,,,,,,,,
2024-06-28,0.17936387,0.246890672,60321.9103,,,,,,,,
2024-06-29,0.178599888,0.245871739,60893.47682,,,,,,,,
2024-06-30,0.178393139,0.245527379,62686.32249,,,,,,,,
2024-07-01,0.178988837,0.245776015,62855.16625,,,,,,,,
2024-07-02,0.178561823,0.245122322,62042.9309,,,,,,,,
2024-07-03,0.176703882,0.241073005,60152.37486,,,,,,,,
2024-07-04,0.175494575,0.239586707,57028.03879,,,,,,,,
2024-07-05,0.175168484,0.239995614,56630.88362,,,,,,,,
2024-07-06,0.174843362,0.239847477,58243.65747,,,,,,,,
2024-07-07,0.175368407,0.241119495,55859.9534,,,,,,,,
2024-07-08,0.175535509,0.24188902,56711.43723,,,,,,,,
2024-07-09,0.175523475,0.24257586,58046.88213,,,,,,,,
2024-07-10,0.175288577,0.242736609,57724.10255,,,,,,,,
2024-07-11,0.17541519,0.243743398,57337.8883,,,,,,,,
2024-07-12,0.175299103,0.2438064,57905.99318,,,,,,,,
2024-07-13,0.173674808,0.240834206,59221.60562,,,,,,,,
2024-07-14,0.172661285,0.239788132,60813.40904,,,,,,,,
2024-07-15,0.171254166,0.239001673,64778.39245,,,,,,,,
2024-07-16,0.170338025,0.238631883,65069.94701,,,,,,,,
2024-07-17,0.168430024,0.235137544,64093.33593,,,,,,,,
2024-07-18,0.165870982,0.230998484,63973.74737,,,,,,,,
2024-07-19,0.163750387,0.228982533,66700.02453,,,,,,,,
2024-07-20,0.161443356,0.225557574,67163.07981,,,,,,,,
2024-07-21,0.160237014,0.223424672,68178.12907,,,,,,,,
2024-07-22,0.159045537,0.221353166,67567.49154,,,,,,,,
2024-07-23,0.15797292,0.220373124,65954.79753,,,,,,,,
2024-07-24,0.156713081,0.219694677,65385.9517,,,,,,,,
2024-07-25,0.155593533,0.218925445,65791.6806,,,,,,,,
2024-07-26,0.154606641,0.21888317,67904.85277,,,,,,,,
2024-07-27,0.154165339,0.219549319,67892.69426,,,,,,,,
2024-07-28,0.154155269,0.220809141,68253.25166,,,,,,,,
2024-07-29,0.154400468,0.221581871,66791.36596,,,,,,,,
2024-07-30,0.154159112,0.221983099,66171.26883,,,,,,,,
2024-07-31,0.152831299,0.22083381,64611.43735,,,,,,,,
2024-08-01,0.152342745,0.219761952,65303.7777,,,,,,,,
2024-08-02,0.152331903,0.220149538,61428.59641,,,,,,,,
2024-08-03,0.152004894,0.219392568,60667.32298,,,,,,,,
2024-08-04,0.152351463,0.221194994,58139.55676,,,,,,,,
2024-08-05,0.157076957,0.235290306,54007.87133,,,,,,,,
2024-08-06,0.159447992,0.240029505,56050.69563,,,,,,,,
2024-08-07,0.160911008,0.242369897,55143.98687,,,,,,,,
2024-08-08,0.162015729,0.245361984,61707.09862,,,,,,,,
2024-08-09,0.162785431,0.247698609,60861.94167,,,,,,,,
2024-08-10,0.163140719,0.249625137,60934.96842,,,,,,,,
2024-08-11,0.162399536,0.248159591,58726.0224,,,,,,,,
2024-08-12,0.161884673,0.251039964,59364.2046,,,,,,,,
2024-08-13,0.161640704,0.251903637,60610.68981,,,,,,,,
2024-08-14,0.160847136,0.252890214,58697.93292,,,,,,,,
2024-08-15,0.160322119,0.254178076,57564.1186,,,,,,,,
2024-08-16,0.160046012,0.255677645,58893.56375,,,,,,,,
2024-08-17,0.158596812,0.255396615,59501.04996,,,,,,,,
2024-08-18,0.158145433,0.256652238,58433.19401,,,,,,,,
2024-08-19,0.157940386,0.257674274,59462.28945,,,,,,,,
2024-08-20,0.157807645,0.259459936,59027.99175,,,,,,,,
2024-08-21,0.158277102,0.262122792,61170.86022,,,,,,,,
2024-08-22,0.15818014,0.263277605,60387.91708,,,,,,,,
2024-08-23,0.157909464,0.264236543,64090.22524,,,,,,,,
2024-08-24,0.157442509,0.265650195,64187.0147,,,,,,,,
2024-08-25,0.156661193,0.266180215,64267.5936,,,,,,,,
2024-08-26,0.156376196,0.268226312,62857.85957,,,,,,,,
2024-08-27,0.15606709,0.26996543,59435.22842,,,,,,,,
2024-08-28,0.155475795,0.270609836,59032.25856,,,,,,,,
2024-08-29,0.154295068,0.270219336,59377.74734,,,,,,,,
2024-08-30,0.153821436,0.271049959,59119.82423,,,,,,,,
2024-08-31,0.15321362,0.271496155,58967.11483,,,,,,,,
2024-09-01,0.153265446,0.273197712,57312.26299,,,,,,,,
2024-09-02,0.153630687,0.273606677,59132.74915,,,,,,,,
2024-09-03,0.153531325,0.274546151,57483.65702,,,,,,,,
2024-09-04,0.153673121,0.275597027,57971.41723,,,,,,,,
2024-09-05,0.153394145,0.276593355,56164.767,,,,,,,,
2024-09-06,0.153616944,0.278009285,53951.72601,,,,,,,,
2024-09-07,0.153456111,0.277682805,54155.88876,,,,,,,,
2024-09-08,0.153641849,0.278614012,54876.97481,,,,,,,,
2024-09-09,0.154050268,0.280114405,57057.978,,,,,,,,
2024-09-10,0.154071547,0.280207039,57641.99362,,,,,,,,
2024-09-11,0.154419685,0.281008857,57346.7013,,,,,,,,
2024-09-12,0.154716498,0.281269984,58129.68021,,,,,,,,
2024-09-13,0.154938085,0.281746601,60543.32552,,,,,,,,
2024-09-14,0.155092608,0.281657906,60008.91068,,,,,,,,
2024-09-15,0.155184137,0.281814509,59144.90981,,,,,,,,
2024-09-16,0.155451426,0.282248811,58210.29489,,,,,,,,
2024-09-17,0.155555015,0.283263192,60330.78189,,,,,,,,
2024-09-18,0.155685,0.285508759,61757.79644,,,,,,,,
2024-09-19,0.155290513,0.286538765,62967.83405,,,,,,,,
2024-09-20,0.154711965,0.287170023,63215.65124,,,,,,,,
2024-09-21,0.154132708,0.287370173,63360.73195,,,,,,,,
2024-09-22,0.154092983,0.288638536,63577.71638,,,,,,,,
2024-09-23,0.154487188,0.290520697,63336.42894,,,,,,,,
2024-09-24,0.154268056,0.291068691,64271.16477,,,,,,,,
2024-09-25,0.153601767,0.291210608,63139.98288,,,,,,,,
2024-09-26,0.153062142,0.291620185,65186.40963,,,,,,,,
2024-09-27,0.152606927,0.292029849,65790.71725,,,,,,,,
2024-09-28,0.152113641,0.292185742,65876.71347,,,,,,,,
2024-09-29,0.151932381,0.292799041,65626.1645,,,,,,,,
2024-09-30,0.152041532,0.293674848,63316.99152,,,,,,,,
2024-10-01,0.152144739,0.294612746,60815.60634,,,,,,,,
2024-10-02,0.152679028,0.296449207,60641.39355,,,,,,,,
2024-10-03,0.153312313,0.299602823,60752.19851,,,,,,,,
2024-10-04,0.153750025,0.301365304,62082.16064,,,,,,,,
2024-10-05,0.153673233,0.301994446,62062.71872,,,,,,,,
2024-10-06,0.154163177,0.303599283,62814.96894,,,,,,,,
2024-10-07,0.154885657,0.305323992,62216.3419,,,,,,,,
2024-10-08,0.155475141,0.307870373,62137.45677,,,,,,,,
2024-10-09,0.155202072,0.308577254,60596.36134,,,,,,,,
2024-10-10,0.154686168,0.3099883,60282.02451,,,,,,,,
2024-10-11,0.154219828,0.310826774,62515.47738,,,,,,,,
2024-10-12,0.153691734,0.312058595,63191.79103,,,,,,,,
2024-10-13,0.153835888,0.313669056,62855.22012,,,,,,,,
2024-10-14,0.154226499,0.315466234,66077.74391,,,,,,,,
2024-10-15,0.154283867,0.316405808,67067.17814,,,,,,,,
2024-10-16,0.153894651,0.317440971,67614.91656,,,,,,,,
2024-10-17,0.153650758,0.318010814,67409.52157,,,,,,,,
2024-10-18,0.1538888,0.319236701,68435.81502,,,,,,,,
,,,,,,,,,,,
,,,,,,,,,,,
,,,,,,,,,,,
,,,,,,,,,,,
,,,,,,,,,,,
,,,,,,,,,,,
,,,,,,,,,,,
,,,,,,,,,,,
,,,,,,,,,,,
,,,,,,,,,,,
,,,,,,,,,,,
,,,,,,,,,,,
,,,,,,,,,,,
,,,,,,,,,,,
,,,,,,,,,,,
,,,,,,,,,,,
,,,,,,,,,,,
,,,,,,,,,,,
,,,,,,,,,,,
,,,,,,,,,,,
,,,,,,,,,,,
,,,,,,,,,,,
,,,,,,,,,,,
,,,,,,,,,,,
,,,,,,,,,,,
,,,,,,,,,,,
,,,,,,,,,,,
,,,,,,,,,,,
,,,,,,,,,,,
,,,,,,,,,,,
,,,,,,,,,,,
,,,,,,,,,,,
,,,,,,,,,,,
,,,,,,,,,,,
,,,,,,,,,,,
,,,,,,,,,,,
,,,,,,,,,,,
,,,,,,,,,,,
,,,,,,,,,,,
,,,,,,,,,,,
,,,,,,,,,,,
,,,,,,,,,,,
,,,,,,,,,,,
,,,,,,,,,,,
,,,,,,,,,,,
,,,,,,,,,,,
,,,,,,,,,,,
,,,,,,,,,,,
,,,,,,,,,,,
,,,,,,,,,,,
,,,,,,,,,,,
,,,,,,,,,,,
,,,,,,,,,,,
,,,,,,,,,,,
,,,,,,,,,,,
,,,,,,,,,,,
,,,,,,,,,,,
,,,,,,,,,,,
,,,,,,,,,,,
,,,,,,,,,,,
,,,,,,,,,,,
,,,,,,,,,,,
,,,,,,,,,,,
,,,,,,,,,,,
,,,,,,,,,,,
,,,,,,,,,,,
,,,,,,,,,,,
,,,,,,,,,,,
,,,,,,,,,,,
,,,,,,,,,,,
,,,,,,,,,,,
,,,,,,,,,,,
,,,,,,,,,,,
,,,,,,,,,,,
,,,,,,,,,,,
,,,,,,,,,,,
,,,,,,,,,,,
,,,,,,,,,,,
,,,,,,,,,,,
,,,,,,,,,,,
,,,,,,,,,,,
,,,,,,,,,,,
,,,,,,,,,,,
,,,,,,,,,,,
,,,,,,,,,,,
,,,,,,,,,,,
,,,,,,,,,,,
,,,,,,,,,,,
,,,,,,,,,,,
,,,,,,,,,,,
,,,,,,,,,,,
,,,,,,,,,,,
,,,,,,,,,,,
,,,,,,,,,,,
,,,,,,,,,,,
,,,,,,,,,,,
,,,,,,,,,,,
,,,,,,,,,,,
,,,,,,,,,,,
,,,,,,,,,,,
,,,,,,,,,,,
,,,,,,,,,,,
,,,,,,,,,,,
,,,,,,,,,,,
,,,,,,,,,,,
,,,,,,,,,,,
,,,,,,,,,,,
,,,,,,,,,,,
,,,,,,,,,,,
,,,,,,,,,,,
,,,,,,,,,,,
,,,,,,,,,,,
,,,,,,,,,,,
,,,,,,,,,,,
,,,,,,,,,,,
,,,,,,,,,,,
,,,,,,,,,,,
,,,,,,,,,,,
,,,,,,,,,,,
,,,,,,,,,,,
,,,,,,,,,,,
,,,,,,,,,,,
,,,,,,,,,,,
,,,,,,,,,,,
,,,,,,,,,,,
,,,,,,,,,,,
,,,,,,,,,,,
,,,,,,,,,,,
,,,,,,,,,,,
,,,,,,,,,,,
,,,,,,,,,,,
,,,,,,,,,,,
,,,,,,,,,,,
,,,,,,,,,,,
,,,,,,,,,,,
,,,,,,,,,,,
,,,,,,,,,,,
,,,,,,,,,,,
,,,,,,,,,,,
,,,,,,,,,,,
,,,,,,,,,,,
,,,,,,,,,,,
,,,,,,,,,,,
,,,,,,,,,,,
,,,,,,,,,,,
,,,,,,,,,,,
,,,,,,,,,,,
,,,,,,,,,,,
,,,,,,,,,,,
,,,,,,,,,,,
,,,,,,,,,,,
,,,,,,,,,,,
,,,,,,,,,,,
,,,,,,,,,,,
,,,,,,,,,,,
,,,,,,,,,,,
,,,,,,,,,,,
,,,,,,,,,,,
,,,,,,,,,,,
,,,,,,,,,,,
,,,,,,,,,,,
,,,,,,,,,,,
,,,,,,,,,,,
,,,,,,,,,,,
,,,,,,,,,,,
,,,,,,,,,,,
,,,,,,,,,,,
,,,,,,,,,,,
,,,,,,,,,,,
,,,,,,,,,,,
,,,,,,,,,,,
,,,,,,,,,,,
,,,,,,,,,,,
,,,,,,,,,,,
,,,,,,,,,,,
,,,,,,,,,,,
,,,,,,,,,,,
,,,,,,,,,,,
,,,,,,,,,,,
,,,,,,,,,,,
,,,,,,,,,,,
,,,,,,,,,,,
,,,,,,,,,,,
,,,,,,,,,,,
,,,,,,,,,,,
,,,,,,,,,,,
,,,,,,,,,,,
,,,,,,,,,,,
,,,,,,,,,,,
,,,,,,,,,,,
,,,,,,,,,,,
,,,,,,,,,,,
,,,,,,,,,,,
,,,,,,,,,,,
,,,,,,,,,,,
,,,,,,,,,,,
,,,,,,,,,,,
,,,,,,,,,,,
,,,,,,,,,,,
,,,,,,,,,,,
,,,,,,,,,,,
,,,,,,,,,,,
,,,,,,,,,,,
,,,,,,,,,,,
,,,,,,,,,,,
,,,,,,,,,,,
,,,,,,,,,,,
,,,,,,,,,,,
,,,,,,,,,,,
,,,,,,,,,,,
,,,,,,,,,,,
,,,,,,,,,,,
,,,,,,,,,,,
,,,,,,,,,,,
,,,,,,,,,,,
,,,,,,,,,,,
,,,,,,,,,,,
,,,,,,,,,,,
,,,,,,,,,,,
,,,,,,,,,,,
,,,,,,,,,,,
,,,,,,,,,,,
,,,,,,,,,,,
,,,,,,,,,,,
,,,,,,,,,,,
,,,,,,,,,,,
,,,,,,,,,,,
,,,,,,,,,,,
,,,,,,,,,,,
,,,,,,,,,,,
,,,,,,,,,,,
,,,,,,,,,,,
,,,,,,,,,,,
,,,,,,,,,,,
,,,,,,,,,,,
,,,,,,,,,,,
,,,,,,,,,,,
,,,,,,,,,,,
,,,,,,,,,,,
,,,,,,,,,,,
,,,,,,,,,,,
,,,,,,,,,,,
,,,,,,,,,,,
,,,,,,,,,,,
,,,,,,,,,,,
,,,,,,,,,,,
,,,,,,,,,,,
,,,,,,,,,,,
,,,,,,,,,,,
,,,,,,,,,,,
,,,,,,,,,,,
,,,,,,,,,,,
,,,,,,,,,,,
,,,,,,,,,,,
,,,,,,,,,,,
,,,,,,,,,,,
,,,,,,,,,,,
,,,,,,,,,,,
,,,,,,,,,,,
,,,,,,,,,,,
,,,,,,,,,,,
,,,,,,,,,,,
,,,,,,,,,,,
,,,,,,,,,,,
,,,,,,,,,,,
,,,,,,,,,,,
,,,,,,,,,,,
,,,,,,,,,,,
,,,,,,,,,,,
,,,,,,,,,,,
,,,,,,,,,,,
,,,,,,,,,,,
,,,,,,,,,,,
,,,,,,,,,,,
,,,,,,,,,,,
,,,,,,,,,,,
,,,,,,,,,,,
,,,,,,,,,,,
,,,,,,,,,,,
,,,,,,,,,,,
,,,,,,,,,,,
,,,,,,,,,,,
,,,,,,,,,,,
,,,,,,,,,,,
,,,,,,,,,,,
,,,,,,,,,,,
,,,,,,,,,,,
,,,,,,,,,,,
,,,,,,,,,,,
,,,,,,,,,,,
,,,,,,,,,,,
,,,,,,,,,,,
,,,,,,,,,,,
,,,,,,,,,,,
,,,,,,,,,,,
,,,,,,,,,,,
,,,,,,,,,,,
,,,,,,,,,,,
,,,,,,,,,,,
,,,,,,,,,,,
,,,,,,,,,,,
,,,,,,,,,,,
,,,,,,,,,,,
,,,,,,,,,,,
,,,,,,,,,,,
,,,,,,,,,,,
,,,,,,,,,,,
,,,,,,,,,,,
,,,,,,,,,,,
,,,,,,,,,,,
,,,,,,,,,,,
,,,,,,,,,,,
,,,,,,,,,,,
,,,,,,,,,,,
,,,,,,,,,,,
,,,,,,,,,,,
,,,,,,,,,,,
,,,,,,,,,,,
,,,,,,,,,,,
,,,,,,,,,,,
,,,,,,,,,,,
,,,,,,,,,,,
,,,,,,,,,,,
,,,,,,,,,,,
,,,,,,,,,,,
,,,,,,,,,,,
,,,,,,,,,,,
,,,,,,,,,,,
,,,,,,,,,,,
,,,,,,,,,,,
,,,,,,,,,,,
,,,,,,,,,,,
,,,,,,,,,,,
,,,,,,,,,,,
,,,,,,,,,,,
,,,,,,,,,,,
,,,,,,,,,,,
,,,,,,,,,,,
,,,,,,,,,,,
,,,,,,,,,,,
,,,,,,,,,,,
,,,,,,,,,,,
,,,,,,,,,,,
,,,,,,,,,,,
,,,,,,,,,,,
,,,,,,,,,,,
,,,,,,,,,,,
,,,,,,,,,,,
,,,,,,,,,,,
,,,,,,,,,,,
,,,,,,,,,,,
,,,,,,,,,,,
,,,,,,,,,,,
,,,,,,,,,,,
,,,,,,,,,,,
,,,,,,,,,,,
,,,,,,,,,,,
,,,,,,,,,,,
,,,,,,,,,,,
,,,,,,,,,,,
,,,,,,,,,,,
,,,,,,,,,,,
,,,,,,,,,,,
,,,,,,,,,,,
,,,,,,,,,,,
,,,,,,,,,,,
,,,,,,,,,,,
,,,,,,,,,,,
,,,,,,,,,,,
,,,,,,,,,,,
,,,,,,,,,,,
,,,,,,,,,,,
,,,,,,,,,,,
,,,,,,,,,,,
,,,,,,,,,,,
,,,,,,,,,,,
,,,,,,,,,,,
,,,,,,,,,,,
,,,,,,,,,,,
,,,,,,,,,,,
,,,,,,,,,,,
,,,,,,,,,,,
,,,,,,,,,,,
,,,,,,,,,,,
,,,,,,,,,,,
,,,,,,,,,,,
,,,,,,,,,,,
,,,,,,,,,,,
,,,,,,,,,,,
,,,,,,,,,,,
,,,,,,,,,,,
,,,,,,,,,,,
,,,,,,,,,,,
,,,,,,,,,,,
,,,,,,,,,,,
,,,,,,,,,,,
,,,,,,,,,,,
,,,,,,,,,,,
,,,,,,,,,,,
,,,,,,,,,,,
,,,,,,,,,,,
,,,,,,,,,,,
,,,,,,,,,,,
,,,,,,,,,,,
,,,,,,,,,,,
,,,,,,,,,,,
,,,,,,,,,,,
,,,,,,,,,,,
,,,,,,,,,,,
,,,,,,,,,,,
,,,,,,,,,,,
,,,,,,,,,,,
,,,,,,,,,,,
,,,,,,,,,,,
,,,,,,,,,,,
,,,,,,,,,,,
,,,,,,,,,,,
,,,,,,,,,,,
,,,,,,,,,,,
,,,,,,,,,,,
,,,,,,,,,,,
,,,,,,,,,,,
,,,,,,,,,,,
,,,,,,,,,,,
,,,,,,,,,,,
,,,,,,,,,,,
,,,,,,,,,,,
,,,,,,,,,,,
,,,,,,,,,,,
,,,,,,,,,,,
,,,,,,,,,,,
,,,,,,,,,,,
,,,,,,,,,,,
,,,,,,,,,,,
,,,,,,,,,,,
,,,,,,,,,,,
,,,,,,,,,,,
,,,,,,,,,,,
,,,,,,,,,,,
,,,,,,,,,,,
,,,,,,,,,,,
,,,,,,,,,,,
,,,,,,,,,,,
,,,,,,,,,,,
,,,,,,,,,,,
,,,,,,,,,,,
,,,,,,,,,,,
,,,,,,,,,,,
,,,,,,,,,,,
,,,,,,,,,,,
,,,,,,,,,,,
