t,private_company,public_company,sum,,,,,,,,
2021-01-01,12,84726,84738,,,,,,,,
2021-01-02,12,84726,84738,,,,,,,,
2021-01-03,12,84726,84738,,,,,,,,
2021-01-04,12,84726,84738,,,,,,,,
2021-01-05,12,84726,84738,,,,,,,,
2021-01-06,12,84726,84738,,,,,,,,
2021-01-07,12,84726,84738,,,,,,,,
2021-01-08,12,84726,84738,,,,,,,,
2021-01-09,12,84726,84738,,,,,,,,
2021-01-10,12,84726,84738,,,,,,,,
2021-01-11,12,84726,84738,,,,,,,,
2021-01-12,12,84726,84738,,,,,,,,
2021-01-13,12,84726,84738,,,,,,,,
2021-01-14,12,84726,84738,,,,,,,,
2021-01-15,12,84726,84738,,,,,,,,
2021-01-16,12,84726,84738,,,,,,,,
2021-01-17,12,84726,84738,,,,,,,,
2021-01-18,12,84726,84738,,,,,,,,
2021-01-19,12,84726,84738,,,,,,,,
2021-01-20,12,84726,84738,,,,,,,,
2021-01-21,12,84726,84738,,,,,,,,
2021-01-22,12,85040,85052,,,,,,,,
2021-01-23,12,85040,85052,,,,,,,,
2021-01-24,12,85040,85052,,,,,,,,
2021-01-25,12,89853,89865,,,,,,,,
2021-01-26,12,89853,89865,,,,,,,,
2021-01-27,12,89853,89865,,,,,,,,
2021-01-28,12,89853,89865,,,,,,,,
2021-01-29,12,89853,89865,,,,,,,,
2021-01-30,12,89853,89865,,,,,,,,
2021-01-31,12,90079,90091,,,,,,,,
2021-02-01,25736,90079,115815,,,,,,,,
2021-02-02,25736,90374,116110,,,,,,,,
2021-02-03,25736,90374,116110,,,,,,,,
2021-02-04,25736,90374,116110,,,,,,,,
2021-02-05,25736,90374,116110,,,,,,,,
2021-02-06,25736,90374,116110,,,,,,,,
2021-02-07,25736,90374,116110,,,,,,,,
2021-02-08,25736,133574,159310,,,,,,,,
2021-02-09,25736,133574,159310,,,,,,,,
2021-02-10,25736,133574,159310,,,,,,,,
2021-02-11,25736,133574,159310,,,,,,,,
2021-02-12,25736,133574,159310,,,,,,,,
2021-02-13,25736,133574,159310,,,,,,,,
2021-02-14,25736,133574,159310,,,,,,,,
2021-02-15,25736,133574,159310,,,,,,,,
2021-02-16,25736,133574,159310,,,,,,,,
2021-02-17,25736,133574,159310,,,,,,,,
2021-02-18,25736,133574,159310,,,,,,,,
2021-02-19,25736,133574,159310,,,,,,,,
2021-02-20,25736,133574,159310,,,,,,,,
2021-02-21,25736,133574,159310,,,,,,,,
2021-02-22,25736,133574,159310,,,,,,,,
2021-02-23,25736,136892,162628,,,,,,,,
2021-02-24,25736,156344,182080,,,,,,,,
2021-02-25,25736,156344,182080,,,,,,,,
2021-02-26,25736,156344,182080,,,,,,,,
2021-02-27,25736,156344,182080,,,,,,,,
2021-02-28,25736,156478,182214,,,,,,,,
2021-03-01,25736,156806,182542,,,,,,,,
2021-03-02,25736,156806,182542,,,,,,,,
2021-03-03,25736,156806,182542,,,,,,,,
2021-03-04,25736,156806,182542,,,,,,,,
2021-03-05,25736,157011,182747,,,,,,,,
2021-03-06,25736,157011,182747,,,,,,,,
2021-03-07,25736,157011,182747,,,,,,,,
2021-03-08,25736,158181,183917,,,,,,,,
2021-03-09,25736,158181,183917,,,,,,,,
2021-03-10,25736,158181,183917,,,,,,,,
2021-03-11,25736,158181,183917,,,,,,,,
2021-03-12,25736,158443,184179,,,,,,,,
2021-03-13,25736,158443,184179,,,,,,,,
2021-03-14,25736,158443,184179,,,,,,,,
2021-03-15,25736,158571,184307,,,,,,,,
2021-03-16,25736,158571,184307,,,,,,,,
2021-03-17,25736,158571,184307,,,,,,,,
2021-03-18,25736,158571,184307,,,,,,,,
2021-03-19,25736,158571,184307,,,,,,,,
2021-03-20,25736,158571,184307,,,,,,,,
2021-03-21,25736,158571,184307,,,,,,,,
2021-03-22,25736,158571,184307,,,,,,,,
2021-03-23,25736,158571,184307,,,,,,,,
2021-03-24,25736,158571,184307,,,,,,,,
2021-03-25,25736,158571,184307,,,,,,,,
2021-03-26,25736,158571,184307,,,,,,,,
2021-03-27,25736,158571,184307,,,,,,,,
2021-03-28,25736,158571,184307,,,,,,,,
2021-03-29,25736,158571,184307,,,,,,,,
2021-03-30,25736,158571,184307,,,,,,,,
2021-03-31,25736,153905,179641,,,,,,,,
2021-04-01,25736,153905,179641,,,,,,,,
2021-04-02,25736,153905,179641,,,,,,,,
2021-04-03,25736,153905,179641,,,,,,,,
2021-04-04,25736,153905,179641,,,,,,,,
2021-04-05,25736,154158,179894,,,,,,,,
2021-04-06,25736,154158,179894,,,,,,,,
2021-04-07,25736,154158,179894,,,,,,,,
2021-04-08,25736,154158,179894,,,,,,,,
2021-04-09,25736,154158,179894,,,,,,,,
2021-04-10,25736,154158,179894,,,,,,,,
2021-04-11,25736,154158,179894,,,,,,,,
2021-04-12,25736,154158,179894,,,,,,,,
2021-04-13,25736,154158,179894,,,,,,,,
2021-04-14,25736,154158,179894,,,,,,,,
2021-04-15,25736,154158,179894,,,,,,,,
2021-04-16,25736,154158,179894,,,,,,,,
2021-04-17,25736,154158,179894,,,,,,,,
2021-04-18,25736,154158,179894,,,,,,,,
2021-04-19,25736,154158,179894,,,,,,,,
2021-04-20,25736,154158,179894,,,,,,,,
2021-04-21,25736,154158,179894,,,,,,,,
2021-04-22,25736,154158,179894,,,,,,,,
2021-04-23,25736,154158,179894,,,,,,,,
2021-04-24,25736,154158,179894,,,,,,,,
2021-04-25,25736,154158,179894,,,,,,,,
2021-04-26,25736,154158,179894,,,,,,,,
2021-04-27,25736,154158,179894,,,,,,,,
2021-04-28,25736,155875,181611,,,,,,,,
2021-04-29,25736,155875,181611,,,,,,,,
2021-04-30,25736,155875,181611,,,,,,,,
2021-05-01,25736,155875,181611,,,,,,,,
2021-05-02,25736,155875,181611,,,,,,,,
2021-05-03,25736,155875,181611,,,,,,,,
2021-05-04,25736,155875,181611,,,,,,,,
2021-05-05,25736,156288,182024,,,,,,,,
2021-05-06,25736,156545,182281,,,,,,,,
2021-05-07,25736,156545,182281,,,,,,,,
2021-05-08,25736,156545,182281,,,,,,,,
2021-05-09,25736,156545,182281,,,,,,,,
2021-05-10,25736,156545,182281,,,,,,,,
2021-05-11,25736,156545,182281,,,,,,,,
2021-05-12,25736,156545,182281,,,,,,,,
2021-05-13,25736,156816,182552,,,,,,,,
2021-05-14,25736,156816,182552,,,,,,,,
2021-05-15,25736,156816,182552,,,,,,,,
2021-05-16,25736,156816,182552,,,,,,,,
2021-05-17,25736,156816,182552,,,,,,,,
2021-05-18,25736,157045,182781,,,,,,,,
2021-05-19,25736,157045,182781,,,,,,,,
2021-05-20,25736,157045,182781,,,,,,,,
2021-05-21,25736,157045,182781,,,,,,,,
2021-05-22,25736,157045,182781,,,,,,,,
2021-05-23,25736,157045,182781,,,,,,,,
2021-05-24,25736,157045,182781,,,,,,,,
2021-05-25,25736,157045,182781,,,,,,,,
2021-05-26,25736,157045,182781,,,,,,,,
2021-05-27,25736,157045,182781,,,,,,,,
2021-05-28,25736,157045,182781,,,,,,,,
2021-05-29,25736,157045,182781,,,,,,,,
2021-05-30,25736,157045,182781,,,,,,,,
2021-05-31,25736,157045,182781,,,,,,,,
2021-06-01,25736,157045,182781,,,,,,,,
2021-06-02,25736,157045,182781,,,,,,,,
2021-06-03,25736,157045,182781,,,,,,,,
2021-06-04,25736,157045,182781,,,,,,,,
2021-06-05,25736,157045,182781,,,,,,,,
2021-06-06,25736,157045,182781,,,,,,,,
2021-06-07,25736,157045,182781,,,,,,,,
2021-06-08,25736,157045,182781,,,,,,,,
2021-06-09,25736,157045,182781,,,,,,,,
2021-06-10,25736,157045,182781,,,,,,,,
2021-06-11,25736,157045,182781,,,,,,,,
2021-06-12,25736,157045,182781,,,,,,,,
2021-06-13,25736,157045,182781,,,,,,,,
2021-06-14,25736,157045,182781,,,,,,,,
2021-06-15,25736,157045,182781,,,,,,,,
2021-06-16,25736,157045,182781,,,,,,,,
2021-06-17,25736,157045,182781,,,,,,,,
2021-06-18,25736,157045,182781,,,,,,,,
2021-06-19,25736,157045,182781,,,,,,,,
2021-06-20,25736,157045,182781,,,,,,,,
2021-06-21,25736,170050,195786,,,,,,,,
2021-06-22,25736,170050,195786,,,,,,,,
2021-06-23,25736,170050,195786,,,,,,,,
2021-06-24,25736,170050,195786,,,,,,,,
2021-06-25,25736,170050,195786,,,,,,,,
2021-06-26,25736,170050,195786,,,,,,,,
2021-06-27,25736,170050,195786,,,,,,,,
2021-06-28,25736,170050,195786,,,,,,,,
2021-06-29,25736,170050,195786,,,,,,,,
2021-06-30,25736,172070,197806,,,,,,,,
2021-07-01,25736,172070,197806,,,,,,,,
2021-07-02,25736,172070,197806,,,,,,,,
2021-07-03,25736,172070,197806,,,,,,,,
2021-07-04,25736,172070,197806,,,,,,,,
2021-07-05,25736,172070,197806,,,,,,,,
2021-07-06,25736,172070,197806,,,,,,,,
2021-07-07,25736,172070,197806,,,,,,,,
2021-07-08,25736,172070,197806,,,,,,,,
2021-07-09,25736,172070,197806,,,,,,,,
2021-07-10,25736,172070,197806,,,,,,,,
2021-07-11,25736,172070,197806,,,,,,,,
2021-07-12,25736,172070,197806,,,,,,,,
2021-07-13,25736,172070,197806,,,,,,,,
2021-07-14,25736,172070,197806,,,,,,,,
2021-07-15,25736,172070,197806,,,,,,,,
2021-07-16,25736,172070,197806,,,,,,,,
2021-07-17,25736,172070,197806,,,,,,,,
2021-07-18,25736,172070,197806,,,,,,,,
2021-07-19,25736,172070,197806,,,,,,,,
2021-07-20,25736,172070,197806,,,,,,,,
2021-07-21,25736,172070,197806,,,,,,,,
2021-07-22,25736,172070,197806,,,,,,,,
2021-07-23,25736,172070,197806,,,,,,,,
2021-07-24,25736,172070,197806,,,,,,,,
2021-07-25,25736,172070,197806,,,,,,,,
2021-07-26,25736,172070,197806,,,,,,,,
2021-07-27,25736,172070,197806,,,,,,,,
2021-07-28,25736,172070,197806,,,,,,,,
2021-07-29,25736,172070,197806,,,,,,,,
2021-07-30,25736,172070,197806,,,,,,,,
2021-07-31,25736,172070,197806,,,,,,,,
2021-08-01,25736,172070,197806,,,,,,,,
2021-08-02,25736,172070,197806,,,,,,,,
2021-08-03,25736,172070,197806,,,,,,,,
2021-08-04,25736,172070,197806,,,,,,,,
2021-08-05,25736,172070,197806,,,,,,,,
2021-08-06,25736,172070,197806,,,,,,,,
2021-08-07,25736,172070,197806,,,,,,,,
2021-08-08,25736,172070,197806,,,,,,,,
2021-08-09,25736,172070,197806,,,,,,,,
2021-08-10,25736,172070,197806,,,,,,,,
2021-08-11,25736,172070,197806,,,,,,,,
2021-08-12,25736,172486,198222,,,,,,,,
2021-08-13,25736,172486,198222,,,,,,,,
2021-08-14,25736,172486,198222,,,,,,,,
2021-08-15,25736,172486,198222,,,,,,,,
2021-08-16,25736,172486,198222,,,,,,,,
2021-08-17,25736,172486,198222,,,,,,,,
2021-08-18,25736,172486,198222,,,,,,,,
2021-08-19,25736,172486,198222,,,,,,,,
2021-08-20,25736,172486,198222,,,,,,,,
2021-08-21,25736,172486,198222,,,,,,,,
2021-08-22,25736,172486,198222,,,,,,,,
2021-08-23,25736,176393,202129,,,,,,,,
2021-08-24,25736,176393,202129,,,,,,,,
2021-08-25,25736,176393,202129,,,,,,,,
2021-08-26,25736,176393,202129,,,,,,,,
2021-08-27,25736,176393,202129,,,,,,,,
2021-08-28,25736,176393,202129,,,,,,,,
2021-08-29,25736,176393,202129,,,,,,,,
2021-08-30,25736,176393,202129,,,,,,,,
2021-08-31,25736,176393,202129,,,,,,,,
2021-09-01,25736,176393,202129,,,,,,,,
2021-09-02,25736,176393,202129,,,,,,,,
2021-09-03,25736,176393,202129,,,,,,,,
2021-09-04,25736,176393,202129,,,,,,,,
2021-09-05,25736,176393,202129,,,,,,,,
2021-09-06,25736,176393,202129,,,,,,,,
2021-09-07,25736,176393,202129,,,,,,,,
2021-09-08,25736,176393,202129,,,,,,,,
2021-09-09,25736,176393,202129,,,,,,,,
2021-09-10,25736,176393,202129,,,,,,,,
2021-09-11,25736,176393,202129,,,,,,,,
2021-09-12,25736,181443,207179,,,,,,,,
2021-09-13,25736,181443,207179,,,,,,,,
2021-09-14,25736,181443,207179,,,,,,,,
2021-09-15,25736,181443,207179,,,,,,,,
2021-09-16,25736,181443,207179,,,,,,,,
2021-09-17,25736,181443,207179,,,,,,,,
2021-09-18,25736,181443,207179,,,,,,,,
2021-09-19,25736,181443,207179,,,,,,,,
2021-09-20,25736,181443,207179,,,,,,,,
2021-09-21,25736,181443,207179,,,,,,,,
2021-09-22,25736,181443,207179,,,,,,,,
2021-09-23,25736,181443,207179,,,,,,,,
2021-09-24,25736,181443,207179,,,,,,,,
2021-09-25,25736,181443,207179,,,,,,,,
2021-09-26,25736,181443,207179,,,,,,,,
2021-09-27,25736,181443,207179,,,,,,,,
2021-09-28,25736,181443,207179,,,,,,,,
2021-09-29,25736,181443,207179,,,,,,,,
2021-09-30,25736,183360,209096,,,,,,,,
2021-10-01,25736,183360,209096,,,,,,,,
2021-10-02,25736,183360,209096,,,,,,,,
2021-10-03,25736,183360,209096,,,,,,,,
2021-10-04,25736,183360,209096,,,,,,,,
2021-10-05,25736,183360,209096,,,,,,,,
2021-10-06,25736,183360,209096,,,,,,,,
2021-10-07,25736,183360,209096,,,,,,,,
2021-10-08,25736,183360,209096,,,,,,,,
2021-10-09,25736,183360,209096,,,,,,,,
2021-10-10,25736,183360,209096,,,,,,,,
2021-10-11,25736,183360,209096,,,,,,,,
2021-10-12,25736,183360,209096,,,,,,,,
2021-10-13,25736,183360,209096,,,,,,,,
2021-10-14,25736,183360,209096,,,,,,,,
2021-10-15,25736,183360,209096,,,,,,,,
2021-10-16,25736,183360,209096,,,,,,,,
2021-10-17,25736,183360,209096,,,,,,,,
2021-10-18,25736,183360,209096,,,,,,,,
2021-10-19,25736,183360,209096,,,,,,,,
2021-10-20,25736,183360,209096,,,,,,,,
2021-10-21,25736,183360,209096,,,,,,,,
2021-10-22,25736,183360,209096,,,,,,,,
2021-10-23,25736,183360,209096,,,,,,,,
2021-10-24,25736,183360,209096,,,,,,,,
2021-10-25,25736,183360,209096,,,,,,,,
2021-10-26,25736,183360,209096,,,,,,,,
2021-10-27,25736,183360,209096,,,,,,,,
2021-10-28,25736,183360,209096,,,,,,,,
2021-10-29,25736,183360,209096,,,,,,,,
2021-10-30,25736,183360,209096,,,,,,,,
2021-10-31,25736,183360,209096,,,,,,,,
2021-11-01,25736,183360,209096,,,,,,,,
2021-11-02,25736,183360,209096,,,,,,,,
2021-11-03,25736,183360,209096,,,,,,,,
2021-11-04,25736,183360,209096,,,,,,,,
2021-11-05,25736,183360,209096,,,,,,,,
2021-11-06,25736,183360,209096,,,,,,,,
2021-11-07,25736,183360,209096,,,,,,,,
2021-11-08,25736,183360,209096,,,,,,,,
2021-11-09,25736,183360,209096,,,,,,,,
2021-11-10,25736,183360,209096,,,,,,,,
2021-11-11,25736,183360,209096,,,,,,,,
2021-11-12,25736,183360,209096,,,,,,,,
2021-11-13,25736,183360,209096,,,,,,,,
2021-11-14,25736,183360,209096,,,,,,,,
2021-11-15,25736,183360,209096,,,,,,,,
2021-11-16,25736,183360,209096,,,,,,,,
2021-11-17,25736,183360,209096,,,,,,,,
2021-11-18,25736,183360,209096,,,,,,,,
2021-11-19,25736,183360,209096,,,,,,,,
2021-11-20,25736,183360,209096,,,,,,,,
2021-11-21,25736,183360,209096,,,,,,,,
2021-11-22,25736,183360,209096,,,,,,,,
2021-11-23,25736,183360,209096,,,,,,,,
2021-11-24,25736,183360,209096,,,,,,,,
2021-11-25,25736,183360,209096,,,,,,,,
2021-11-26,25736,183360,209096,,,,,,,,
2021-11-27,25736,183360,209096,,,,,,,,
2021-11-28,25736,183360,209096,,,,,,,,
2021-11-29,25736,190362,216098,,,,,,,,
2021-11-30,25736,190875,216611,,,,,,,,
2021-12-01,25736,190875,216611,,,,,,,,
2021-12-02,25736,190875,216611,,,,,,,,
2021-12-03,25736,190875,216611,,,,,,,,
2021-12-04,25736,190875,216611,,,,,,,,
2021-12-05,25736,190875,216611,,,,,,,,
2021-12-06,25736,190875,216611,,,,,,,,
2021-12-07,25736,190875,216611,,,,,,,,
2021-12-08,25736,190875,216611,,,,,,,,
2021-12-09,25736,192309,218045,,,,,,,,
2021-12-10,25736,192309,218045,,,,,,,,
2021-12-11,25736,192309,218045,,,,,,,,
2021-12-12,25736,192309,218045,,,,,,,,
2021-12-13,25736,192309,218045,,,,,,,,
2021-12-14,25736,192309,218045,,,,,,,,
2021-12-15,25736,192309,218045,,,,,,,,
2021-12-16,25736,192309,218045,,,,,,,,
2021-12-17,25736,192309,218045,,,,,,,,
2021-12-18,25736,192309,218045,,,,,,,,
2021-12-19,25736,192309,218045,,,,,,,,
2021-12-20,25736,192309,218045,,,,,,,,
2021-12-21,25736,192309,218045,,,,,,,,
2021-12-22,25736,192309,218045,,,,,,,,
2021-12-23,25736,192309,218045,,,,,,,,
2021-12-24,25736,192309,218045,,,,,,,,
2021-12-25,25736,192309,218045,,,,,,,,
2021-12-26,25736,192309,218045,,,,,,,,
2021-12-27,25736,192309,218045,,,,,,,,
2021-12-28,25736,192309,218045,,,,,,,,
2021-12-29,25736,192309,218045,,,,,,,,
2021-12-30,25736,194223,219959,,,,,,,,
2021-12-31,25737,215439,241176,,,,,,,,
2022-01-01,25737,215439,241176,,,,,,,,
2022-01-02,25737,215439,241176,,,,,,,,
2022-01-03,25737,215439,241176,,,,,,,,
2022-01-04,25737,215439,241176,,,,,,,,
2022-01-05,25737,215439,241176,,,,,,,,
2022-01-06,25737,215439,241176,,,,,,,,
2022-01-07,25737,215439,241176,,,,,,,,
2022-01-08,25737,215439,241176,,,,,,,,
2022-01-09,25737,215439,241176,,,,,,,,
2022-01-10,25737,215439,241176,,,,,,,,
2022-01-11,25737,215439,241176,,,,,,,,
2022-01-12,25737,215439,241176,,,,,,,,
2022-01-13,25737,215439,241176,,,,,,,,
2022-01-14,25737,215439,241176,,,,,,,,
2022-01-15,25737,215439,241176,,,,,,,,
2022-01-16,25737,215439,241176,,,,,,,,
2022-01-17,25737,215439,241176,,,,,,,,
2022-01-18,25737,215439,241176,,,,,,,,
2022-01-19,25737,215439,241176,,,,,,,,
2022-01-20,25737,215439,241176,,,,,,,,
2022-01-21,25737,215439,241176,,,,,,,,
2022-01-22,25737,215439,241176,,,,,,,,
2022-01-23,25737,215439,241176,,,,,,,,
2022-01-24,25737,215439,241176,,,,,,,,
2022-01-25,25737,215439,241176,,,,,,,,
2022-01-26,25737,215439,241176,,,,,,,,
2022-01-27,25737,215439,241176,,,,,,,,
2022-01-28,25737,215439,241176,,,,,,,,
2022-01-29,25737,215439,241176,,,,,,,,
2022-01-30,25737,215439,241176,,,,,,,,
2022-01-31,25737,217172,242909,,,,,,,,
2022-02-01,25737,217172,242909,,,,,,,,
2022-02-02,25737,217172,242909,,,,,,,,
2022-02-03,25737,217172,242909,,,,,,,,
2022-02-04,25737,217172,242909,,,,,,,,
2022-02-05,25737,217172,242909,,,,,,,,
2022-02-06,25737,217172,242909,,,,,,,,
2022-02-07,25737,217172,242909,,,,,,,,
2022-02-08,25737,217172,242909,,,,,,,,
2022-02-09,25737,217172,242909,,,,,,,,
2022-02-10,25737,217172,242909,,,,,,,,
2022-02-11,25738,217172,242910,,,,,,,,
2022-02-12,25738,217172,242910,,,,,,,,
2022-02-13,25738,217172,242910,,,,,,,,
2022-02-14,25738,217172,242910,,,,,,,,
2022-02-15,25738,217172,242910,,,,,,,,
2022-02-16,25738,217172,242910,,,,,,,,
2022-02-17,25738,217172,242910,,,,,,,,
2022-02-18,25738,217172,242910,,,,,,,,
2022-02-19,25738,217172,242910,,,,,,,,
2022-02-20,25738,217172,242910,,,,,,,,
2022-02-21,25738,217172,242910,,,,,,,,
2022-02-22,25738,217172,242910,,,,,,,,
2022-02-23,25738,217172,242910,,,,,,,,
2022-02-24,25738,217172,242910,,,,,,,,
2022-02-25,25738,217172,242910,,,,,,,,
2022-02-26,25738,217172,242910,,,,,,,,
2022-02-27,25738,217172,242910,,,,,,,,
2022-02-28,25738,218977,244715,,,,,,,,
2022-03-01,25738,218977,244715,,,,,,,,
2022-03-02,25738,218977,244715,,,,,,,,
2022-03-03,25738,218977,244715,,,,,,,,
2022-03-04,25738,218977,244715,,,,,,,,
2022-03-05,25738,218977,244715,,,,,,,,
2022-03-06,25738,218977,244715,,,,,,,,
2022-03-07,25738,218977,244715,,,,,,,,
2022-03-08,25738,218977,244715,,,,,,,,
2022-03-09,25738,218977,244715,,,,,,,,
2022-03-10,25738,218977,244715,,,,,,,,
2022-03-11,25738,218977,244715,,,,,,,,
2022-03-12,25738,218977,244715,,,,,,,,
2022-03-13,25738,218977,244715,,,,,,,,
2022-03-14,25738,218977,244715,,,,,,,,
2022-03-15,25738,218977,244715,,,,,,,,
2022-03-16,25738,218977,244715,,,,,,,,
2022-03-17,25738,218977,244715,,,,,,,,
2022-03-18,25738,218977,244715,,,,,,,,
2022-03-19,25738,218977,244715,,,,,,,,
2022-03-20,25738,218977,244715,,,,,,,,
2022-03-21,25738,218977,244715,,,,,,,,
2022-03-22,25738,218977,244715,,,,,,,,
2022-03-23,25738,218977,244715,,,,,,,,
2022-03-24,25738,218977,244715,,,,,,,,
2022-03-25,25738,218977,244715,,,,,,,,
2022-03-26,25738,218977,244715,,,,,,,,
2022-03-27,25738,218977,244715,,,,,,,,
2022-03-28,25738,218977,244715,,,,,,,,
2022-03-29,25738,218977,244715,,,,,,,,
2022-03-30,25738,218977,244715,,,,,,,,
2022-03-31,25738,223767,249505,,,,,,,,
2022-04-01,25738,223767,249505,,,,,,,,
2022-04-02,25738,223767,249505,,,,,,,,
2022-04-03,25738,223767,249505,,,,,,,,
2022-04-04,25738,227934,253672,,,,,,,,
2022-04-05,25738,227934,253672,,,,,,,,
2022-04-06,25738,227934,253672,,,,,,,,
2022-04-07,25738,227934,253672,,,,,,,,
2022-04-08,25738,227934,253672,,,,,,,,
2022-04-09,25738,227934,253672,,,,,,,,
2022-04-10,25738,227934,253672,,,,,,,,
2022-04-11,25738,227934,253672,,,,,,,,
2022-04-12,25738,227934,253672,,,,,,,,
2022-04-13,25738,227934,253672,,,,,,,,
2022-04-14,25738,227934,253672,,,,,,,,
2022-04-15,25738,227934,253672,,,,,,,,
2022-04-16,25738,227934,253672,,,,,,,,
2022-04-17,25738,227934,253672,,,,,,,,
2022-04-18,25738,227934,253672,,,,,,,,
2022-04-19,25738,227934,253672,,,,,,,,
2022-04-20,25738,227934,253672,,,,,,,,
2022-04-21,25738,227934,253672,,,,,,,,
2022-04-22,25738,227934,253672,,,,,,,,
2022-04-23,25738,227934,253672,,,,,,,,
2022-04-24,25738,227934,253672,,,,,,,,
2022-04-25,25738,227934,253672,,,,,,,,
2022-04-26,25738,227934,253672,,,,,,,,
2022-04-27,25738,227934,253672,,,,,,,,
2022-04-28,25738,227934,253672,,,,,,,,
2022-04-29,25738,227934,253672,,,,,,,,
2022-04-30,25738,229055,254793,,,,,,,,
2022-05-01,25738,229055,254793,,,,,,,,
2022-05-02,25738,229055,254793,,,,,,,,
2022-05-03,25738,229055,254793,,,,,,,,
2022-05-04,25738,229055,254793,,,,,,,,
2022-05-05,25738,229055,254793,,,,,,,,
2022-05-06,25738,229055,254793,,,,,,,,
2022-05-07,25738,229055,254793,,,,,,,,
2022-05-08,25738,229055,254793,,,,,,,,
2022-05-09,25738,229055,254793,,,,,,,,
2022-05-10,25738,229055,254793,,,,,,,,
2022-05-11,25738,229055,254793,,,,,,,,
2022-05-12,25738,229055,254793,,,,,,,,
2022-05-13,25738,229055,254793,,,,,,,,
2022-05-14,25738,229055,254793,,,,,,,,
2022-05-15,25738,229055,254793,,,,,,,,
2022-05-16,25738,229055,254793,,,,,,,,
2022-05-17,25738,229055,254793,,,,,,,,
2022-05-18,25738,229055,254793,,,,,,,,
2022-05-19,25738,229055,254793,,,,,,,,
2022-05-20,25738,229055,254793,,,,,,,,
2022-05-21,25738,229055,254793,,,,,,,,
2022-05-22,25738,229055,254793,,,,,,,,
2022-05-23,25738,229055,254793,,,,,,,,
2022-05-24,25738,229055,254793,,,,,,,,
2022-05-25,25738,229055,254793,,,,,,,,
2022-05-26,25738,229055,254793,,,,,,,,
2022-05-27,25738,229055,254793,,,,,,,,
2022-05-28,25738,229055,254793,,,,,,,,
2022-05-29,25738,229055,254793,,,,,,,,
2022-05-30,25738,229055,254793,,,,,,,,
2022-05-31,25738,229673,255411,,,,,,,,
2022-06-01,25738,229673,255411,,,,,,,,
2022-06-02,25738,229673,255411,,,,,,,,
2022-06-03,25738,229673,255411,,,,,,,,
2022-06-04,25738,229673,255411,,,,,,,,
2022-06-05,25738,229673,255411,,,,,,,,
2022-06-06,25738,229673,255411,,,,,,,,
2022-06-07,25738,229673,255411,,,,,,,,
2022-06-08,25738,229673,255411,,,,,,,,
2022-06-09,25738,229673,255411,,,,,,,,
2022-06-10,25738,229673,255411,,,,,,,,
2022-06-11,25738,229673,255411,,,,,,,,
2022-06-12,25738,229673,255411,,,,,,,,
2022-06-13,25738,229673,255411,,,,,,,,
2022-06-14,25738,229673,255411,,,,,,,,
2022-06-15,25738,229673,255411,,,,,,,,
2022-06-16,25738,229673,255411,,,,,,,,
2022-06-17,25738,229673,255411,,,,,,,,
2022-06-18,25738,229673,255411,,,,,,,,
2022-06-19,25738,229673,255411,,,,,,,,
2022-06-20,25738,229673,255411,,,,,,,,
2022-06-21,25738,229673,255411,,,,,,,,
2022-06-22,25738,229673,255411,,,,,,,,
2022-06-23,25738,229673,255411,,,,,,,,
2022-06-24,25738,229673,255411,,,,,,,,
2022-06-25,25738,229673,255411,,,,,,,,
2022-06-26,25738,229673,255411,,,,,,,,
2022-06-27,25738,229673,255411,,,,,,,,
2022-06-28,25738,229673,255411,,,,,,,,
2022-06-29,25738,230154,255892,,,,,,,,
2022-06-30,25738,194194,219932,,,,,,,,
2022-07-01,25738,194194,219932,,,,,,,,
2022-07-02,25738,194194,219932,,,,,,,,
2022-07-03,25738,194194,219932,,,,,,,,
2022-07-04,25738,194194,219932,,,,,,,,
2022-07-05,25738,194194,219932,,,,,,,,
2022-07-06,25738,194194,219932,,,,,,,,
2022-07-07,25738,194194,219932,,,,,,,,
2022-07-08,25738,194194,219932,,,,,,,,
2022-07-09,25738,194194,219932,,,,,,,,
2022-07-10,25738,194194,219932,,,,,,,,
2022-07-11,25738,194194,219932,,,,,,,,
2022-07-12,25738,194194,219932,,,,,,,,
2022-07-13,25738,194194,219932,,,,,,,,
2022-07-14,25738,194194,219932,,,,,,,,
2022-07-15,25738,194194,219932,,,,,,,,
2022-07-16,25738,194194,219932,,,,,,,,
2022-07-17,25738,194194,219932,,,,,,,,
2022-07-18,25738,194194,219932,,,,,,,,
2022-07-19,25738,194194,219932,,,,,,,,
2022-07-20,25738,194194,219932,,,,,,,,
2022-07-21,25738,194194,219932,,,,,,,,
2022-07-22,25738,194194,219932,,,,,,,,
2022-07-23,25738,194194,219932,,,,,,,,
2022-07-24,25738,194194,219932,,,,,,,,
2022-07-25,25738,194194,219932,,,,,,,,
2022-07-26,25738,194194,219932,,,,,,,,
2022-07-27,25738,194194,219932,,,,,,,,
2022-07-28,25738,194194,219932,,,,,,,,
2022-07-29,25738,194194,219932,,,,,,,,
2022-07-30,25738,194194,219932,,,,,,,,
2022-07-31,25738,193440,219178,,,,,,,,
2022-08-01,25738,193440,219178,,,,,,,,
2022-08-02,25738,193440,219178,,,,,,,,
2022-08-03,25738,193440,219178,,,,,,,,
2022-08-04,25738,193440,219178,,,,,,,,
2022-08-05,25738,193440,219178,,,,,,,,
2022-08-06,25738,193440,219178,,,,,,,,
2022-08-07,25738,193440,219178,,,,,,,,
2022-08-08,25738,193440,219178,,,,,,,,
2022-08-09,25738,193440,219178,,,,,,,,
2022-08-10,25738,193440,219178,,,,,,,,
2022-08-11,25738,193440,219178,,,,,,,,
2022-08-12,25738,193440,219178,,,,,,,,
2022-08-13,25738,193440,219178,,,,,,,,
2022-08-14,25738,193440,219178,,,,,,,,
2022-08-15,25738,193440,219178,,,,,,,,
2022-08-16,25738,193440,219178,,,,,,,,
2022-08-17,25738,193440,219178,,,,,,,,
2022-08-18,25738,193440,219178,,,,,,,,
2022-08-19,25738,193440,219178,,,,,,,,
2022-08-20,25738,193440,219178,,,,,,,,
2022-08-21,25738,193440,219178,,,,,,,,
2022-08-22,25738,193440,219178,,,,,,,,
2022-08-23,25738,193440,219178,,,,,,,,
2022-08-24,25738,193440,219178,,,,,,,,
2022-08-25,25738,193440,219178,,,,,,,,
2022-08-26,25738,193440,219178,,,,,,,,
2022-08-27,25738,193440,219178,,,,,,,,
2022-08-28,25738,193440,219178,,,,,,,,
2022-08-29,25738,193440,219178,,,,,,,,
2022-08-30,25738,193440,219178,,,,,,,,
2022-08-31,25738,193703,219441,,,,,,,,
2022-09-01,25738,193703,219441,,,,,,,,
2022-09-02,25738,193703,219441,,,,,,,,
2022-09-03,25738,193703,219441,,,,,,,,
2022-09-04,25738,193703,219441,,,,,,,,
2022-09-05,25738,193703,219441,,,,,,,,
2022-09-06,25738,193703,219441,,,,,,,,
2022-09-07,25738,193703,219441,,,,,,,,
2022-09-08,25738,193703,219441,,,,,,,,
2022-09-09,25738,193703,219441,,,,,,,,
2022-09-10,25738,193703,219441,,,,,,,,
2022-09-11,25738,193703,219441,,,,,,,,
2022-09-12,25738,193703,219441,,,,,,,,
2022-09-13,25738,193703,219441,,,,,,,,
2022-09-14,25738,193703,219441,,,,,,,,
2022-09-15,367121,201054,568175,,,,,,,,
2022-09-16,367121,201054,568175,,,,,,,,
2022-09-17,367121,201054,568175,,,,,,,,
2022-09-18,367121,201054,568175,,,,,,,,
2022-09-19,367121,201054,568175,,,,,,,,
2022-09-20,367121,201355,568476,,,,,,,,
2022-09-21,367121,201355,568476,,,,,,,,
2022-09-22,367121,201355,568476,,,,,,,,
2022-09-23,367121,201355,568476,,,,,,,,
2022-09-24,367121,201355,568476,,,,,,,,
2022-09-25,367121,201355,568476,,,,,,,,
2022-09-26,367121,201355,568476,,,,,,,,
2022-09-27,367121,201355,568476,,,,,,,,
2022-09-28,367121,201355,568476,,,,,,,,
2022-09-29,367121,201355,568476,,,,,,,,
2022-09-30,367121,202193,569314,,,,,,,,
2022-10-01,401102,202193,603295,,,,,,,,
2022-10-02,401102,202193,603295,,,,,,,,
2022-10-03,401102,202193,603295,,,,,,,,
2022-10-04,401102,202193,603295,,,,,,,,
2022-10-05,401102,202193,603295,,,,,,,,
2022-10-06,401102,202193,603295,,,,,,,,
2022-10-07,401102,202193,603295,,,,,,,,
2022-10-08,401102,202193,603295,,,,,,,,
2022-10-09,401102,202193,603295,,,,,,,,
2022-10-10,401102,202193,603295,,,,,,,,
2022-10-11,401102,202193,603295,,,,,,,,
2022-10-12,401102,202193,603295,,,,,,,,
2022-10-13,401102,202193,603295,,,,,,,,
2022-10-14,401102,202193,603295,,,,,,,,
2022-10-15,401102,202193,603295,,,,,,,,
2022-10-16,401102,202193,603295,,,,,,,,
2022-10-17,401102,202193,603295,,,,,,,,
2022-10-18,401102,202193,603295,,,,,,,,
2022-10-19,401102,202193,603295,,,,,,,,
2022-10-20,401102,202193,603295,,,,,,,,
2022-10-21,401102,202193,603295,,,,,,,,
2022-10-22,401102,202193,603295,,,,,,,,
2022-10-23,401102,202193,603295,,,,,,,,
2022-10-24,401102,202193,603295,,,,,,,,
2022-10-25,401102,202193,603295,,,,,,,,
2022-10-26,401102,202193,603295,,,,,,,,
2022-10-27,401102,202193,603295,,,,,,,,
2022-10-28,401102,202193,603295,,,,,,,,
2022-10-29,401102,202193,603295,,,,,,,,
2022-10-30,401102,202193,603295,,,,,,,,
2022-10-31,401102,201204,602306,,,,,,,,
2022-11-01,401102,201204,602306,,,,,,,,
2022-11-02,401102,201204,602306,,,,,,,,
2022-11-03,401102,201204,602306,,,,,,,,
2022-11-04,401102,201204,602306,,,,,,,,
2022-11-05,401102,201204,602306,,,,,,,,
2022-11-06,401102,201204,602306,,,,,,,,
2022-11-07,401102,201204,602306,,,,,,,,
2022-11-08,401102,201204,602306,,,,,,,,
2022-11-09,477017,201204,678221,,,,,,,,
2022-11-10,477017,201204,678221,,,,,,,,
2022-11-11,477017,201204,678221,,,,,,,,
2022-11-12,477017,201204,678221,,,,,,,,
2022-11-13,477017,201204,678221,,,,,,,,
2022-11-14,477017,201204,678221,,,,,,,,
2022-11-15,477017,201204,678221,,,,,,,,
2022-11-16,477017,201204,678221,,,,,,,,
2022-11-17,477017,201204,678221,,,,,,,,
2022-11-18,477020,201204,678224,,,,,,,,
2022-11-19,477020,201204,678224,,,,,,,,
2022-11-20,477020,201204,678224,,,,,,,,
2022-11-21,477020,201204,678224,,,,,,,,
2022-11-22,477020,201204,678224,,,,,,,,
2022-11-23,477020,201204,678224,,,,,,,,
2022-11-24,477020,201204,678224,,,,,,,,
2022-11-25,477020,201204,678224,,,,,,,,
2022-11-26,477020,201204,678224,,,,,,,,
2022-11-27,477020,201204,678224,,,,,,,,
2022-11-28,477020,201204,678224,,,,,,,,
2022-11-29,477020,201204,678224,,,,,,,,
2022-11-30,477020,201204,678224,,,,,,,,
2022-12-01,477020,201204,678224,,,,,,,,
2022-12-02,477020,201204,678224,,,,,,,,
2022-12-03,477020,201204,678224,,,,,,,,
2022-12-04,477020,201204,678224,,,,,,,,
2022-12-05,477020,201204,678224,,,,,,,,
2022-12-06,477020,201204,678224,,,,,,,,
2022-12-07,477020,201204,678224,,,,,,,,
2022-12-08,477020,201204,678224,,,,,,,,
2022-12-09,477020,201204,678224,,,,,,,,
2022-12-10,477020,201204,678224,,,,,,,,
2022-12-11,477020,201204,678224,,,,,,,,
2022-12-12,477020,201204,678224,,,,,,,,
2022-12-13,477020,201204,678224,,,,,,,,
2022-12-14,477020,201204,678224,,,,,,,,
2022-12-15,477020,201204,678224,,,,,,,,
2022-12-16,477020,201204,678224,,,,,,,,
2022-12-17,477020,201204,678224,,,,,,,,
2022-12-18,477020,201204,678224,,,,,,,,
2022-12-19,477020,201204,678224,,,,,,,,
2022-12-20,468887,201204,670091,,,,,,,,
2022-12-21,468887,201204,670091,,,,,,,,
2022-12-22,468887,201204,670091,,,,,,,,
2022-12-23,468887,201204,670091,,,,,,,,
2022-12-24,468887,201204,670091,,,,,,,,
2022-12-25,468887,201204,670091,,,,,,,,
2022-12-26,468887,201204,670091,,,,,,,,
2022-12-27,468887,203704,672591,,,,,,,,
2022-12-28,468887,203704,672591,,,,,,,,
2022-12-29,472483,203704,676187,,,,,,,,
2022-12-30,472483,203704,676187,,,,,,,,
2022-12-31,430291,206134,636425,,,,,,,,
2023-01-01,430291,206134,636425,,,,,,,,
2023-01-02,430291,206134,636425,,,,,,,,
2023-01-03,430291,206134,636425,,,,,,,,
2023-01-04,430291,206134,636425,,,,,,,,
2023-01-05,430291,206134,636425,,,,,,,,
2023-01-06,430291,206134,636425,,,,,,,,
2023-01-07,430291,206134,636425,,,,,,,,
2023-01-08,430291,206134,636425,,,,,,,,
2023-01-09,430291,206134,636425,,,,,,,,
2023-01-10,430291,206134,636425,,,,,,,,
2023-01-11,430291,206134,636425,,,,,,,,
2023-01-12,430291,206134,636425,,,,,,,,
2023-01-13,430291,206134,636425,,,,,,,,
2023-01-14,430291,206134,636425,,,,,,,,
2023-01-15,430291,206134,636425,,,,,,,,
2023-01-16,430291,206134,636425,,,,,,,,
2023-01-17,430291,206134,636425,,,,,,,,
2023-01-18,430291,206134,636425,,,,,,,,
2023-01-19,430291,206134,636425,,,,,,,,
2023-01-20,430291,206134,636425,,,,,,,,
2023-01-21,430291,206134,636425,,,,,,,,
2023-01-22,430291,206134,636425,,,,,,,,
2023-01-23,425488,206134,631622,,,,,,,,
2023-01-24,427482,206134,633616,,,,,,,,
2023-01-25,427482,206134,633616,,,,,,,,
2023-01-26,427482,206134,633616,,,,,,,,
2023-01-27,427482,206134,633616,,,,,,,,
2023-01-28,427482,206134,633616,,,,,,,,
2023-01-29,427482,206134,633616,,,,,,,,
2023-01-30,427482,206134,633616,,,,,,,,
2023-01-31,427482,206138,633620,,,,,,,,
2023-02-01,427482,206138,633620,,,,,,,,
2023-02-02,427549,206138,633687,,,,,,,,
2023-02-03,427549,206138,633687,,,,,,,,
2023-02-04,427549,206138,633687,,,,,,,,
2023-02-05,427549,206138,633687,,,,,,,,
2023-02-06,427549,206138,633687,,,,,,,,
2023-02-07,427549,206138,633687,,,,,,,,
2023-02-08,427549,206138,633687,,,,,,,,
2023-02-09,427549,206138,633687,,,,,,,,
2023-02-10,427549,206138,633687,,,,,,,,
2023-02-11,427549,206138,633687,,,,,,,,
2023-02-12,427549,206138,633687,,,,,,,,
2023-02-13,427549,206138,633687,,,,,,,,
2023-02-14,427549,206138,633687,,,,,,,,
2023-02-15,427549,206138,633687,,,,,,,,
2023-02-16,427549,206138,633687,,,,,,,,
2023-02-17,427549,206138,633687,,,,,,,,
2023-02-18,427549,206138,633687,,,,,,,,
2023-02-19,427549,206138,633687,,,,,,,,
2023-02-20,427549,206138,633687,,,,,,,,
2023-02-21,427549,206138,633687,,,,,,,,
2023-02-22,427549,206138,633687,,,,,,,,
2023-02-23,427549,206138,633687,,,,,,,,
2023-02-24,427549,206138,633687,,,,,,,,
2023-02-25,427549,206138,633687,,,,,,,,
2023-02-26,427549,206138,633687,,,,,,,,
2023-02-27,427549,206138,633687,,,,,,,,
2023-02-28,427549,205378,632927,,,,,,,,
2023-03-01,427549,205843,633392,,,,,,,,
2023-03-02,427549,205843,633392,,,,,,,,
2023-03-03,427549,205843,633392,,,,,,,,
2023-03-04,427549,205843,633392,,,,,,,,
2023-03-05,427549,205843,633392,,,,,,,,
2023-03-06,427549,205843,633392,,,,,,,,
2023-03-07,427549,205843,633392,,,,,,,,
2023-03-08,427549,205843,633392,,,,,,,,
2023-03-09,427549,205843,633392,,,,,,,,
2023-03-10,427549,205843,633392,,,,,,,,
2023-03-11,427549,205843,633392,,,,,,,,
2023-03-12,427549,205843,633392,,,,,,,,
2023-03-13,427549,205843,633392,,,,,,,,
2023-03-14,427549,205843,633392,,,,,,,,
2023-03-15,427549,205843,633392,,,,,,,,
2023-03-16,427549,205843,633392,,,,,,,,
2023-03-17,427549,205843,633392,,,,,,,,
2023-03-18,427549,205843,633392,,,,,,,,
2023-03-19,427549,205843,633392,,,,,,,,
2023-03-20,427549,205823,633372,,,,,,,,
2023-03-21,427549,205823,633372,,,,,,,,
2023-03-22,427549,205823,633372,,,,,,,,
2023-03-23,425488,212278,637766,,,,,,,,
2023-03-24,425488,212278,637766,,,,,,,,
2023-03-25,425488,212278,637766,,,,,,,,
2023-03-26,425488,212278,637766,,,,,,,,
2023-03-27,425488,212278,637766,,,,,,,,
2023-03-28,425488,212278,637766,,,,,,,,
2023-03-29,425488,212278,637766,,,,,,,,
2023-03-30,425488,212278,637766,,,,,,,,
2023-03-31,425488,212351,637839,,,,,,,,
2023-04-01,441404,212351,653755,,,,,,,,
2023-04-02,441404,212351,653755,,,,,,,,
2023-04-03,441404,212351,653755,,,,,,,,
2023-04-04,441404,212351,653755,,,,,,,,
2023-04-05,441404,212351,653755,,,,,,,,
2023-04-06,441404,212351,653755,,,,,,,,
2023-04-07,441404,213396,654800,,,,,,,,
2023-04-08,441404,213396,654800,,,,,,,,
2023-04-09,441404,213396,654800,,,,,,,,
2023-04-10,441404,213396,654800,,,,,,,,
2023-04-11,441404,213396,654800,,,,,,,,
2023-04-12,441404,213396,654800,,,,,,,,
2023-04-13,441404,213396,654800,,,,,,,,
2023-04-14,441404,213396,654800,,,,,,,,
2023-04-15,441404,213396,654800,,,,,,,,
2023-04-16,441404,213396,654800,,,,,,,,
2023-04-17,441404,213396,654800,,,,,,,,
2023-04-18,441404,213396,654800,,,,,,,,
2023-04-19,441404,213396,654800,,,,,,,,
2023-04-20,441404,213396,654800,,,,,,,,
2023-04-21,441404,213396,654800,,,,,,,,
2023-04-22,441404,213396,654800,,,,,,,,
2023-04-23,441404,213396,654800,,,,,,,,
2023-04-24,441404,213396,654800,,,,,,,,
2023-04-25,441404,213396,654800,,,,,,,,
2023-04-26,441711,213396,655107,,,,,,,,
2023-04-27,441711,213396,655107,,,,,,,,
2023-04-28,441711,213396,655107,,,,,,,,
2023-04-29,441711,213396,655107,,,,,,,,
2023-04-30,441711,213436,655147,,,,,,,,
2023-05-01,441711,213538,655249,,,,,,,,
2023-05-02,441711,213538,655249,,,,,,,,
2023-05-03,441711,213538,655249,,,,,,,,
2023-05-04,441711,213538,655249,,,,,,,,
2023-05-05,441711,213538,655249,,,,,,,,
2023-05-06,441711,213538,655249,,,,,,,,
2023-05-07,441711,213538,655249,,,,,,,,
2023-05-08,441711,213538,655249,,,,,,,,
2023-05-09,441711,213538,655249,,,,,,,,
2023-05-10,441711,213538,655249,,,,,,,,
2023-05-11,441711,213538,655249,,,,,,,,
2023-05-12,441711,213538,655249,,,,,,,,
2023-05-13,441711,213538,655249,,,,,,,,
2023-05-14,441711,213538,655249,,,,,,,,
2023-05-15,441711,213538,655249,,,,,,,,
2023-05-16,441711,213538,655249,,,,,,,,
2023-05-17,441711,213538,655249,,,,,,,,
2023-05-18,441711,213538,655249,,,,,,,,
2023-05-19,441711,213538,655249,,,,,,,,
2023-05-20,441711,213538,655249,,,,,,,,
2023-05-21,441711,213538,655249,,,,,,,,
2023-05-22,441711,213538,655249,,,,,,,,
2023-05-23,441711,213538,655249,,,,,,,,
2023-05-24,441711,213538,655249,,,,,,,,
2023-05-25,441014,213538,654552,,,,,,,,
2023-05-26,441014,213538,654552,,,,,,,,
2023-05-27,441014,213538,654552,,,,,,,,
2023-05-28,441014,213538,654552,,,,,,,,
2023-05-29,441014,213538,654552,,,,,,,,
2023-05-30,441014,213538,654552,,,,,,,,
2023-05-31,441014,214307,655321,,,,,,,,
2023-06-01,441014,213913,654927,,,,,,,,
2023-06-02,441014,213913,654927,,,,,,,,
2023-06-03,441014,213913,654927,,,,,,,,
2023-06-04,441014,213913,654927,,,,,,,,
2023-06-05,441014,213913,654927,,,,,,,,
2023-06-06,441014,213913,654927,,,,,,,,
2023-06-07,441014,213913,654927,,,,,,,,
2023-06-08,441014,213913,654927,,,,,,,,
2023-06-09,441014,213913,654927,,,,,,,,
2023-06-10,441014,213913,654927,,,,,,,,
2023-06-11,441014,213913,654927,,,,,,,,
2023-06-12,441014,213913,654927,,,,,,,,
2023-06-13,441014,213913,654927,,,,,,,,
2023-06-14,441014,213913,654927,,,,,,,,
2023-06-15,441014,213913,654927,,,,,,,,
2023-06-16,441014,213913,654927,,,,,,,,
2023-06-17,441014,213913,654927,,,,,,,,
2023-06-18,441014,213913,654927,,,,,,,,
2023-06-19,441014,213913,654927,,,,,,,,
2023-06-20,441014,213913,654927,,,,,,,,
2023-06-21,441014,213913,654927,,,,,,,,
2023-06-22,441014,213913,654927,,,,,,,,
2023-06-23,441014,213913,654927,,,,,,,,
2023-06-24,441014,213913,654927,,,,,,,,
2023-06-25,441014,213913,654927,,,,,,,,
2023-06-26,441014,213913,654927,,,,,,,,
2023-06-27,440592,213913,654505,,,,,,,,
2023-06-28,440592,213913,654505,,,,,,,,
2023-06-29,440592,226246,666838,,,,,,,,
2023-06-30,438421,226595,665016,,,,,,,,
2023-07-01,439951,226639,666590,,,,,,,,
2023-07-02,439951,226639,666590,,,,,,,,
2023-07-03,439951,226884,666835,,,,,,,,
2023-07-04,439951,226884,666835,,,,,,,,
2023-07-05,439951,226884,666835,,,,,,,,
2023-07-06,439951,226884,666835,,,,,,,,
2023-07-07,439951,226884,666835,,,,,,,,
2023-07-08,439951,226884,666835,,,,,,,,
2023-07-09,439951,226884,666835,,,,,,,,
2023-07-10,439951,226884,666835,,,,,,,,
2023-07-11,439951,226884,666835,,,,,,,,
2023-07-12,439951,226884,666835,,,,,,,,
2023-07-13,439951,226884,666835,,,,,,,,
2023-07-14,439951,226884,666835,,,,,,,,
2023-07-15,439951,226884,666835,,,,,,,,
2023-07-16,439951,226884,666835,,,,,,,,
2023-07-17,439951,226884,666835,,,,,,,,
2023-07-18,439951,226884,666835,,,,,,,,
2023-07-19,439951,226884,666835,,,,,,,,
2023-07-20,439951,226884,666835,,,,,,,,
2023-07-21,439951,226884,666835,,,,,,,,
2023-07-22,439951,226884,666835,,,,,,,,
2023-07-23,439951,226884,666835,,,,,,,,
2023-07-24,439951,226884,666835,,,,,,,,
2023-07-25,439184,226884,666068,,,,,,,,
2023-07-26,439184,226884,666068,,,,,,,,
2023-07-27,439184,226884,666068,,,,,,,,
2023-07-28,439184,226884,666068,,,,,,,,
2023-07-29,439184,226881,666065,,,,,,,,
2023-07-30,439184,226881,666065,,,,,,,,
2023-07-31,439184,227799,666983,,,,,,,,
2023-08-01,439184,227799,666983,,,,,,,,
2023-08-02,439184,227799,666983,,,,,,,,
2023-08-03,439184,227799,666983,,,,,,,,
2023-08-04,439184,227799,666983,,,,,,,,
2023-08-05,439184,227799,666983,,,,,,,,
2023-08-06,439184,227799,666983,,,,,,,,
2023-08-07,439184,227799,666983,,,,,,,,
2023-08-08,439184,227799,666983,,,,,,,,
2023-08-09,439184,227799,666983,,,,,,,,
2023-08-10,439184,227799,666983,,,,,,,,
2023-08-11,439184,227799,666983,,,,,,,,
2023-08-12,439184,227799,666983,,,,,,,,
2023-08-13,439184,227799,666983,,,,,,,,
2023-08-14,439184,227799,666983,,,,,,,,
2023-08-15,439184,227799,666983,,,,,,,,
2023-08-16,439184,227799,666983,,,,,,,,
2023-08-17,439184,227799,666983,,,,,,,,
2023-08-18,439184,227799,666983,,,,,,,,
2023-08-19,439184,227799,666983,,,,,,,,
2023-08-20,439184,227799,666983,,,,,,,,
2023-08-21,439184,227799,666983,,,,,,,,
2023-08-22,439184,227799,666983,,,,,,,,
2023-08-23,439184,227799,666983,,,,,,,,
2023-08-24,438969,227799,666768,,,,,,,,
2023-08-25,438969,227799,666768,,,,,,,,
2023-08-26,438969,227799,666768,,,,,,,,
2023-08-27,438969,227799,666768,,,,,,,,
2023-08-28,438969,227799,666768,,,,,,,,
2023-08-29,438969,227799,666768,,,,,,,,
2023-08-30,438969,227799,666768,,,,,,,,
2023-08-31,477900,228155,706055,,,,,,,,
2023-09-01,477900,228155,706055,,,,,,,,
2023-09-02,477900,228155,706055,,,,,,,,
2023-09-03,477900,228155,706055,,,,,,,,
2023-09-04,477900,228155,706055,,,,,,,,
2023-09-05,477900,228155,706055,,,,,,,,
2023-09-06,477900,228155,706055,,,,,,,,
2023-09-07,477900,228155,706055,,,,,,,,
2023-09-08,477900,228155,706055,,,,,,,,
2023-09-09,477900,228155,706055,,,,,,,,
2023-09-10,477900,228155,706055,,,,,,,,
2023-09-11,477900,228155,706055,,,,,,,,
2023-09-12,477900,228155,706055,,,,,,,,
2023-09-13,477900,228155,706055,,,,,,,,
2023-09-14,477900,228155,706055,,,,,,,,
2023-09-15,477900,228155,706055,,,,,,,,
2023-09-16,477900,228155,706055,,,,,,,,
2023-09-17,477900,228155,706055,,,,,,,,
2023-09-18,477900,228155,706055,,,,,,,,
2023-09-19,477900,228155,706055,,,,,,,,
2023-09-20,477900,228155,706055,,,,,,,,
2023-09-21,477900,228155,706055,,,,,,,,
2023-09-22,477900,228155,706055,,,,,,,,
2023-09-23,477900,228155,706055,,,,,,,,
2023-09-24,477900,233600,711500,,,,,,,,
2023-09-25,477900,233600,711500,,,,,,,,
2023-09-26,477142,233600,710742,,,,,,,,
2023-09-27,477142,233600,710742,,,,,,,,
2023-09-28,477142,233600,710742,,,,,,,,
2023-09-29,477142,233600,710742,,,,,,,,
2023-09-30,477142,234552,711694,,,,,,,,
2023-10-01,479696,234552,714248,,,,,,,,
2023-10-02,479696,234552,714248,,,,,,,,
2023-10-03,479696,234552,714248,,,,,,,,
2023-10-04,479696,234552,714248,,,,,,,,
2023-10-05,479696,234552,714248,,,,,,,,
2023-10-06,479696,234552,714248,,,,,,,,
2023-10-07,479696,234552,714248,,,,,,,,
2023-10-08,480222,234552,714774,,,,,,,,
2023-10-09,480222,234552,714774,,,,,,,,
2023-10-10,480222,234552,714774,,,,,,,,
2023-10-11,480222,234552,714774,,,,,,,,
2023-10-12,480222,234552,714774,,,,,,,,
2023-10-13,480222,234552,714774,,,,,,,,
2023-10-14,480222,234552,714774,,,,,,,,
2023-10-15,480222,234552,714774,,,,,,,,
2023-10-16,480222,234552,714774,,,,,,,,
2023-10-17,480222,234552,714774,,,,,,,,
2023-10-18,480222,234552,714774,,,,,,,,
2023-10-19,480222,234552,714774,,,,,,,,
2023-10-20,479374,234552,713926,,,,,,,,
2023-10-21,479374,234552,713926,,,,,,,,
2023-10-22,479374,234552,713926,,,,,,,,
2023-10-23,479374,234552,713926,,,,,,,,
2023-10-24,479374,234552,713926,,,,,,,,
2023-10-25,479374,234552,713926,,,,,,,,
2023-10-26,479374,234552,713926,,,,,,,,
2023-10-27,479374,234552,713926,,,,,,,,
2023-10-28,479374,234552,713926,,,,,,,,
2023-10-29,479374,234552,713926,,,,,,,,
2023-10-30,479374,234552,713926,,,,,,,,
2023-10-31,479374,234370,713744,,,,,,,,
2023-11-01,479374,234370,713744,,,,,,,,
2023-11-02,479374,236538,715912,,,,,,,,
2023-11-03,479374,236538,715912,,,,,,,,
2023-11-04,479374,236538,715912,,,,,,,,
2023-11-05,479374,236538,715912,,,,,,,,
2023-11-06,479374,237263,716637,,,,,,,,
2023-11-07,479374,237263,716637,,,,,,,,
2023-11-08,479374,237263,716637,,,,,,,,
2023-11-09,479374,237263,716637,,,,,,,,
2023-11-10,479374,237263,716637,,,,,,,,
2023-11-11,479374,237263,716637,,,,,,,,
2023-11-12,479374,237263,716637,,,,,,,,
2023-11-13,479374,237263,716637,,,,,,,,
2023-11-14,479361,237263,716624,,,,,,,,
2023-11-15,479361,237593,716954,,,,,,,,
2023-11-16,479361,237593,716954,,,,,,,,
2023-11-17,479361,237593,716954,,,,,,,,
2023-11-18,479361,237593,716954,,,,,,,,
2023-11-19,479361,237593,716954,,,,,,,,
2023-11-20,479361,237593,716954,,,,,,,,
2023-11-21,479361,237593,716954,,,,,,,,
2023-11-22,479361,237593,716954,,,,,,,,
2023-11-23,479361,237593,716954,,,,,,,,
2023-11-24,479361,237593,716954,,,,,,,,
2023-11-25,479361,237593,716954,,,,,,,,
2023-11-26,479361,237593,716954,,,,,,,,
2023-11-27,479361,237593,716954,,,,,,,,
2023-11-28,479361,237593,716954,,,,,,,,
2023-11-29,479361,253723,733084,,,,,,,,
2023-11-30,479361,253736,733097,,,,,,,,
2023-12-01,479361,253736,733097,,,,,,,,
2023-12-02,479361,253736,733097,,,,,,,,
2023-12-03,479361,253736,733097,,,,,,,,
2023-12-04,479361,253736,733097,,,,,,,,
2023-12-05,479361,253736,733097,,,,,,,,
2023-12-06,479361,253736,733097,,,,,,,,
2023-12-07,479361,253736,733097,,,,,,,,
2023-12-08,479361,253736,733097,,,,,,,,
2023-12-09,479361,253736,733097,,,,,,,,
2023-12-10,479361,253736,733097,,,,,,,,
2023-12-11,479361,253736,733097,,,,,,,,
2023-12-12,479361,253736,733097,,,,,,,,
2023-12-13,479361,253736,733097,,,,,,,,
2023-12-14,479361,253736,733097,,,,,,,,
2023-12-15,479361,253736,733097,,,,,,,,
2023-12-16,479361,253736,733097,,,,,,,,
2023-12-17,479361,253736,733097,,,,,,,,
2023-12-18,479361,253736,733097,,,,,,,,
2023-12-19,479361,253736,733097,,,,,,,,
2023-12-20,479361,253736,733097,,,,,,,,
2023-12-21,479361,253736,733097,,,,,,,,
2023-12-22,479361,253736,733097,,,,,,,,
2023-12-23,479361,253736,733097,,,,,,,,
2023-12-24,479361,253736,733097,,,,,,,,
2023-12-25,479361,253736,733097,,,,,,,,
2023-12-26,479361,268356,747717,,,,,,,,
2023-12-27,479361,268577,747938,,,,,,,,
2023-12-28,479361,268577,747938,,,,,,,,
2023-12-29,479361,268577,747938,,,,,,,,
2023-12-30,479361,268602,747963,,,,,,,,
2023-12-31,479361,272103,751464,,,,,,,,
2024-01-01,488250,272774,761024,,,,,,,,
2024-01-02,488250,272774,761024,,,,,,,,
2024-01-03,488250,272644,760894,,,,,,,,
2024-01-04,485986,272644,758630,,,,,,,,
2024-01-05,485986,272726,758712,,,,,,,,
2024-01-06,485986,272726,758712,,,,,,,,
2024-01-07,485986,272726,758712,,,,,,,,
2024-01-08,485986,272726,758712,,,,,,,,
2024-01-09,485986,272726,758712,,,,,,,,
2024-01-10,485986,272726,758712,,,,,,,,
2024-01-11,485986,272726,758712,,,,,,,,
2024-01-12,485986,272726,758712,,,,,,,,
2024-01-13,485986,272726,758712,,,,,,,,
2024-01-14,485986,272726,758712,,,,,,,,
2024-01-15,485986,272726,758712,,,,,,,,
2024-01-16,485986,272726,758712,,,,,,,,
2024-01-17,485986,272726,758712,,,,,,,,
2024-01-18,485986,272738,758724,,,,,,,,
2024-01-19,485986,272738,758724,,,,,,,,
2024-01-20,485986,272738,758724,,,,,,,,
2024-01-21,485986,272738,758724,,,,,,,,
2024-01-22,485986,272738,758724,,,,,,,,
2024-01-23,485986,272738,758724,,,,,,,,
2024-01-24,485986,272738,758724,,,,,,,,
2024-01-25,485829,272738,758567,,,,,,,,
2024-01-26,485829,273838,759667,,,,,,,,
2024-01-27,485829,273838,759667,,,,,,,,
2024-01-28,485829,273838,759667,,,,,,,,
2024-01-29,485829,273838,759667,,,,,,,,
2024-01-30,485829,273838,759667,,,,,,,,
2024-01-31,485829,274408,760237,,,,,,,,
2024-02-01,485829,275113,760942,,,,,,,,
2024-02-02,485832,276375,762207,,,,,,,,
2024-02-03,485832,276375,762207,,,,,,,,
2024-02-04,485832,276375,762207,,,,,,,,
2024-02-05,485832,276375,762207,,,,,,,,
2024-02-06,485832,277225,763057,,,,,,,,
2024-02-07,485832,277225,763057,,,,,,,,
2024-02-08,485832,277225,763057,,,,,,,,
2024-02-09,485832,277225,763057,,,,,,,,
2024-02-10,485832,277225,763057,,,,,,,,
2024-02-11,485832,277225,763057,,,,,,,,
2024-02-12,485832,277225,763057,,,,,,,,
2024-02-13,485832,277225,763057,,,,,,,,
2024-02-14,485832,277225,763057,,,,,,,,
2024-02-15,485832,277225,763057,,,,,,,,
2024-02-16,485832,277225,763057,,,,,,,,
2024-02-17,485832,277225,763057,,,,,,,,
2024-02-18,485832,277225,763057,,,,,,,,
2024-02-19,485832,277225,763057,,,,,,,,
2024-02-20,485832,277225,763057,,,,,,,,
2024-02-21,485832,277356,763188,,,,,,,,
2024-02-22,485677,277356,763033,,,,,,,,
2024-02-23,485677,277356,763033,,,,,,,,
2024-02-24,485677,277356,763033,,,,,,,,
2024-02-25,485677,277356,763033,,,,,,,,
2024-02-26,485677,280356,766033,,,,,,,,
2024-02-27,485677,280356,766033,,,,,,,,
2024-02-28,485677,280356,766033,,,,,,,,
2024-02-29,485677,281985,767662,,,,,,,,
2024-03-01,485677,282931,768608,,,,,,,,
2024-03-02,485677,282931,768608,,,,,,,,
2024-03-03,485677,282931,768608,,,,,,,,
2024-03-04,485677,282931,768608,,,,,,,,
2024-03-05,485677,283040,768717,,,,,,,,
2024-03-06,485677,283040,768717,,,,,,,,
2024-03-07,485677,283040,768717,,,,,,,,
2024-03-08,485677,283040,768717,,,,,,,,
2024-03-09,485677,283040,768717,,,,,,,,
2024-03-10,485677,295040,780717,,,,,,,,
2024-03-11,485677,295040,780717,,,,,,,,
2024-03-12,485677,295040,780717,,,,,,,,
2024-03-13,485677,295040,780717,,,,,,,,
2024-03-14,485677,295040,780717,,,,,,,,
2024-03-15,485677,295040,780717,,,,,,,,
2024-03-16,485677,295040,780717,,,,,,,,
2024-03-17,485677,295040,780717,,,,,,,,
2024-03-18,485677,295040,780717,,,,,,,,
2024-03-19,485677,304286,789963,,,,,,,,
2024-03-20,485677,304286,789963,,,,,,,,
2024-03-21,485081,304286,789367,,,,,,,,
2024-03-22,485081,304286,789367,,,,,,,,
2024-03-23,485081,304286,789367,,,,,,,,
2024-03-24,485081,304286,789367,,,,,,,,
2024-03-25,485081,304286,789367,,,,,,,,
2024-03-26,485081,304286,789367,,,,,,,,
2024-03-27,485081,304286,789367,,,,,,,,
2024-03-28,485081,304297,789378,,,,,,,,
2024-03-29,485081,304297,789378,,,,,,,,
2024-03-30,485081,304297,789378,,,,,,,,
2024-03-31,485081,306822,791903,,,,,,,,
2024-04-01,493970,306822,800792,,,,,,,,
2024-04-02,493970,306822,800792,,,,,,,,
2024-04-03,493970,306822,800792,,,,,,,,
2024-04-04,493970,306822,800792,,,,,,,,
2024-04-05,493970,306822,800792,,,,,,,,
2024-04-06,493970,306822,800792,,,,,,,,
2024-04-07,493970,306822,800792,,,,,,,,
2024-04-08,493970,306822,800792,,,,,,,,
2024-04-09,493970,306822,800792,,,,,,,,
2024-04-10,493970,306822,800792,,,,,,,,
2024-04-11,493970,306822,800792,,,,,,,,
2024-04-12,493970,306822,800792,,,,,,,,
2024-04-13,493970,306822,800792,,,,,,,,
2024-04-14,493970,306822,800792,,,,,,,,
2024-04-15,493970,306822,800792,,,,,,,,
2024-04-16,493970,306822,800792,,,,,,,,
2024-04-17,493970,306822,800792,,,,,,,,
2024-04-18,493970,306822,800792,,,,,,,,
2024-04-19,493970,306822,800792,,,,,,,,
2024-04-20,493970,306822,800792,,,,,,,,
2024-04-21,493970,306822,800792,,,,,,,,
2024-04-22,493970,306822,800792,,,,,,,,
2024-04-23,493970,306920,800890,,,,,,,,
2024-04-24,493970,306920,800890,,,,,,,,
2024-04-25,492655,306920,799575,,,,,,,,
2024-04-26,492655,306920,799575,,,,,,,,
2024-04-27,492655,306920,799575,,,,,,,,
2024-04-28,492655,306920,799575,,,,,,,,
2024-04-29,492655,307042,799697,,,,,,,,
2024-04-30,492655,308708,801363,,,,,,,,
2024-05-01,492655,308708,801363,,,,,,,,
2024-05-02,492654,308708,801362,,,,,,,,
2024-05-03,492654,308708,801362,,,,,,,,
2024-05-04,492654,308708,801362,,,,,,,,
2024-05-05,492654,308708,801362,,,,,,,,
2024-05-06,492654,308707,801361,,,,,,,,
2024-05-07,492654,308707,801361,,,,,,,,
2024-05-08,492654,308707,801361,,,,,,,,
2024-05-09,492654,308707,801361,,,,,,,,
2024-05-10,492654,308727,801381,,,,,,,,
2024-05-11,492654,308727,801381,,,,,,,,
2024-05-12,492654,308727,801381,,,,,,,,
2024-05-13,492654,308727,801381,,,,,,,,
2024-05-14,492654,308727,801381,,,,,,,,
2024-05-15,492656,308727,801383,,,,,,,,
2024-05-16,492656,308727,801383,,,,,,,,
2024-05-17,492657,308727,801384,,,,,,,,
2024-05-18,492657,308727,801384,,,,,,,,
2024-05-19,492657,308727,801384,,,,,,,,
2024-05-20,492657,308727,801384,,,,,,,,
2024-05-21,492155,308727,800882,,,,,,,,
2024-05-22,492155,308727,800882,,,,,,,,
2024-05-23,492155,308727,800882,,,,,,,,
2024-05-24,492155,308727,800882,,,,,,,,
2024-05-25,492155,308727,800882,,,,,,,,
2024-05-26,492155,308727,800882,,,,,,,,
2024-05-27,492155,308727,800882,,,,,,,,
2024-05-28,492155,309308,801463,,,,,,,,
2024-05-29,492155,309308,801463,,,,,,,,
2024-05-30,492155,309308,801463,,,,,,,,
2024-05-31,492155,310560,802715,,,,,,,,
2024-06-01,492155,310560,802715,,,,,,,,
2024-06-02,492155,310560,802715,,,,,,,,
2024-06-03,492155,310560,802715,,,,,,,,
2024-06-04,492155,310560,802715,,,,,,,,
2024-06-05,492155,310560,802715,,,,,,,,
2024-06-06,492155,310807,802962,,,,,,,,
2024-06-07,492155,310807,802962,,,,,,,,
2024-06-08,492155,310807,802962,,,,,,,,
2024-06-09,492155,310807,802962,,,,,,,,
2024-06-10,492155,310807,802962,,,,,,,,
2024-06-11,492155,310830,802985,,,,,,,,
2024-06-12,492155,310830,802985,,,,,,,,
2024-06-13,492155,310830,802985,,,,,,,,
2024-06-14,492155,310830,802985,,,,,,,,
2024-06-15,492155,310830,802985,,,,,,,,
2024-06-16,492155,310830,802985,,,,,,,,
2024-06-17,492155,310830,802985,,,,,,,,
2024-06-18,491705,310830,802535,,,,,,,,
2024-06-19,491705,310830,802535,,,,,,,,
2024-06-20,491705,322761,814466,,,,,,,,
2024-06-21,491705,322761,814466,,,,,,,,
2024-06-22,491705,322761,814466,,,,,,,,
2024-06-23,491705,322761,814466,,,,,,,,
2024-06-24,491705,322761,814466,,,,,,,,
2024-06-25,491705,322761,814466,,,,,,,,
2024-06-26,491705,322761,814466,,,,,,,,
2024-06-27,491705,322761,814466,,,,,,,,
2024-06-28,491705,322761,814466,,,,,,,,
2024-06-29,491705,322761,814466,,,,,,,,
2024-06-30,491705,324583,816288,,,,,,,,
2024-07-01,491705,324603,816308,,,,,,,,
2024-07-02,491705,324603,816308,,,,,,,,
2024-07-03,491705,324603,816308,,,,,,,,
2024-07-04,491705,324603,816308,,,,,,,,
2024-07-05,491719,324603,816322,,,,,,,,
2024-07-06,491719,324603,816322,,,,,,,,
2024-07-07,491719,324603,816322,,,,,,,,
2024-07-08,491719,324645,816364,,,,,,,,
2024-07-09,491719,324645,816364,,,,,,,,
2024-07-10,491719,324686,816405,,,,,,,,
2024-07-11,491719,324686,816405,,,,,,,,
2024-07-12,491719,324686,816405,,,,,,,,
2024-07-13,491719,324686,816405,,,,,,,,
2024-07-14,491719,324686,816405,,,,,,,,
2024-07-15,491719,324686,816405,,,,,,,,
2024-07-16,489033,324708,813741,,,,,,,,
2024-07-17,440377,324708,765085,,,,,,,,
2024-07-18,440377,324912,765289,,,,,,,,
2024-07-19,440377,324912,765289,,,,,,,,
2024-07-20,440377,324912,765289,,,,,,,,
2024-07-21,440458,324912,765370,,,,,,,,
2024-07-22,440458,324934,765392,,,,,,,,
2024-07-23,440458,324934,765392,,,,,,,,
2024-07-24,440458,325934,766392,,,,,,,,
2024-07-25,430242,327398,757640,,,,,,,,
2024-07-26,430242,327425,757667,,,,,,,,
2024-07-27,430242,327425,757667,,,,,,,,
2024-07-28,430242,327425,757667,,,,,,,,
2024-07-29,430242,327425,757667,,,,,,,,
2024-07-30,430243,327425,757668,,,,,,,,
2024-07-31,383014,328458,711472,,,,,,,,
2024-08-01,383014,328627,711641,,,,,,,,
2024-08-02,383014,328627,711641,,,,,,,,
2024-08-03,383014,328627,711641,,,,,,,,
2024-08-04,383014,328627,711641,,,,,,,,
2024-08-05,383014,328679,711693,,,,,,,,
2024-08-06,383014,328679,711693,,,,,,,,
2024-08-07,383014,328679,711693,,,,,,,,
2024-08-08,396279,328679,724958,,,,,,,,
2024-08-09,396279,328679,724958,,,,,,,,
2024-08-10,396279,328679,724958,,,,,,,,
2024-08-11,396279,328679,724958,,,,,,,,
2024-08-12,396279,328679,724958,,,,,,,,
2024-08-13,396279,328736,725015,,,,,,,,
2024-08-14,396279,333736,730015,,,,,,,,
2024-08-15,396279,333736,730015,,,,,,,,
2024-08-16,396279,333736,730015,,,,,,,,
2024-08-17,396279,333736,730015,,,,,,,,
2024-08-18,396279,333736,730015,,,,,,,,
2024-08-19,396279,333736,730015,,,,,,,,
2024-08-20,396279,333793,730072,,,,,,,,
2024-08-21,396279,333793,730072,,,,,,,,
2024-08-22,396279,333793,730072,,,,,,,,
2024-08-23,396279,333793,730072,,,,,,,,
2024-08-24,396279,333793,730072,,,,,,,,
2024-08-25,396279,333793,730072,,,,,,,,
2024-08-26,396279,333876,730155,,,,,,,,
2024-08-27,396279,333876,730155,,,,,,,,
2024-08-28,396279,333876,730155,,,,,,,,
2024-08-29,396279,333872,730151,,,,,,,,
2024-08-30,396279,333872,730151,,,,,,,,
2024-08-31,396279,335725,732004,,,,,,,,
2024-09-01,396279,335725,732004,,,,,,,,
2024-09-02,396279,335725,732004,,,,,,,,
2024-09-03,404564,335725,740289,,,,,,,,
2024-09-04,404564,335725,740289,,,,,,,,
2024-09-05,404564,335725,740289,,,,,,,,
2024-09-06,404564,335725,740289,,,,,,,,
2024-09-07,404564,335725,740289,,,,,,,,
2024-09-08,404564,335725,740289,,,,,,,,
2024-09-09,404564,335725,740289,,,,,,,,
2024-09-10,404564,335763,740327,,,,,,,,
2024-09-11,404564,335763,740327,,,,,,,,
2024-09-12,404564,335763,740327,,,,,,,,
2024-09-13,404564,354063,758627,,,,,,,,
2024-09-14,404564,354318,758882,,,,,,,,
2024-09-15,404564,354318,758882,,,,,,,,
2024-09-16,404564,354318,758882,,,,,,,,
2024-09-17,404564,354318,758882,,,,,,,,
2024-09-18,404564,354318,758882,,,,,,,,
2024-09-19,403299,354318,757617,,,,,,,,
2024-09-20,403299,361738,765037,,,,,,,,
2024-09-21,403299,361738,765037,,,,,,,,
2024-09-22,403299,361738,765037,,,,,,,,
2024-09-23,403299,361738,765037,,,,,,,,
2024-09-24,403299,361738,765037,,,,,,,,
2024-09-25,403301,361738,765039,,,,,,,,
2024-09-26,403301,361738,765039,,,,,,,,
2024-09-27,403301,361738,765039,,,,,,,,
2024-09-28,403301,361738,765039,,,,,,,,
2024-09-29,403301,361738,765039,,,,,,,,
2024-09-30,403301,361232,764533,,,,,,,,
2024-10-01,403301,361340,764641,,,,,,,,
2024-10-02,403301,361982,765283,,,,,,,,
2024-10-03,403301,362414,765715,,,,,,,,
2024-10-04,403301,362414,765715,,,,,,,,
2024-10-05,403301,362414,765715,,,,,,,,
2024-10-06,403301,362414,765715,,,,,,,,
2024-10-07,403301,362523,765824,,,,,,,,
2024-10-08,403301,362523,765824,,,,,,,,
2024-10-09,403301,362523,765824,,,,,,,,
2024-10-10,403301,362523,765824,,,,,,,,
2024-10-11,403301,362632,765933,,,,,,,,
2024-10-12,403301,362632,765933,,,,,,,,
2024-10-13,403301,362632,765933,,,,,,,,
2024-10-14,403301,362632,765933,,,,,,,,
2024-10-15,403301,362739,766040,,,,,,,,
2024-10-16,403301,363166,766467,,,,,,,,
2024-10-17,403301,363166,766467,,,,,,,,
2024-10-18,403301,363166,766467,,,,,,,,
2024-10-19,403301,363166,766467,,,,,,,,
2024-10-20,403301,363166,766467,,,,,,,,
2024-10-21,403301,363166,766467,,,,,,,,
2024-10-22,403301,363166,766467,,,,,,,,
2024-10-23,403301,363166,766467,,,,,,,,
