t,fed_rate,defi_rate,margin_rate,fed_rate_7dma,defi_rate_7dma,margin_rate_7dma
2022-02-11,0.08,2.36255,,,,
2022-02-12,0.08,2.13752,,,,
2022-02-13,0.08,2.127185,,,,
2022-02-14,0.08,2.10757,,,,
2022-02-15,0.08,2.14795,,,,
2022-02-16,0.08,2.174065,,,,
2022-02-17,0.08,2.12606,,0.08,2.168985714,
2022-02-18,0.08,2.094225,,0.08,2.130653571,
2022-02-19,0.08,2.06733,,0.08,2.120626429,
2022-02-20,0.08,2.01569,,0.08,2.104698571,
2022-02-21,0.08,1.98768,,0.08,2.087571429,
2022-02-22,0.08,1.807475,,0.08,2.038932143,
2022-02-23,0.08,1.806555,,0.08,1.986430714,
2022-02-24,0.08,1.72378,,0.08,1.928962143,
2022-02-25,0.08,1.74336,,0.08,1.878838571,
2022-02-26,0.08,1.77802,,0.08,1.837508571,
2022-02-27,0.08,1.804955,,0.08,1.807403571,
2022-02-28,0.08,1.806135,,0.08,1.781468571,
2022-03-01,0.2,1.88976,,0.097142857,1.793223571,
2022-03-02,0.2,1.91914,,0.114285714,1.809307143,
2022-03-03,0.2,1.917185,,0.131428571,1.836936429,
2022-03-04,0.2,1.994855,,0.148571429,1.872864286,
2022-03-05,0.2,2.164405,,0.165714286,1.928062143,
2022-03-06,0.2,2.14214,,0.182857143,1.976231429,
2022-03-07,0.2,2.113005,,0.2,2.02007,
2022-03-08,0.2,2.11673,,0.2,2.052494286,
2022-03-09,0.2,2.174095,,0.2,2.088916429,
2022-03-10,0.2,2.16763,,0.2,2.124694286,
2022-03-11,0.2,2.105045,,0.2,2.140435714,
2022-03-12,0.2,2.304905,,0.2,2.160507143,
2022-03-13,0.2,2.235875,,0.2,2.173897857,
2022-03-14,0.2,2.229495,,0.2,2.190539286,
2022-03-15,0.2,2.25159,,0.2,2.209805,
2022-03-16,0.2,2.282395,,0.2,2.225276429,
2022-03-17,0.2,2.290705,,0.2,2.242858571,
2022-03-18,0.2,2.258475,,0.2,2.264777143,
2022-03-19,0.2,2.22127,,0.2,2.252829286,
2022-03-20,0.2,2.145555,,0.2,2.239926429,
2022-03-21,0.2,2.156955,,0.2,2.229563571,
2022-03-22,0.2,2.264865,,0.2,2.23146,
2022-03-23,0.2,2.312245,,0.2,2.235724286,
2022-03-24,0.2,2.35126,,0.2,2.244375,
2022-03-25,0.2,2.4296,,0.2,2.268821429,
2022-03-26,0.2,2.578585,,0.2,2.319866429,
2022-03-27,0.2,2.63479,,0.2,2.389757143,
2022-03-28,0.2,2.73241,,0.2,2.471965,
2022-03-29,0.2,2.733625,,0.2,2.538930714,
2022-03-30,0.2,2.774155,,0.2,2.604917857,
2022-03-31,0.2,2.855385,,0.2,2.676935714,
2022-04-01,0.33,2.93275,,0.218571429,2.748814286,
2022-04-02,0.33,2.94865,,0.237142857,2.801680714,
2022-04-03,0.33,2.989955,,0.255714286,2.852418571,
2022-04-04,0.33,2.96993,,0.274285714,2.88635,
2022-04-05,0.33,2.940675,,0.292857143,2.915928571,
2022-04-06,0.33,2.74524,,0.311428571,2.911797857,
2022-04-07,0.33,2.800355,,0.33,2.903936429,
2022-04-08,0.33,2.59794,,0.33,2.856106429,
2022-04-09,0.33,2.69941,,0.33,2.820500714,
2022-04-10,0.33,2.70502,,0.33,2.779795714,
2022-04-11,0.33,2.626285,,0.33,2.730703571,
2022-04-12,0.33,2.627825,,0.33,2.686010714,
2022-04-13,0.33,2.706505,,0.33,2.680477143,
2022-04-14,0.33,2.68749,,0.33,2.664353571,
2022-04-15,0.33,2.73023,,0.33,2.683252143,
2022-04-16,0.33,2.745875,,0.33,2.68989,
2022-04-17,0.33,2.73572,,0.33,2.694275714,
2022-04-18,0.33,2.730285,,0.33,2.709132857,
2022-04-19,0.33,2.757215,,0.33,2.727617143,
2022-04-20,0.33,2.75566,,0.33,2.734639286,
2022-04-21,0.33,2.74951,,0.33,2.743499286,
2022-04-22,0.33,2.730615,,0.33,2.743554286,
2022-04-23,0.33,2.687125,,0.33,2.735161429,
2022-04-24,0.33,2.654325,,0.33,2.723533571,
2022-04-25,0.33,2.50371,,0.33,2.691165714,
2022-04-26,0.33,2.457365,,0.33,2.64833,
2022-04-27,0.33,2.368855,,0.33,2.593072143,
2022-04-28,0.33,2.212475,,0.33,2.516352857,
2022-04-29,0.33,2.203645,,0.33,2.441071429,
2022-04-30,0.33,2.1547,,0.33,2.365010714,
2022-05-01,0.77,2.088815,,0.392857143,2.284223571,
2022-05-02,0.77,2.066055,,0.455714286,2.221701429,
2022-05-03,0.77,2.00957,,0.518571429,2.157730714,
2022-05-04,0.77,2.01478,,0.581428571,2.107148571,
2022-05-05,0.77,2.008165,,0.644285714,2.077961429,
2022-05-06,0.77,1.84168,,0.707142857,2.026252143,
2022-05-07,0.77,1.80143,,0.77,1.975785,
2022-05-08,0.77,1.76033,,0.77,1.928858571,
2022-05-09,0.77,1.478505,,0.77,1.844922857,
2022-05-10,0.77,1.41048,,0.77,1.759338571,
2022-05-11,0.77,1.186435,,0.77,1.641003571,
2022-05-12,0.77,1.225905,,0.77,1.529252143,
2022-05-13,0.77,1.70431,,0.77,1.509627857,
2022-05-14,0.77,1.69285,,0.77,1.494116429,
2022-05-15,0.77,1.679825,,0.77,1.482615714,
2022-05-16,0.77,1.717925,,0.77,1.516818571,
2022-05-17,0.77,1.75743,,0.77,1.566382857,
2022-05-18,0.77,1.52704,,0.77,1.615040714,
2022-05-19,0.77,1.446455,,0.77,1.646547857,
2022-05-20,0.77,1.39571,,0.77,1.602462143,
2022-05-21,0.77,1.40869,,0.77,1.561867857,
2022-05-22,0.77,1.424385,,0.77,1.525376429,
2022-05-23,0.77,1.244955,,0.77,1.457809286,
2022-05-24,0.77,1.14428,,0.77,1.370216429,
2022-05-25,0.77,1.14607,,0.77,1.315792143,
2022-05-26,0.77,1.08208,,0.77,1.263738571,
2022-05-27,0.77,1.02014,,0.77,1.210085714,
2022-05-28,0.77,1.017095,,0.77,1.154143571,
2022-05-29,0.77,1.005865,,0.77,1.094355,
2022-05-30,0.77,1.08007,,0.77,1.0708,
2022-05-31,0.77,1.105345,,0.77,1.065237857,
2022-06-01,1.21,1.07211,,0.832857143,1.054672143,
2022-06-02,1.21,1.12776,,0.895714286,1.061197857,
2022-06-03,1.21,1.11624,,0.958571429,1.074926429,
2022-06-04,1.21,1.099195,,1.021428571,1.086655,
2022-06-05,1.21,1.107655,,1.084285714,1.101196429,
2022-06-06,1.21,1.09741,,1.147142857,1.103673571,
2022-06-07,1.21,1.09433,,1.21,1.1021,
2022-06-08,1.21,1.090755,,1.21,1.104763571,
2022-06-09,1.21,1.10026,,1.21,1.100835,
2022-06-10,1.21,1.073225,,1.21,1.09469,
2022-06-11,1.21,1.066265,,1.21,1.089985714,
2022-06-12,1.21,0.984225,,1.21,1.072352857,
2022-06-13,1.21,0.780495,,1.21,1.027079286,
2022-06-14,1.21,1.12214,,1.21,1.031052143,
2022-06-15,1.21,0.954355,9.31,1.21,1.011566429,
2022-06-16,1.21,0.919945,9.31,1.21,0.985807143,
2022-06-17,1.21,0.77368,9.31,1.21,0.943015,
2022-06-18,1.21,0.70003,9.31,1.21,0.890695714,
2022-06-19,1.21,0.678535,9.31,1.21,0.847025714,
2022-06-20,1.21,0.684355,9.31,1.21,0.833291429,
2022-06-21,1.21,0.714315,9.31,1.21,0.775030714,
2022-06-22,1.21,0.684735,9.31,1.21,0.736513571,
2022-06-23,1.21,0.635745,9.31,1.21,0.695913571,
2022-06-24,1.21,0.642255,9.31,1.21,0.677138571,
2022-06-25,1.21,0.731285,9.31,1.21,0.681603571,
2022-06-26,1.21,0.705685,9.31,1.21,0.685482143,
2022-06-27,1.21,0.719715,9.31,1.21,0.690533571,
2022-06-28,1.21,0.70503,9.31,1.21,0.689207143,
2022-06-29,1.21,0.703685,9.31,1.21,0.691914286,
2022-06-30,1.21,0.699365,9.31,1.21,0.701002857,
2022-07-01,1.68,0.71382,9.31,1.277142857,0.711226429,
2022-07-02,1.68,0.71951,9.31,1.344285714,0.709544286,
2022-07-03,1.68,0.674015,9.31,1.411428571,0.70502,
2022-07-04,1.68,0.64708,9.31,1.478571429,0.694643571,
2022-07-05,1.68,0.66495,9.31,1.545714286,0.688917857,
2022-07-06,1.68,0.666535,9.31,1.612857143,0.683610714,
2022-07-07,1.68,0.62947,9.31,1.68,0.673625714,
2022-07-08,1.68,0.6336,9.31,1.68,0.662165714,
2022-07-09,1.68,0.83002,9.31,1.68,0.677952857,
2022-07-10,1.68,0.82574,9.31,1.68,0.699627857,
2022-07-11,1.68,0.82107,9.31,1.68,0.724483571,
2022-07-12,1.68,0.712405,9.31,1.68,0.731262857,
2022-07-13,1.68,0.63753,9.31,1.68,0.727119286,
2022-07-14,1.68,0.681595,9.31,1.68,0.734565714,
2022-07-15,1.68,0.728295,9.31,1.68,0.748093571,
2022-07-16,1.68,0.73298,9.31,1.68,0.734230714,
2022-07-17,1.68,0.742875,9.31,1.68,0.722392857,
2022-07-18,1.68,0.76097,9.31,1.68,0.713807143,
2022-07-19,1.68,0.76366,9.31,1.68,0.721129286,
2022-07-20,1.68,0.76152,9.31,1.68,0.738842143,
2022-07-21,1.68,0.776425,9.31,1.68,0.752389286,
2022-07-22,1.68,0.76065,9.31,1.68,0.757011429,
2022-07-23,1.68,0.77273,9.31,1.68,0.76269,
2022-07-24,1.68,0.777605,9.31,1.68,0.767651429,
2022-07-25,1.68,0.771065,9.31,1.68,0.769093571,
2022-07-26,1.68,0.7693,9.31,1.68,0.769899286,
2022-07-27,1.68,0.80455,9.31,1.68,0.776046429,
2022-07-28,1.68,0.830065,9.31,1.68,0.783709286,
2022-07-29,1.68,0.83884,9.31,1.68,0.794879286,
2022-07-30,1.68,0.87229,9.31,1.68,0.809102143,
2022-07-31,1.68,0.8846,9.31,1.68,0.824387143,
2022-08-01,2.33,0.87182,9.31,1.772857143,0.838780714,
2022-08-02,2.33,0.89427,9.31,1.865714286,0.856633571,
2022-08-03,2.33,0.90035,9.31,1.958571429,0.870319286,
2022-08-04,2.33,0.906925,9.31,2.051428571,0.881299286,
2022-08-05,2.33,0.91943,9.31,2.144285714,0.892812143,
2022-08-06,2.33,0.95807,9.31,2.237142857,0.905066429,
2022-08-07,2.33,0.938095,9.31,2.33,0.912708571,
2022-08-08,2.33,0.92306,9.31,2.33,0.920028571,
2022-08-09,2.33,0.880465,9.31,2.33,0.918056429,
2022-08-10,2.33,0.901115,9.31,2.33,0.918165714,
2022-08-11,2.33,0.87612,9.31,2.33,0.913765,
2022-08-12,2.33,0.80595,9.31,2.33,0.897553571,
2022-08-13,2.33,0.806585,9.31,2.33,0.875912857,
2022-08-14,2.33,0.814095,9.31,2.33,0.858198571,
2022-08-15,2.33,0.82595,9.31,2.33,0.844325714,
2022-08-16,2.33,0.84235,9.31,2.33,0.838880714,
2022-08-17,2.33,0.81118,9.31,2.33,0.826032857,
2022-08-18,2.33,0.81667,9.31,2.33,0.81754,
2022-08-19,2.33,0.763645,9.31,2.33,0.811496429,
2022-08-20,2.33,0.74808,9.31,2.33,0.803138571,
2022-08-21,2.33,0.817352653,9.31,2.33,0.80360395,
2022-08-22,2.33,0.824990154,9.31,2.33,0.80346683,
2022-08-23,2.33,0.810716662,9.31,2.33,0.798947781,
2022-08-24,2.33,0.81610796,9.31,2.33,0.799651776,
2022-08-25,2.33,0.846129493,9.31,2.33,0.803860275,
2022-08-26,2.33,0.846715151,9.31,2.33,0.815727439,
2022-08-27,2.33,0.834011341,9.31,2.33,0.828003345,
2022-08-28,2.33,0.780549367,9.31,2.33,0.822745733,
2022-08-29,2.33,0.767954297,9.31,2.33,0.814597753,
2022-08-30,2.33,0.763914796,9.31,2.33,0.807911772,
2022-08-31,2.33,0.751391851,9.31,2.33,0.798666614,
2022-09-01,2.56,0.745562905,9.31,2.362857143,0.784299958,
2022-09-02,2.56,0.717114675,12.41,2.395714286,0.765785605,
2022-09-03,2.56,0.728051327,15.51,2.428571429,0.75064846,
2022-09-04,2.56,0.710691209,15.51,2.461428571,0.740668723,
2022-09-05,2.56,0.68846079,17.58,2.494285714,0.729312508,
2022-09-06,2.56,0.641207766,18.62,2.527142857,0.711782932,
2022-09-07,2.56,0.62784915,18.62,2.56,0.694133975,
2022-09-08,2.56,0.61999604,15.66,2.56,0.676195851,
2022-09-09,2.56,0.613830071,5.16,2.56,0.661440908,
2022-09-10,2.56,0.628973343,5.16,2.56,0.64728691,
2022-09-11,2.56,0.645306548,5.16,2.56,0.637946244,
2022-09-12,2.56,0.618027264,5.16,2.56,0.627884312,
2022-09-13,2.56,0.64268397,5.16,2.56,0.628095198,
2022-09-14,2.56,0.600020606,5.16,2.56,0.624119692,
2022-09-15,2.56,0.769549641,5.16,2.56,0.645484492,
2022-09-16,2.56,0.801069191,5.16,2.56,0.672232938,
2022-09-17,2.56,0.858823443,5.16,2.56,0.705068666,
2022-09-18,2.56,0.838364999,5.16,2.56,0.732648445,
2022-09-19,2.56,0.851428856,5.16,2.56,0.765991529,
2022-09-20,2.56,0.864350482,5.16,2.56,0.797658174,
2022-09-21,2.56,0.848746426,5.16,2.56,0.833190434,
2022-09-22,2.56,0.865602947,5.16,2.56,0.846912335,
2022-09-23,2.56,0.852480229,5.16,2.56,0.854256769,
2022-09-24,2.56,0.838774584,5.16,2.56,0.851392646,
2022-09-25,2.56,0.869503816,5.16,2.56,0.855841049,
2022-09-26,2.56,0.906827076,5.16,2.56,0.86375508,
2022-09-27,2.56,0.930964744,1.53,2.56,0.873271403,
2022-09-28,2.56,0.933616374,1.01,2.56,0.885395681,
2022-09-29,2.56,0.942612176,1.01,2.56,0.896397,
2022-09-30,2.56,0.957513553,1.01,2.56,0.91140176,
2022-10-01,3.08,0.95488414,1.01,2.634285714,0.92798884,
2022-10-02,3.08,0.952255739,1.01,2.708571429,0.939810543,
2022-10-03,3.08,0.980784448,1.01,2.782857143,0.950375882,
2022-10-04,3.08,1.005366025,1.01,2.857142857,0.961004636,1.01
2022-10-05,3.08,0.996759177,1.01,2.931428571,0.970025037,1.01
2022-10-06,3.08,1.228039695,1.01,3.005714286,1.010800397,1.01
2022-10-07,3.08,1.231473415,1.01,3.08,1.04993752,1.01
2022-10-08,3.08,1.233918838,1.01,3.08,1.08979962,1.01
2022-10-09,3.08,1.225964071,1.01,3.08,1.12890081,1.01
2022-10-10,3.08,1.288514975,1.01,3.08,1.172862314,1.01
2022-10-11,3.08,1.305164583,1.01,3.08,1.215690679,1.01
2022-10-12,3.08,1.317675925,1.01,3.08,1.261535929,1.01
2022-10-13,3.08,1.297662575,1.01,3.08,1.271482055,1.01
2022-10-14,3.08,1.423880409,1.01,3.08,1.298968768,1.01
2022-10-15,3.08,1.481723959,1.01,3.08,1.3343695,1.01
2022-10-16,3.08,1.383534417,1.01,3.08,1.356879549,1.01
2022-10-17,3.08,1.420939835,1.01,3.08,1.375797386,1.01
2022-10-18,3.08,1.374975177,1.01,3.08,1.385770328,1.01
2022-10-19,3.08,1.380355323,1.01,3.08,1.394724528,1.01
2022-10-20,3.08,1.380261581,1.01,3.08,1.406524386,1.01
2022-10-21,3.08,1.383626435,1.01,3.08,1.400773818,1.01
2022-10-22,3.08,1.38424807,1.01,3.08,1.386848691,1.01
2022-10-23,3.08,1.414181212,1.01,3.08,1.391226805,1.01
2022-10-24,3.08,1.461821162,1.01,3.08,1.397066994,1.01
2022-10-25,3.08,1.332073909,1.01,3.08,1.390938242,1.01
2022-10-26,3.08,1.316241482,1.01,3.08,1.381779122,1.01
2022-10-27,3.08,1.348446141,1.01,3.08,1.377234059,1.01
2022-10-28,3.08,1.38075372,1.01,3.08,1.376823671,1.01
2022-10-29,3.08,1.344244152,1.01,3.08,1.371108825,1.01
2022-10-30,3.08,1.333220331,1.01,3.08,1.359542985,1.01
2022-10-31,3.08,1.442845897,1.01,3.08,1.356832233,1.01
2022-11-01,3.08,1.485619443,1.01,3.08,1.378767309,1.01
2022-11-02,3.08,1.49015534,1.01,3.08,1.403612146,1.01
2022-11-03,3.08,1.446222059,1.01,3.08,1.417580135,1.01
2022-11-04,3.08,1.494908809,1.01,3.08,1.433888004,1.01
2022-11-05,3.08,1.45742937,1.01,3.08,1.450057321,1.01
2022-11-06,3.08,1.448424304,1.01,3.08,1.466515032,1.01
2022-11-07,3.08,1.462306108,1.01,3.08,1.469295062,1.01
2022-11-08,3.08,1.43131153,1.01,3.08,1.461536789,1.01
2022-11-09,3.08,1.309661333,1.01,3.08,1.43575193,1.01
2022-11-10,3.08,1.713420814,1.01,3.08,1.473923181,1.01
2022-11-11,3.08,1.707056479,1.01,3.08,1.504229991,1.01
2022-11-12,3.08,1.610249903,1.01,3.08,1.526061496,1.01
2022-11-13,3.08,1.576177773,1.01,3.08,1.544311991,1.01
2022-11-14,3.08,1.4865957,1.01,3.08,1.547781933,1.01
2022-11-15,3.08,1.286194516,1.01,3.08,1.527050931,1.01
2022-11-16,3.08,1.257050591,1.01,3.08,1.519535111,1.01
2022-11-17,3.08,1.29219685,1.01,3.08,1.459360259,1.01
2022-11-18,3.08,1.323765282,1.01,3.08,1.404604374,1.01
2022-11-19,3.08,1.339155558,1.01,3.08,1.36587661,1.01
2022-11-20,3.08,1.326645581,1.01,3.08,1.330229154,1.01
2022-11-21,3.08,1.583158467,1.01,3.08,1.344023835,1.01
2022-11-22,3.08,1.536566171,1.01,3.08,1.379791214,1.01
2022-11-23,3.08,1.37136212,1.01,3.08,1.396121433,1.01
2022-11-24,3.08,1.531128462,1.01,3.08,1.43025452,1.01
2022-11-25,3.08,1.576928658,1.01,3.08,1.466420717,1.01
2022-11-26,3.08,1.581695927,1.01,3.08,1.501069341,1.01
2022-11-27,3.08,1.589495996,1.01,3.08,1.5386194,1.01
2022-11-28,3.08,1.581535019,1.01,3.08,1.538387479,1.01
2022-11-29,3.08,1.548709105,1.01,3.08,1.540122184,1.01
2022-11-30,3.08,1.563305793,1.01,3.08,1.567542709,1.01
2022-12-01,4.1,1.616027849,1.01,3.225714286,1.579671192,1.01
2022-12-02,4.1,1.596871392,1.01,3.371428571,1.582520154,1.01
2022-12-03,4.1,1.482790102,1.01,3.517142857,1.568390751,1.01
2022-12-04,4.1,1.495213492,1.01,3.662857143,1.554921822,1.01
2022-12-05,4.1,1.519948963,1.01,3.808571429,1.546123814,1.01
2022-12-06,4.1,1.536910561,1.01,3.954285714,1.544438307,1.01
2022-12-07,4.1,1.571586597,1.01,4.1,1.545621279,1.01
2022-12-08,4.1,1.547346426,1.01,4.1,1.535809648,1.01
2022-12-09,4.1,1.542083262,1.01,4.1,1.527982772,1.01
2022-12-10,4.1,1.540349188,1.01,4.1,1.536205498,1.01
2022-12-11,4.1,1.531260205,1.01,4.1,1.541355029,1.01
2022-12-12,4.1,1.532455434,1.01,4.1,1.543141668,1.01
2022-12-13,4.1,1.504016445,1.01,4.1,1.538442508,1.01
2022-12-14,4.1,1.496223557,1.01,4.1,1.52767636,1.01
2022-12-15,4.1,1.49711701,1.01,4.1,1.520500729,1.01
2022-12-16,4.1,1.480547785,1.01,4.1,1.511709946,1.01
2022-12-17,4.1,1.486747089,1.01,4.1,1.504052504,1.01
2022-12-18,4.1,1.478207906,1.01,4.1,1.496473604,1.01
2022-12-19,4.1,1.475646569,1.01,4.1,1.488358052,1.01
2022-12-20,4.1,1.479237667,1.01,4.1,1.484818226,1.01
2022-12-21,4.1,1.474573662,1.01,4.1,1.481725384,1.01
2022-12-22,4.1,1.488655971,1.01,4.1,1.480516664,1.01
2022-12-23,4.1,1.502926289,1.01,4.1,1.483713593,1.01
2022-12-24,4.1,1.510470486,1.01,4.1,1.48710265,1.01
2022-12-25,4.1,1.50048292,1.01,4.1,1.490284795,1.01
2022-12-26,4.1,1.505263449,1.01,4.1,1.494515778,1.01
2022-12-27,4.1,1.525480351,1.01,4.1,1.501121875,1.01
2022-12-28,4.1,1.526318645,1.01,4.1,1.508514016,1.01
2022-12-29,4.1,1.527616752,1.01,4.1,1.514079842,1.01
2022-12-30,4.1,1.520964644,1.01,4.1,1.51665675,1.01
2022-12-31,4.1,1.531432229,1.01,4.1,1.519651284,1.01
2023-01-01,4.1,1.536857446,1.01,4.1,1.524847645,1.01
2023-01-02,4.1,1.537593402,1.01,4.1,1.52946621,1.01
2023-01-03,4.1,1.545059592,1.01,4.1,1.532263244,1.01
2023-01-04,4.1,1.552011807,1.01,4.1,1.535933696,1.01
2023-01-05,4.1,1.560548716,1.01,4.1,1.540638262,1.01
2023-01-06,4.1,1.552413892,1.01,4.1,1.545131012,1.01
2023-01-07,4.1,1.548983595,1.01,4.1,1.54763835,1.01
2023-01-08,4.1,1.550658974,1.01,4.1,1.549609997,1.01
2023-01-09,4.1,1.532951427,1.01,4.1,1.548946858,1.01
2023-01-10,4.1,1.555970403,1.01,4.1,1.550505545,1.01
2023-01-11,4.1,1.55985273,1.01,4.1,1.551625677,1.01
2023-01-12,4.1,1.574024164,1.01,4.1,1.553550741,1.01
2023-01-13,4.1,1.606424838,1.01,4.1,1.56126659,1.01
2023-01-14,4.1,1.749331055,1.01,4.1,1.589887656,1.01
2023-01-15,4.1,1.793610737,1.01,4.1,1.624595051,1.01
2023-01-16,4.1,1.837181563,1.01,4.1,1.668056499,1.01
2023-01-17,4.1,1.867653464,1.01,4.1,1.71258265,1.01
2023-01-18,4.1,1.850466697,1.01,4.1,1.754098931,1.01
2023-01-19,4.1,1.920859687,1.01,4.1,1.803646863,1.01
2023-01-20,4.1,1.931510626,1.01,4.1,1.85008769,1.01
2023-01-21,4.1,1.997224462,1.01,4.1,1.885501034,1.01
2023-01-22,4.1,2.112449698,1.01,4.1,1.931049457,1.01
2023-01-23,4.1,2.084667086,1.01,4.1,1.966404531,1.01
2023-01-24,4.1,2.065564243,1.01,4.1,1.9946775,1.01
2023-01-25,4.1,2.144207144,1.01,4.1,2.036640421,1.01
2023-01-26,4.1,2.138898628,1.01,4.1,2.067788841,1.01
2023-01-27,4.1,2.176202973,1.01,4.1,2.102744891,1.01
2023-01-28,4.1,2.160762399,1.01,4.1,2.126107453,1.01
2023-01-29,4.1,2.205613731,1.01,4.1,2.139416601,1.01
2023-01-30,4.1,2.256686786,1.01,4.1,2.163990843,1.01
2023-01-31,4.1,2.22235899,1.3,4.1,2.186390093,1.051428571
2023-02-01,4.57,2.196378665,1.01,4.167142857,2.193843167,1.051428571
2023-02-02,4.57,2.218152253,1.76,4.234285714,2.205165114,1.158571429
2023-02-03,4.57,2.354265954,2.7,4.301428571,2.230602683,1.4
2023-02-04,4.57,2.394363976,1.01,4.368571429,2.263974336,1.4
2023-02-05,4.57,2.389864311,1.01,4.435714286,2.290295848,1.4
2023-02-06,4.57,2.212431861,1.01,4.502857143,2.283973716,1.4
2023-02-07,4.57,2.289577634,1.01,4.57,2.293576379,1.358571429
2023-02-08,4.57,2.237596807,1.01,4.57,2.299464685,1.358571429
2023-02-09,4.57,2.078611446,1.01,4.57,2.279530284,1.251428571
2023-02-10,4.57,2.118819814,1.01,4.57,2.245895121,1.01
2023-02-11,4.57,2.165459533,1.01,4.57,2.213194487,1.01
2023-02-12,4.57,2.145503898,1.01,4.57,2.178285856,1.01
2023-02-13,4.57,2.081572721,1.01,4.57,2.159591693,1.01
2023-02-14,4.57,2.220896397,1.01,4.57,2.149780088,1.01
2023-02-15,4.57,2.250209702,1.01,4.57,2.15158193,1.01
2023-02-16,4.57,2.322128851,2.44,4.57,2.186370131,1.214285714
2023-02-17,4.57,2.200035496,2.68,4.57,2.197972371,1.452857143
2023-02-18,4.57,1.97804427,1.01,4.57,2.171198762,1.452857143
2023-02-19,4.57,2.077646896,1.55,4.57,2.161504905,1.53
2023-02-20,4.57,2.077627151,4.38,4.57,2.160941252,2.011428571
2023-02-21,4.57,2.158365845,2.76,4.57,2.152008316,2.261428571
2023-02-22,4.57,2.195134943,1.84,4.57,2.144140493,2.38
2023-02-23,4.57,2.255601753,3.89,4.57,2.134636622,2.587142857
2023-02-24,4.57,2.188976289,1.01,4.57,2.133056735,2.348571429
2023-02-25,4.57,2.147438097,1.01,4.57,2.157255853,2.348571429
2023-02-26,4.57,2.185596123,1.59,4.57,2.172677172,2.354285714
2023-02-27,4.57,2.191907199,2.84,4.57,2.189002893,2.134285714
2023-02-28,4.57,2.202332228,2.21,4.57,2.195283805,2.055714286
2023-03-01,4.65,2.325361686,2.11,4.581428571,2.213887625,2.094285714
2023-03-02,4.65,2.21854377,1.5,4.592857143,2.208593627,1.752857143
2023-03-03,4.65,2.224055157,0.69,4.604285714,2.213604894,1.707142857
2023-03-04,4.65,2.088109879,0.69,4.615714286,2.205129435,1.661428571
2023-03-05,4.65,1.978952228,0.69,4.627142857,2.175608878,1.532857143
2023-03-06,4.65,1.973709315,0.69,4.638571429,2.144437752,1.225714286
2023-03-07,4.65,2.010388115,0.69,4.65,2.117017164,1.008571429
2023-03-08,4.65,1.873014177,0.69,4.65,2.052396092,0.805714286
2023-03-09,4.65,1.750508654,0.69,4.65,1.985533932,0.69
2023-03-10,4.65,1.975922843,0.69,4.65,1.950086459,0.69
2023-03-11,4.65,1.530603319,0.63,4.65,1.870442664,0.681428571
2023-03-12,4.65,1.488984811,0.62,4.65,1.800447319,0.671428571
2023-03-13,4.65,1.937869545,0.62,4.65,1.795327352,0.661428571
2023-03-14,4.65,1.983517127,3.17,4.65,1.791488639,1.015714286
2023-03-15,4.65,2.020134176,2.73,4.65,1.812505782,1.307142857
2023-03-16,4.65,2.045603039,1.83,4.65,1.854662123,1.47
2023-03-17,4.65,2.081532555,2.2,4.65,1.869749225,1.685714286
2023-03-18,4.65,2.019655539,2.48,4.65,1.939613827,1.95
2023-03-19,4.65,1.943609653,2.32,4.65,2.004560233,2.192857143
2023-03-20,4.65,1.984650987,2.24,4.65,2.011243297,2.424285714
2023-03-21,4.65,2.062246021,2.35,4.65,2.022490281,2.307142857
2023-03-22,4.65,2.01327686,3.9,4.65,2.021510665,2.474285714
2023-03-23,4.65,1.957349045,5.96,4.65,2.008902951,3.064285714
2023-03-24,4.65,2.125755721,6.05,4.65,2.015220547,3.614285714
2023-03-25,4.65,2.126884093,6.59,4.65,2.030538911,4.201428571
2023-03-26,4.65,2.069200148,8.04,4.65,2.048480411,5.018571429
2023-03-27,4.65,2.181193362,8.51,4.65,2.076557893,5.914285714
2023-03-28,4.65,2.116109569,6.82,4.65,2.084252685,6.552857143
2023-03-29,4.65,1.976266865,4.59,4.65,2.078965543,6.651428571
2023-03-30,4.65,2.054023802,4.3,4.65,2.092776223,6.414285714
2023-03-31,4.65,2.013291609,8.73,4.65,2.076709921,6.797142857
2023-04-01,4.83,2.116098358,10.82,4.675714286,2.075169102,7.401428571
2023-04-02,4.83,2.105896658,5.61,4.701428571,2.08041146,7.054285714
2023-04-03,4.83,2.169935001,4.22,4.727142857,2.078803123,6.441428571
2023-04-04,4.83,2.138907163,3.75,4.752857143,2.082059922,6.002857143
2023-04-05,4.83,2.058910837,3.61,4.778571429,2.093866204,5.862857143
2023-04-06,4.83,2.044198224,4.09,4.804285714,2.09246255,5.832857143
2023-04-07,4.83,1.991885469,3.88,4.83,2.08940453,5.14
2023-04-08,4.83,2.028371973,3.19,4.83,2.076872189,4.05
2023-04-09,4.83,2.032542235,3.05,4.83,2.066392986,3.684285714
2023-04-10,4.83,1.989145871,2.9,4.83,2.040565967,3.495714286
2023-04-11,4.83,2.079651437,2.82,4.83,2.032100864,3.362857143
2023-04-12,4.83,2.129103151,3.9,4.83,2.042128337,3.404285714
2023-04-13,4.83,2.397677042,4.33,4.83,2.092625311,3.438571429
2023-04-14,4.83,2.465540875,5.37,4.83,2.160290369,3.651428571
2023-04-15,4.83,2.329325592,3.06,4.83,2.203283743,3.632857143
2023-04-16,4.83,2.478887981,3.52,4.83,2.267047421,3.7
2023-04-17,4.83,2.564885396,9.9,4.83,2.349295925,4.7
2023-04-18,4.83,2.506050622,7.45,4.83,2.410210094,5.361428571
2023-04-19,4.83,2.538623973,5.31,4.83,2.468713069,5.562857143
2023-04-20,4.83,2.876927966,4.83,4.83,2.537177486,5.634285714
2023-04-21,4.83,2.768988874,8.72,4.83,2.580527201,6.112857143
2023-04-22,4.83,2.758075115,4.86,4.83,2.641777132,6.37
2023-04-23,4.83,2.740882368,4.81,4.83,2.679204902,6.554285714
2023-04-24,4.83,3.109150765,3.51,4.83,2.756957098,5.641428571
2023-04-25,4.83,3.020037885,3.78,4.83,2.830383849,5.117142857
2023-04-26,4.83,3.04788923,3.69,4.83,2.903136029,4.885714286
2023-04-27,4.83,3.098618302,3.04,4.83,2.934806077,4.63
2023-04-28,4.83,3.118299049,2.97,4.83,2.984707531,3.808571429
2023-04-29,4.83,3.246140168,2.91,4.83,3.05443111,3.53
2023-04-30,4.83,3.083223899,2.84,4.83,3.103337043,3.248571429
2023-05-01,5.06,3.020815232,3.13,4.862857143,3.090717681,3.194285714
2023-05-02,5.06,2.864640353,3.53,4.895714286,3.068518033,3.158571429
2023-05-03,5.06,2.91288697,3.03,4.928571429,3.049231996,3.064285714
2023-05-04,5.06,3.118205539,3.48,4.961428571,3.052030173,3.127142857
2023-05-05,5.06,2.716737433,3.6,4.994285714,2.994664228,3.217142857
2023-05-06,5.06,2.594257274,3.23,5.027142857,2.9015381,3.262857143
2023-05-07,5.06,2.565831868,2.93,5.06,2.827624953,3.275714286
2023-05-08,5.06,3.057894124,2.69,5.06,2.832921937,3.212857143
2023-05-09,5.06,3.047231379,2.67,5.06,2.85900637,3.09
2023-05-10,5.06,2.946201107,2.84,5.06,2.863765532,3.062857143
2023-05-11,5.06,3.237426788,2.84,5.06,2.880797139,2.971428571
2023-05-12,5.06,2.676003642,2.88,5.06,2.874978026,2.868571429
2023-05-13,5.06,2.652457955,2.93,5.06,2.883292409,2.825714286
2023-05-14,5.06,2.642723864,2.92,5.06,2.89427698,2.824285714
2023-05-15,5.06,2.644148607,2.89,5.06,2.835170477,2.852857143
2023-05-16,5.06,2.613831459,2.92,5.06,2.773256203,2.888571429
2023-05-17,5.06,2.602415551,3.25,5.06,2.724143981,2.947142857
2023-05-18,5.06,2.68351983,2.98,5.06,2.645014415,2.967142857
2023-05-19,5.06,2.684715702,3.28,5.06,2.646258995,3.024285714
2023-05-20,5.06,2.661762033,3.02,5.06,2.647588149,3.037142857
2023-05-21,5.06,2.564537422,3.26,5.06,2.636418658,3.085714286
2023-05-22,5.06,2.524773781,3.48,5.06,2.619365111,3.17
2023-05-23,5.06,2.556579891,3.07,5.06,2.611186316,3.191428571
2023-05-24,5.06,2.538104938,3.23,5.06,2.601999085,3.188571429
2023-05-25,5.06,2.69718836,3.25,5.06,2.603951732,3.227142857
2023-05-26,5.06,2.638033222,2.89,5.06,2.597282807,3.171428571
2023-05-27,5.06,2.614326113,2.76,5.06,2.590506247,3.134285714
2023-05-28,5.06,2.642458148,2.73,5.06,2.601637779,3.058571429
2023-05-29,5.06,2.645864878,2.92,5.06,2.618936507,2.978571429
2023-05-30,5.06,2.692232894,3.33,5.06,2.638315508,3.015714286
2023-05-31,5.06,2.721992996,3.84,5.06,2.66458523,3.102857143
2023-06-01,5.08,2.680323632,2.94,5.062857143,2.662175983,3.058571429
2023-06-02,5.08,2.72332689,3.14,5.065714286,2.674360793,3.094285714
2023-06-03,5.08,2.727530905,3.46,5.068571429,2.690532906,3.194285714
2023-06-04,5.08,2.743101739,2.75,5.071428571,2.704910562,3.197142857
2023-06-05,5.08,2.83150411,2.82,5.074285714,2.731430452,3.182857143
2023-06-06,5.08,3.118208966,3.25,5.077142857,2.792284177,3.171428571
2023-06-07,5.08,2.850677296,4.64,5.08,2.810667648,3.285714286
2023-06-08,5.08,2.715934314,5.08,5.08,2.815754889,3.591428571
2023-06-09,5.08,2.61886557,4.5,5.08,2.800831843,3.785714286
2023-06-10,5.08,2.537668016,3.91,5.08,2.773708573,3.85
2023-06-11,5.08,2.498388227,2.48,5.08,2.7387495,3.811428571
2023-06-12,5.08,2.402809485,2.53,5.08,2.677507411,3.77
2023-06-13,5.08,2.445495629,4.93,5.08,2.581405505,4.01
2023-06-14,5.08,2.473199897,6.64,5.08,2.527480163,4.295714286
2023-06-15,5.08,3.511742262,12.26,5.08,2.641167012,5.321428571
2023-06-16,5.08,2.926459841,11.51,5.08,2.685109051,6.322857143
2023-06-17,5.08,3.399746295,6.82,5.08,2.808263091,6.738571429
2023-06-18,5.08,2.836358082,5.63,5.08,2.856544499,7.188571429
2023-06-19,5.08,3.226841617,5.81,5.08,2.974263375,7.657142857
2023-06-20,5.08,3.050240508,5.94,5.08,3.0606555,7.801428571
2023-06-21,5.08,3.510826436,6.12,5.08,3.208887863,7.727142857
2023-06-22,5.08,3.6166086,5.82,5.08,3.223868768,6.807142857
2023-06-23,5.08,2.984716462,5.98,5.08,3.232191143,6.017142857
2023-06-24,5.08,2.943726141,6,5.08,3.167045407,5.9
2023-06-25,5.08,2.92155468,5.96,5.08,3.179216349,5.947142857
2023-06-26,5.08,2.935990066,5.9,5.08,3.137666128,5.96
2023-06-27,5.08,2.910681143,5.99,5.08,3.117729075,5.967142857
2023-06-28,5.08,2.890662889,6.03,5.08,3.029134283,5.954285714
2023-06-29,5.08,2.842074662,6.15,5.08,2.918486578,6.001428571
2023-06-30,5.08,2.85400037,6.74,5.08,2.89981285,6.11
2023-07-01,5.12,2.90257057,6.38,5.085714286,2.893933483,6.164285714
2023-07-02,5.12,2.954042696,5.85,5.091428571,2.898574628,6.148571429
2023-07-03,5.12,3.019641419,6.05,5.097142857,2.910524821,6.17
2023-07-04,5.12,3.056314518,6.11,5.102857143,2.931329589,6.187142857
2023-07-05,5.12,3.810916656,5.93,5.108571429,3.062794413,6.172857143
2023-07-06,5.12,3.573916406,5.92,5.114285714,3.167343234,6.14
2023-07-07,5.12,3.574138208,6.06,5.12,3.270220068,6.042857143
2023-07-08,5.12,3.38964952,6.16,5.12,3.339802775,6.011428571
2023-07-09,5.12,3.305621684,5.99,5.12,3.390028344,6.031428571
2023-07-10,5.12,3.366565644,5.94,5.12,3.439588948,6.015714286
2023-07-11,5.12,3.123199697,6.2,5.12,3.449143974,6.028571429
2023-07-12,5.12,3.146330462,6.03,5.12,3.354203089,6.042857143
2023-07-13,5.12,3.5177077,6.14,5.12,3.346173274,6.074285714
2023-07-14,5.12,3.910459629,8.13,5.12,3.394219191,6.37
2023-07-15,5.12,3.427522244,6.16,5.12,3.39962958,6.37
2023-07-16,5.12,3.713676098,6.1,5.12,3.457923068,6.385714286
2023-07-17,5.12,3.691555197,3.65,5.12,3.504350147,6.058571429
2023-07-18,5.12,3.478238445,2.91,5.12,3.555069968,5.588571429
2023-07-19,5.12,3.760226419,2.92,5.12,3.64276939,5.144285714
2023-07-20,5.12,3.558884584,4.34,5.12,3.648651802,4.887142857
2023-07-21,5.12,3.49057699,3.38,5.12,3.588668568,4.208571429
2023-07-22,5.12,3.389916865,3.37,5.12,3.583296371,3.81
2023-07-23,5.12,3.154856964,2.78,5.12,3.503465066,3.335714286
2023-07-24,5.12,3.129185077,3.29,5.12,3.423126478,3.284285714
2023-07-25,5.12,3.117418056,4.35,5.12,3.371580708,3.49
2023-07-26,5.12,3.153616641,4.1,5.12,3.284922168,3.658571429
2023-07-27,5.12,3.041598504,2.82,5.12,3.211024157,3.441428571
2023-07-28,5.12,3.017764539,2.92,5.12,3.143479521,3.375714286
2023-07-29,5.12,3.03758475,2.81,5.12,3.093146362,3.295714286
2023-07-30,5.12,16.59761708,3.16,5.12,5.013540664,3.35
2023-07-31,5.12,19.49959708,3.8,5.12,7.35217095,3.422857143
2023-08-01,5.33,10.64532628,4.6,5.15,8.427586411,3.458571429
2023-08-02,5.33,9.530250871,5.26,5.18,9.338534158,3.624285714
2023-08-03,5.33,8.591783312,5.57,5.21,10.1314177,4.017142857
2023-08-04,5.33,7.442970789,7.48,5.24,10.76359002,4.668571429
2023-08-05,5.33,5.580512897,7.35,5.27,11.12686547,5.317142857
2023-08-06,5.33,6.207602431,6.5,5.3,9.642577666,5.794285714
2023-08-07,5.33,4.573744118,9.85,5.33,7.510312957,6.658571429
2023-08-08,5.33,4.866214463,4.86,5.33,6.684725554,6.695714286
2023-08-09,5.33,6.642188579,4.35,5.33,6.272145227,6.565714286
2023-08-10,5.33,6.903545807,4.85,5.33,6.030968441,6.462857143
2023-08-11,5.33,9.391751672,6.21,5.33,6.30936571,6.281428571
2023-08-12,5.33,4.537317314,5.72,5.33,6.160337769,6.048571429
2023-08-13,5.33,4.483959911,4.99,5.33,5.914103123,5.832857143
2023-08-14,5.33,6.720850044,6.17,5.33,6.220832541,5.307142857
2023-08-15,5.33,6.241036007,6.21,5.33,6.417235619,5.5
2023-08-16,5.33,4.368635859,5.61,5.33,6.092442373,5.68
2023-08-17,5.33,3.216195913,5.97,5.33,5.565678103,5.84
2023-08-18,5.33,3.035090242,5.18,5.33,4.657583613,5.692857143
2023-08-19,5.33,3.083425892,4.65,5.33,4.449884838,5.54
2023-08-20,5.33,3.144858562,4.26,5.33,4.258584646,5.435714286
2023-08-21,5.33,3.1315926,5.15,5.33,3.745833582,5.29
2023-08-22,5.33,3.096298119,6.23,5.33,3.296585312,5.292857143
2023-08-23,5.33,3.138664255,4.61,5.33,3.120875083,5.15
2023-08-24,5.33,3.082371677,3.75,5.33,3.101757335,4.832857143
2023-08-25,5.33,3.120480853,3.6,5.33,3.113955994,4.607142857
2023-08-26,5.33,3.131912232,3.59,5.33,3.120882614,4.455714286
2023-08-27,5.33,3.136705136,3.71,5.33,3.119717839,4.377142857
2023-08-28,5.33,3.274245686,3.69,5.33,3.140096851,4.168571429
2023-08-29,5.33,4.989913198,3.59,5.33,3.410613291,3.791428571
2023-08-30,5.33,4.297200443,3.63,5.33,3.576118461,3.651428571
2023-08-31,5.33,3.718951111,3.52,5.33,3.66705838,3.618571429
2023-09-01,5.33,3.691290093,3.6,5.33,3.748602557,3.618571429
2023-09-02,5.33,3.300706171,3.64,5.33,3.772715977,3.625714286
2023-09-03,5.33,4.097459377,3.78,5.33,3.909966583,3.635714286
2023-09-04,5.33,3.372819782,3.68,5.33,3.924048596,3.634285714
2023-09-05,5.33,4.264112554,3.64,5.33,3.82036279,3.641428571
2023-09-06,5.33,3.254727839,3.62,5.33,3.671438132,3.64
2023-09-07,5.33,3.210055391,3.68,5.33,3.598738744,3.662857143
2023-09-08,5.33,3.163536125,3.81,5.33,3.52334532,3.692857143
2023-09-09,5.33,3.166960435,3.76,5.33,3.504238786,3.71
2023-09-10,5.33,3.182373293,5.6,5.33,3.373512203,3.97
2023-09-11,5.33,3.215831486,4.49,5.33,3.351085303,4.085714286
2023-09-12,5.33,3.151045433,4.56,5.33,3.192075715,4.217142857
2023-09-13,5.33,3.654239081,6.14,5.33,3.249148749,4.577142857
2023-09-14,5.33,3.191625166,3.67,5.33,3.24651586,4.575714286
2023-09-15,5.33,4.05650799,3.7,5.33,3.374083269,4.56
2023-09-16,5.33,3.814423339,3.65,5.33,3.46657797,4.544285714
2023-09-17,5.33,3.71214053,3.57,5.33,3.542259004,4.254285714
2023-09-18,5.33,4.285404048,3.59,5.33,3.695055084,4.125714286
2023-09-19,5.33,3.219853814,3.62,5.33,3.704884853,3.991428571
2023-09-20,5.33,3.103821178,3.75,5.33,3.626253724,3.65
2023-09-21,5.33,3.415523653,3.89,5.33,3.658239222,3.681428571
2023-09-22,5.33,3.491732902,3.91,5.33,3.577557066,3.711428571
2023-09-23,5.33,3.535247783,3.9,5.33,3.537674844,3.747142857
2023-09-24,5.33,4.047111369,3.83,5.33,3.585527821,3.784285714
2023-09-25,5.33,4.211834909,3.89,5.33,3.575017944,3.827142857
2023-09-26,5.33,4.299434036,4.16,5.33,3.72924369,3.904285714
2023-09-27,5.33,4.057277303,3.67,5.33,3.865451708,3.892857143
2023-09-28,5.33,4.517291591,3.56,5.33,4.022847128,3.845714286
2023-09-29,5.33,4.724932563,3.68,5.33,4.199018508,3.812857143
2023-09-30,5.33,4.887529233,5.22,5.33,4.392201572,4.001428571
2023-10-01,5.33,3.613332616,7.64,5.33,4.330233179,4.545714286
2023-10-02,5.33,5.137787891,6.26,5.33,4.462512176,4.884285714
2023-10-03,5.33,3.191410131,6.82,5.33,4.304223047,5.264285714
2023-10-04,5.33,4.813695852,6.71,5.33,4.41228284,5.698571429
2023-10-05,5.33,4.350580186,7.06,5.33,4.388466925,6.198571429
2023-10-06,5.33,4.075330287,7.26,5.33,4.295666599,6.71
2023-10-07,5.33,4.398012956,7.01,5.33,4.225735703,6.965714286
2023-10-08,5.33,4.831308757,6.91,5.33,4.399732294,6.861428571
2023-10-09,5.33,3.633629006,7.07,5.33,4.184852454,6.977142857
2023-10-10,5.33,4.780226254,8.1,5.33,4.411826185,7.16
2023-10-11,5.33,3.653315987,8.16,5.33,4.246057633,7.367142857
2023-10-12,5.33,3.546237022,6.28,5.33,4.131151467,7.255714286
2023-10-13,5.33,3.316250812,6.18,5.33,4.022711542,7.101428571
2023-10-14,5.33,3.272312863,6.71,5.33,3.861897243,7.058571429
2023-10-15,5.33,3.818754056,5.63,5.33,3.717246571,6.875714286
2023-10-16,5.33,3.546660351,7.19,5.33,3.704822478,6.892857143
2023-10-17,5.33,3.651880829,3.17,5.33,3.543630274,6.188571429
2023-10-18,5.33,4.646692519,2.79,5.33,3.685541207,5.421428571
2023-10-19,5.33,3.527277446,3,5.33,3.682832697,4.952857143
2023-10-20,5.33,4.048996939,2.37,5.33,3.787510715,4.408571429
2023-10-21,5.33,3.203983923,1.99,5.33,3.777749438,3.734285714
2023-10-22,5.33,3.286383231,1.91,5.33,3.701696463,3.202857143
2023-10-23,5.33,4.415965128,3.24,5.33,3.825882859,2.638571429
2023-10-24,5.33,5.421001805,11.44,5.33,4.078614427,3.82
2023-10-25,5.33,5.689080819,12.93,5.33,4.227527042,5.268571429
2023-10-26,5.33,5.754859072,12.78,5.33,4.545752988,6.665714286
2023-10-27,5.33,5.69804594,11.9,5.33,4.781331417,8.027142857
2023-10-28,5.33,5.676038161,12.56,5.33,5.134482022,9.537142857
2023-10-29,5.33,4.885101472,14.95,5.33,5.362870342,11.4
2023-10-30,5.33,6.173916269,11.26,5.33,5.61400622,12.54571429
2023-10-31,5.33,4.02610197,11.52,5.33,5.414734815,12.55714286
2023-11-01,5.33,5.75191557,12.5,5.33,5.423711208,12.49571429
2023-11-02,5.33,5.339626868,8.01,5.33,5.364392321,11.81428571
2023-11-03,5.33,5.665380148,11.08,5.33,5.35972578,11.69714286
2023-11-04,5.33,5.818205508,10.11,5.33,5.380035401,11.34714286
2023-11-05,5.33,4.9070575,8.8,5.33,5.383171976,10.46857143
2023-11-06,5.33,4.7493625,9.83,5.33,5.179664295,10.26428571
2023-11-07,5.33,5.8081925,5.37,5.33,5.434248656,9.385714286
2023-11-08,5.33,5.5427075,4.67,5.33,5.404361789,8.267142857
2023-11-09,5.33,5.7121725,9.24,5.33,5.457582594,8.442857143
2023-11-10,5.33,4.8014875,9.35,5.33,5.334169358,8.195714286
2023-11-11,5.33,4.5589975,7.67,5.33,5.1542825,7.847142857
2023-11-12,5.33,3.91207,9.24,5.33,5.012141429,7.91
2023-11-13,5.33,11.08083696,8.59,5.33,5.91663778,7.732857143
2023-11-14,5.33,10.38155138,9.61,5.33,6.569974763,8.338571429
2023-11-15,5.33,8.962298027,9.06,5.33,7.058487695,8.965714286
2023-11-16,5.33,7.928649664,8.84,5.33,7.37512729,8.908571429
2023-11-17,5.33,6.485679192,9.35,5.33,7.615726103,8.908571429
2023-11-18,5.33,5.655029078,7.89,5.33,7.772302043,8.94
2023-11-19,5.33,6.59942098,5.8,5.33,8.156209326,8.448571429
2023-11-20,5.33,6.548270746,6.12,5.33,7.508699867,8.095714286
2023-11-21,5.33,5.538527876,5.31,5.33,6.816839366,7.481428571
2023-11-22,5.33,6.53575842,8.24,5.33,6.470190851,7.364285714
2023-11-23,5.33,5.258381014,6.44,5.33,6.088723901,7.021428571
2023-11-24,5.33,5.512993526,6.56,5.33,5.949768806,6.622857143
2023-11-25,5.33,5.496422631,4.9,5.33,5.927110742,6.195714286
2023-11-26,5.33,5.401364714,5.04,5.33,5.755959847,6.087142857
2023-11-27,5.33,6.75760404,6.47,5.33,5.785864603,6.137142857
2023-11-28,5.33,5.570606623,7.75,5.33,5.790447281,6.485714286
2023-11-29,5.33,5.037865671,6.42,5.33,5.576462603,6.225714286
2023-11-30,5.33,5.9714328,5.41,5.33,5.678327144,6.078571429
2023-12-01,5.33,8.288353737,5.97,5.33,6.074807174,5.994285714
2023-12-02,5.33,9.116338839,7.32,5.33,6.591938061,6.34
2023-12-03,5.33,7.262772785,8.69,5.33,6.857853499,6.861428571
2023-12-04,5.33,5.244081488,13.11,5.33,6.641635992,7.81
2023-12-05,5.33,5.724544014,13.24,5.33,6.663627048,8.594285714
2023-12-06,5.33,7.485286759,11.71,5.33,7.013258632,9.35
2023-12-07,5.33,8.381618902,11.46,5.33,7.357570932,10.21428571
2023-12-08,5.33,8.34309243,10.94,5.33,7.365390745,10.92428571
2023-12-09,5.33,7.831250921,7.49,5.33,7.181806757,10.94857143
2023-12-10,5.33,6.926103429,8,5.33,7.133711135,10.85
2023-12-11,5.33,10.75834857,12.71,5.33,7.921463575,10.79285714
2023-12-12,5.33,11.39809359,23.17,5.33,8.731970657,12.21142857
2023-12-13,5.33,10.22428693,20.5,5.33,9.123256396,13.46714286
2023-12-14,5.33,8.9421867,16.34,5.33,9.20333751,14.16428571
2023-12-15,5.33,9.710358613,14.17,5.33,9.39866125,14.62571429
2023-12-16,5.33,9.139249716,13.77,5.33,9.585518221,15.52285714
2023-12-17,5.33,7.972722873,13.06,5.33,9.735035285,16.24571429
2023-12-18,5.33,10.92021069,12.72,5.33,9.758158445,16.24714286
2023-12-19,5.33,9.577109788,14.77,5.33,9.498017901,15.04714286
2023-12-20,5.33,7.756615266,16.88,5.33,9.145493378,14.53
2023-12-21,5.33,7.677256999,18.68,5.33,8.964789135,14.86428571
2023-12-22,5.33,9.744658721,17.96,5.33,8.96968915,15.40571429
2023-12-23,5.33,8.18333902,14.41,5.33,8.83313048,15.49714286
2023-12-24,5.33,9.193456715,18.82,5.33,9.007521028,16.32
2023-12-25,5.33,9.309909488,22.03,5.33,8.777478,17.65
2023-12-26,5.33,8.32273492,18.04,5.33,8.59828159,18.11714286
2023-12-27,5.33,9.379451536,28.71,5.33,8.830115343,19.80714286
2023-12-28,5.33,7.901815723,25.02,5.33,8.86219516,20.71285714
2023-12-29,5.33,7.880577474,20.03,5.33,8.595897839,21.00857143
2023-12-30,5.33,7.193564171,22.13,5.33,8.454501432,22.11142857
2023-12-31,5.33,7.818620451,25.34,5.33,8.258096252,23.04285714
2024-01-01,5.33,7.980238092,21.08,5.33,8.068143195,22.90714286
2024-01-02,5.33,8.739877421,20.4,5.33,8.127734981,23.24428571
2024-01-03,5.33,6.91697515,14.54,5.33,7.77595264,21.22
2024-01-04,5.33,5.057692877,9.83,5.33,7.369649377,19.05
2024-01-05,5.33,4.815697283,10.94,5.33,6.931809349,17.75142857
2024-01-06,5.33,5.453181129,9.87,5.33,6.6831832,16
2024-01-07,5.33,4.913160162,9.3,5.33,6.268117445,13.70857143
2024-01-08,5.33,7.30477043,9.49,5.33,6.171622065,12.05285714
2024-01-09,5.33,5.138300212,9.39,5.33,5.657111035,10.48
2024-01-10,5.33,6.375135967,12.45,5.33,5.579705437,10.18142857
2024-01-11,5.33,5.941309685,12.69,5.33,5.70593641,10.59
2024-01-12,5.33,6.811896423,11.92,5.33,5.991107715,10.73
2024-01-13,5.33,7.371712287,10.92,5.33,6.265183595,10.88
2024-01-14,5.33,6.677998907,10.91,5.33,6.517303416,11.11
2024-01-15,5.33,10.33914203,10.93,5.33,6.950785073,11.31571429
2024-01-16,5.33,8.03193901,15.82,5.33,7.364162044,12.23428571
2024-01-17,5.33,6.681250344,12.11,5.33,7.407892669,12.18571429
2024-01-18,5.33,9.167144654,13.87,5.33,7.868726236,12.35428571
2024-01-19,5.33,7.073369626,12.51,5.33,7.906079551,12.43857143
2024-01-20,5.33,5.81007668,11.31,5.33,7.68298875,12.49428571
2024-01-21,5.33,5.51223457,11.46,5.33,7.516450988,12.57285714
2024-01-22,5.33,6.04667473,11.85,5.33,6.903241373,12.70428571
2024-01-23,5.33,4.304558884,14.68,5.33,6.370758498,12.54142857
2024-01-24,5.33,4.117270719,10.94,5.33,6.004475695,12.37428571
2024-01-25,5.33,4.6063341,10.93,5.33,5.35293133,11.95428571
2024-01-26,5.33,6.806191081,11.2,5.33,5.314762966,11.76714286
2024-01-27,5.33,4.188213029,8.04,5.33,5.083068159,11.3
2024-01-28,5.33,3.968411502,7.84,5.33,4.862522006,10.78285714
2024-01-29,5.33,4.501422213,7.61,5.33,4.641771647,10.17714286
2024-01-30,5.33,6.826371337,7.43,5.33,5.002030569,9.141428571
2024-01-31,5.33,9.991298564,9.51,5.33,5.841177404,8.937142857
2024-02-01,5.33,6.627150342,7.45,5.33,6.129865438,8.44
2024-02-02,5.33,4.705538596,6.92,5.33,5.829772226,7.828571429
2024-02-03,5.33,4.158158294,6.47,5.33,5.825478693,7.604285714
2024-02-04,5.33,7.263978208,6.61,5.33,6.296273936,7.428571429
2024-02-05,5.33,5.785337457,8.24,5.33,6.4796904,7.518571429
2024-02-06,5.33,5.042465826,9.75,5.33,6.224846755,7.85
2024-02-07,5.33,6.058574204,8.36,5.33,5.66302899,7.685714286
2024-02-08,5.33,5.155886758,9.13,5.33,5.452848478,7.925714286
2024-02-09,5.33,6.519307374,9.64,5.33,5.711958303,8.314285714
2024-02-10,5.33,6.385479547,10.37,5.33,6.030147053,8.871428571
2024-02-11,5.33,6.330470858,12.17,5.33,5.896788861,9.665714286
2024-02-12,5.33,6.629254491,15.16,5.33,6.017348437,10.65428571
2024-02-13,5.33,6.586903215,17.29,5.33,6.23798235,11.73142857
2024-02-14,5.33,5.950704177,15.36,5.33,6.222572346,12.73142857
2024-02-15,5.33,6.889732123,15.06,5.33,6.470264541,13.57857143
2024-02-16,5.33,6.888782805,14.47,5.33,6.523046745,14.26857143
2024-02-17,5.33,7.479635119,12.3,5.33,6.679354684,14.54428571
2024-02-18,5.33,8.881555032,17.14,5.33,7.04379528,15.25428571
2024-02-19,5.33,6.122201355,18.17,5.33,6.971359118,15.68428571
2024-02-20,5.33,7.201363649,16.36,5.33,7.05913918,15.55142857
2024-02-21,5.33,8.233483123,15.34,5.33,7.385250458,15.54857143
2024-02-22,5.33,8.552686241,19.67,5.33,7.622815332,16.20714286
2024-02-23,5.33,7.32122998,14.51,5.33,7.6845935,16.21285714
2024-02-24,5.33,6.391539505,14.25,5.33,7.529151269,16.49142857
2024-02-25,5.33,6.610238297,19.6,5.33,7.20467745,16.84285714
2024-02-26,5.33,8.012405607,22.72,5.33,7.474706629,17.49285714
2024-02-27,5.33,9.424687262,20.2,5.33,7.792324288,18.04142857
2024-02-28,5.33,6.527384375,24.28,5.33,7.548595895,19.31857143
2024-02-29,5.33,10.21544153,30.07,5.33,7.786132365,20.80428571
2024-03-01,5.33,10.55839377,27.89,5.33,8.248584335,22.71571429
2024-03-02,5.33,12.54655442,30.83,5.33,9.12787218,25.08428571
2024-03-03,5.33,13.32872128,36.97,5.33,10.08765546,27.56571429
2024-03-04,5.33,11.70637336,38.24,5.33,10.61536514,29.78285714
2024-03-05,5.33,11.62409242,29.02,5.33,10.92956588,31.04285714
2024-03-06,5.33,12.03928517,24.2,5.33,11.71698028,31.03142857
2024-03-07,5.33,9.630109157,31.89,5.33,11.63336137,31.29142857
2024-03-08,5.33,8.753770361,28.93,5.33,11.37555802,31.44
2024-03-09,5.33,10.56760172,32.07,5.33,11.0928505,31.61714286
2024-03-10,5.33,11.55855633,34,5.33,10.83996979,31.19285714
2024-03-11,5.33,10.6012969,45.81,5.33,10.68210172,32.27428571
2024-03-12,5.33,11.83345649,38.33,5.33,10.71201088,33.60428571
2024-03-13,5.33,10.51059824,37.71,5.33,10.49362703,35.53428571
2024-03-14,5.33,13.93477571,39.21,5.33,11.10857939,36.58
2024-03-15,5.33,12.08633373,32.96,5.33,11.58465987,37.15571429
2024-03-16,5.33,10.02177298,25.51,5.33,11.50668434,36.21857143
2024-03-17,5.33,13.17120267,24.61,5.33,11.73706239,34.87714286
2024-03-18,5.33,11.44386742,20.36,5.33,11.85742961,31.24142857
2024-03-19,5.33,11.45342646,22.91,5.33,11.8031396,29.03857143
2024-03-20,5.33,12.64974662,16.31,5.33,12.10873223,25.98142857
2024-03-21,5.33,8.332120764,15.38,5.33,11.30835295,22.57714286
2024-03-22,5.33,6.873332184,15.51,5.33,10.56363844,20.08428571
2024-03-23,5.33,12.84074208,16.65,5.33,10.96634831,18.81857143
2024-03-24,5.33,9.455484622,18.19,5.33,10.43553145,17.90142857
2024-03-25,5.33,10.59993731,23.01,5.33,10.31497001,18.28
2024-03-26,5.33,8.318816754,27.77,5.33,9.867168619,18.97428571
2024-03-27,5.33,13.26542754,29.03,5.33,9.955123036,20.79142857
2024-03-28,5.33,14.2228931,26.39,5.33,10.79666194,22.36428571
2024-03-29,5.33,11.48678588,31.23,5.33,11.45572676,24.61
2024-03-30,5.33,10.35339327,28.51,5.33,11.10039121,26.30428571
2024-03-31,5.33,6.648403087,32.34,5.33,10.69937956,28.32571429
2024-04-01,5.33,9.057372023,30.4,5.33,10.47901309,29.38142857
2024-04-02,5.33,7.133149553,18.26,5.33,10.30963206,28.02285714
2024-04-03,5.33,8.49253715,19.01,5.33,9.62779058,26.59142857
2024-04-04,5.33,7.554401513,18.54,5.33,8.675148925,25.47
2024-04-05,5.33,7.66360459,14.45,5.33,8.128980169,23.07285714
2024-04-06,5.33,8.389052143,13.32,5.33,7.848360008,20.90285714
2024-04-07,5.33,7.621658017,15.71,5.33,7.987396427,18.52714286
2024-04-08,5.33,8.085884336,24.09,5.33,7.848612472,17.62571429
2024-04-09,5.33,7.91659016,19.88,5.33,7.960532558,17.85714286
2024-04-10,5.33,7.159198204,20.57,5.33,7.770055566,18.08
2024-04-11,5.33,7.168258624,20.52,5.33,7.714892296,18.36285714
2024-04-12,5.33,6.91890893,22.32,5.33,7.608507202,19.48714286
2024-04-13,5.33,6.629892325,18.21,5.33,7.357198657,20.18571429
2024-04-14,5.33,6.499051283,16.62,5.33,7.196826266,20.31571429
2024-04-15,5.33,7.300539507,14.63,5.33,7.084634148,18.96428571
2024-04-16,5.33,5.997444955,12.5,5.33,6.810470547,17.91
2024-04-17,5.33,6.351650389,12.63,5.33,6.695106573,16.77571429
2024-04-18,5.33,6.375974774,9.96,5.33,6.581923166,15.26714286
2024-04-19,5.33,6.548946941,9.11,5.33,6.529071453,13.38
2024-04-20,5.33,5.981278049,9.18,5.33,6.436412271,12.09
2024-04-21,5.33,6.71226226,8.82,5.33,6.466870982,10.97571429
2024-04-22,5.33,6.951575519,10.76,5.33,6.417018984,10.42285714
2024-04-23,5.33,7.01952256,9.36,5.33,6.56303007,9.974285714
2024-04-24,5.33,7.073006611,12.47,5.33,6.666080959,9.951428571
2024-04-25,5.33,6.775319039,10.4,5.33,6.72313014,10.01428571
2024-04-26,5.33,6.689215047,9.45,5.33,6.743168441,10.06285714
2024-04-27,5.33,6.76236323,9.34,5.33,6.854752038,10.08571429
2024-04-28,5.33,6.65148464,11.06,5.33,6.846069521,10.40571429
2024-04-29,5.33,7.302988938,9.35,5.33,6.896271438,10.20428571
2024-04-30,5.33,6.934113428,8.99,5.33,6.884070133,10.15142857
2024-05-01,5.33,6.706766738,13.8,5.33,6.831750151,10.34142857
2024-05-02,5.33,7.216797914,10.82,5.33,6.894818562,10.40142857
2024-05-03,5.33,9.189301986,9.29,5.33,7.251973839,10.37857143
2024-05-04,5.33,7.902900343,9.62,5.33,7.414907712,10.41857143
2024-05-05,5.33,7.409019011,9.56,5.33,7.523126908,10.20428571
2024-05-06,5.33,6.69935773,7.8,5.33,7.436893879,9.982857143
2024-05-07,5.33,6.854577333,7.69,5.33,7.425531579,9.797142857
2024-05-08,5.33,5.938564857,10.47,5.33,7.315788453,9.321428571
2024-05-09,5.33,6.980853945,7.58,5.33,7.282082172,8.858571429
2024-05-10,5.33,6.850372309,6.66,5.33,6.947949361,8.482857143
2024-05-11,5.33,5.62989261,5.9,5.33,6.623233971,7.951428571
2024-05-12,5.33,7.101451915,5.98,5.33,6.579295814,7.44
2024-05-13,5.33,8.312154445,8.93,5.33,6.809695345,7.601428571
2024-05-14,5.33,11.00382691,11.58,5.33,7.402445284,8.157142857
2024-05-15,5.33,7.827030485,7.49,5.33,7.672226088,7.731428571
2024-05-16,5.33,7.671679667,7.12,5.33,7.770915477,7.665714286
2024-05-17,5.33,7.081140212,7.16,5.33,7.803882321,7.737142857
2024-05-18,5.33,5.740237659,7.49,5.33,7.819645899,7.964285714
2024-05-19,5.33,6.027002811,7.89,5.33,7.66615317,8.237142857
2024-05-20,5.33,6.358246619,9.65,5.33,7.38702348,8.34
2024-05-21,5.33,8.187669777,11.21,5.33,6.984715319,8.287142857
2024-05-22,5.33,9.783936824,14.47,5.33,7.264273367,9.284285714
2024-05-23,5.33,10.05384398,13.71,5.33,7.604582555,10.22571429
2024-05-24,5.33,8.382045289,10.42,5.33,7.790426137,10.69142857
2024-05-25,5.33,8.076420876,9.37,5.33,8.124166597,10.96
2024-05-26,5.33,8.023859709,10.49,5.33,8.409431868,11.33142857
2024-05-27,5.33,7.916604128,14.72,5.33,8.632054369,12.05571429
2024-05-28,5.33,6.341592058,16.96,5.33,8.368328981,12.87714286
2024-05-29,5.33,6.443163674,12.07,5.33,7.891075673,12.53428571
2024-05-30,5.33,7.359857304,12.89,5.33,7.506220434,12.41714286
2024-05-31,5.33,7.30753419,16.14,5.33,7.352718848,13.23428571
2024-06-01,5.33,7.51283433,16.63,5.33,7.272206485,14.27142857
2024-06-02,5.33,7.744045687,13.62,5.33,7.232233053,14.71857143
2024-06-03,5.33,7.837319692,13.61,5.33,7.220906705,14.56
2024-06-04,5.33,8.279469172,10.52,5.33,7.497746293,13.64
2024-06-05,5.33,10.35267465,16.78,5.33,8.056247861,14.31285714
2024-06-06,5.33,10.17201888,12.1,5.33,8.457985229,14.2
2024-06-07,5.33,7.904786881,14.67,5.33,8.543307042,13.99
2024-06-08,5.33,7.984061334,11.74,5.33,8.610625185,13.29142857
2024-06-09,5.33,9.7908529,11.7,5.33,8.903026216,13.01714286
2024-06-10,5.33,6.660122842,14.87,5.33,8.734855237,13.19714286
2024-06-11,5.33,7.6378297,16.29,5.33,8.643192455,14.02142857
2024-06-12,5.33,8.071951874,10.7,5.33,8.317374916,13.15285714
2024-06-13,5.33,9.066822875,10.74,5.33,8.159489772,12.95857143
2024-06-14,5.33,7.72911908,13.1,5.33,8.134394372,12.73428571
2024-06-15,5.33,7.479997886,10.94,5.33,8.062385308,12.62
2024-06-16,5.33,7.683715996,11.13,5.33,7.76136575,12.53857143
2024-06-17,5.33,7.734963143,11.19,5.33,7.914914365,12.01285714
2024-06-18,5.33,8.013751487,9.74,5.33,7.968617477,11.07714286
2024-06-19,5.33,7.9745977,10.32,5.33,7.954709738,11.02285714
2024-06-20,5.33,7.387390273,12.42,5.33,7.714790795,11.26285714
2024-06-21,5.33,7.353152895,10.6,5.33,7.66108134,10.90571429
2024-06-22,5.33,6.907162181,10.77,5.33,7.579247668,10.88142857
2024-06-23,5.33,7.389543188,10.47,5.33,7.537222981,10.78714286
2024-06-24,5.33,6.787232453,11.32,5.33,7.401832882,10.80571429
2024-06-25,5.33,7.268547356,10.28,5.33,7.295375149,10.88285714
2024-06-26,5.33,7.222270984,9.67,5.33,7.187899904,10.79
2024-06-27,5.33,8.159138795,8.45,5.33,7.298149693,10.22285714
2024-06-28,5.33,7.96685933,12.36,5.33,7.385822041,10.47428571
2024-06-29,5.33,8.523068836,11.94,5.33,7.616665849,10.64142857
2024-06-30,5.33,7.272365017,11.15,5.33,7.59992611,10.73857143
2024-07-01,5.33,6.437396848,10.03,5.33,7.549949595,10.55428571
2024-07-02,5.33,6.434718988,10.79,5.33,7.430831257,10.62714286
2024-07-03,5.33,6.085374703,12.69,5.33,7.268417502,11.05857143
2024-07-04,5.33,6.147885667,10.05,5.33,6.981095627,11.28714286
2024-07-05,5.33,5.102680921,7.81,5.33,6.571927283,10.63714286
2024-07-06,5.33,5.046107382,7.29,5.33,6.075218504,9.972857143
2024-07-07,5.33,5.028170535,7.22,5.33,5.754619292,9.411428571
2024-07-08,5.33,4.885494443,6.68,5.33,5.532918948,8.932857143
2024-07-09,5.33,5.104723142,6.84,5.33,5.342919542,8.368571429
2024-07-10,5.33,4.863571918,5.62,5.33,5.168376287,7.358571429
2024-07-11,5.33,5.19569396,5.68,5.33,5.0323489,6.734285714
2024-07-12,5.33,5.252757415,5.7,5.33,5.053788399,6.432857143
2024-07-13,5.33,5.19251308,5.87,5.33,5.074703499,6.23
2024-07-14,5.33,5.194637557,5.63,5.33,5.098484502,6.002857143
2024-07-15,5.33,5.110621262,5.91,5.33,5.130645476,5.892857143
2024-07-16,5.33,5.166714999,5.59,5.33,5.139501456,5.714285714
2024-07-17,5.33,5.275605868,6.17,5.33,5.198363449,5.792857143
2024-07-18,5.33,5.233183472,6.49,5.33,5.203719093,5.908571429
2024-07-19,5.33,5.385927533,10.28,5.33,5.222743396,6.562857143
2024-07-20,5.33,5.313821101,4.84,5.33,5.240073113,6.415714286
2024-07-21,5.33,5.354493533,4.82,5.33,5.262909681,6.3
2024-07-22,5.33,5.076545134,5.54,5.33,5.258041663,6.247142857
2024-07-23,5.33,4.950667639,5.71,5.33,5.227177754,6.264285714
2024-07-24,5.33,4.916337685,6.89,5.33,5.175853728,6.367142857
2024-07-25,5.33,4.556419466,7.3,5.33,5.079173156,6.482857143
2024-07-26,5.33,4.319794695,5.72,5.33,4.926868465,5.831428571
2024-07-27,5.33,5.079817554,7.04,5.33,4.893439387,6.145714286
2024-07-28,5.33,5.166054526,8.89,5.33,4.866519528,6.727142857
2024-07-29,5.33,5.783840202,10.52,5.33,4.967561681,7.438571429
2024-07-30,5.33,6.42735408,7.7,5.33,5.178516887,7.722857143
2024-07-31,5.33,6.709481822,8.46,5.33,5.434680335,7.947142857
2024-08-01,5.33,6.492260293,16.12,5.33,5.711229025,9.207142857
2024-08-02,5.33,5.610963247,10.93,5.33,5.895681675,9.951428571
2024-08-03,5.33,4.257891374,10.06,5.33,5.778263649,10.38285714
2024-08-04,5.33,4.489451171,7.78,5.33,5.681606027,10.22428571
2024-08-05,5.33,4.146604561,5.48,5.33,5.447715221,9.504285714
2024-08-06,5.33,3.268954645,4.36,5.33,4.996515302,9.027142857
2024-08-07,5.33,3.292458732,4.25,5.33,4.508369146,8.425714286
2024-08-08,5.33,3.325679922,4.43,5.33,4.056000522,6.755714286
2024-08-09,5.33,3.448844435,4.41,5.33,3.747126406,5.824285714
2024-08-10,5.33,3.45326654,4.45,5.33,3.632180001,5.022857143
2024-08-11,5.33,3.427875956,4.53,5.33,3.480526399,4.558571429
2024-08-12,5.33,3.354805773,4.4,5.33,3.367412286,4.404285714
2024-08-13,5.33,3.466414062,4.31,5.33,3.395620774,4.397142857
2024-08-14,5.33,3.469200671,4.3,5.33,3.420869623,4.404285714
2024-08-15,5.33,3.523608093,4.98,5.33,3.449145076,4.482857143
2024-08-16,5.33,4.918104127,5.03,5.33,3.659039317,4.571428571
2024-08-17,5.33,5.871611996,4.46,5.33,4.00451724,4.572857143
2024-08-18,5.33,6.08152009,4.41,5.33,4.383609259,4.555714286
2024-08-19,5.33,5.465992519,4.53,5.33,4.685207365,4.574285714
2024-08-20,5.33,4.06955043,4.83,5.33,4.771369704,4.648571429
2024-08-21,5.33,4.017473748,4.49,5.33,4.849694429,4.675714286
2024-08-22,5.33,4.895627648,4.08,5.33,5.045697223,4.547142857
2024-08-23,5.33,5.045457703,4.11,5.33,5.063890591,4.415714286
2024-08-24,5.33,4.798231217,4.05,5.33,4.910550479,4.357142857
2024-08-25,5.33,4.692157842,4.29,5.33,4.712070158,4.34
2024-08-26,5.33,4.760132117,4.72,5.33,4.611232958,4.367142857
2024-08-27,5.33,4.582127506,4.79,5.33,4.684458254,4.361428571
2024-08-28,5.33,4.041274658,4.59,5.33,4.687858384,4.375714286
2024-08-29,5.33,3.969887821,4.62,5.33,4.555609838,4.452857143
2024-08-30,5.33,3.902221383,5.22,5.33,4.392290363,4.611428571
2024-08-31,5.33,3.837446989,4.99,5.33,4.255035474,4.745714286
2024-09-01,5.13,3.349027561,5.04,5.301428571,4.063159719,4.852857143
2024-09-02,5.13,5.106003184,5.05,5.272857143,4.112569872,4.9
2024-09-03,5.13,4.911107402,5.22,5.244285714,4.159567,4.961428571
2024-09-04,5.13,4.823289694,5.24,5.215714286,4.271283433,5.054285714
2024-09-05,5.13,4.88881775,4.67,5.187142857,4.402559138,5.061428571
2024-09-06,5.13,3.964166342,5.33,5.158571429,4.411408417,5.077142857
2024-09-07,5.13,3.191047737,5.47,5.13,4.319065667,5.145714286
2024-09-08,5.13,3.183352127,4.92,5.13,4.295397748,5.128571429
2024-09-09,5.13,3.15178223,4.54,5.13,4.016223326,5.055714286
2024-09-10,5.13,3.019183385,4.01,5.13,3.745948466,4.882857143
2024-09-11,5.13,3.215952637,3.92,5.13,3.516328887,4.694285714
2024-09-12,5.13,3.052220523,3.86,5.13,3.253957854,4.578571429
2024-09-13,5.13,3.392709101,3.93,5.13,3.172321106,4.378571429
2024-09-14,5.13,3.22545798,3.77,5.13,3.177236855,4.135714286
2024-09-15,5.13,3.736700047,3.75,5.13,3.256286558,3.968571429
2024-09-16,5.13,3.950828947,4.57,5.13,3.370436089,3.972857143
2024-09-17,5.13,3.84035633,4.67,5.13,3.487746509,4.067142857
2024-09-18,5.13,4.341756681,4.61,5.13,3.648575658,4.165714286
2024-09-19,5.13,3.482780769,4.73,5.13,3.710084265,4.29
2024-09-20,5.13,3.7395172,5.76,5.13,3.759628279,4.551428571
2024-09-21,5.13,3.954217132,5.41,5.13,3.863736729,4.785714286
2024-09-22,5.13,4.013384324,4.87,5.13,3.903263055,4.945714286
2024-09-23,5.13,3.490819697,5.2,5.13,3.837547448,5.035714286
2024-09-24,5.13,5.5385811,6.89,5.13,4.080150986,5.352857143
2024-09-25,5.13,5.87811284,6.17,5.13,4.299630437,5.575714286
2024-09-26,5.13,4.36018255,6.84,5.13,4.424973549,5.877142857
2024-09-27,5.13,4.041146489,4.63,5.13,4.468063447,5.715714286
2024-09-28,5.13,3.537422605,4.59,5.13,4.408521372,5.598571429
2024-09-29,5.13,3.840723927,4.63,5.13,4.383855601,5.564285714
2024-09-30,5.13,3.571883018,6.9,5.13,4.395436076,5.807142857
2024-10-01,5.13,3.612925416,8.24,5.13,4.120342406,6
2024-10-02,5.13,3.738686889,6.26,5.13,3.814710128,6.012857143
2024-10-03,5.13,3.448938663,6.27,5.13,3.68453243,5.931428571
2024-10-04,5.13,3.635051123,6.4,5.13,3.626518806,6.184285714
2024-10-05,5.13,3.703359229,5.81,5.13,3.650224038,6.358571429
2024-10-06,5.13,3.946196183,5.67,5.13,3.665291503,6.507142857
2024-10-07,5.13,4.234626131,8.2,5.13,3.759969091,6.692857143
2024-10-08,5.13,3.924086356,7.71,5.13,3.804420653,6.617142857
2024-10-09,5.13,3.866240504,12.93,5.13,3.822642598,7.57
2024-10-10,5.13,6.242208535,9.29,5.13,4.221681152,8.001428571
2024-10-11,5.13,5.210677758,7.55,5.13,4.446770671,8.165714286
2024-10-12,5.13,5.585205102,6.47,5.13,4.715605796,8.26
2024-10-13,5.13,5.097041605,6.71,5.13,4.880012284,8.408571429
2024-10-14,5.13,4.992775453,9.69,5.13,4.98831933,8.621428571
2024-10-15,5.13,5.182152705,8.29,5.13,5.168043095,8.704285714
2024-10-16,5.13,5.852610716,6.63,5.13,5.451810268,7.804285714
2024-10-17,5.13,6.155383691,6.47,5.13,5.439406719,7.401428571
2024-10-18,5.13,7.040822856,6.81,5.13,5.700856018,7.295714286
2024-10-19,5.13,6.248429653,6.59,5.13,5.795602383,7.312857143
2024-10-20,5.13,5.236661522,14.24,5.13,5.815548085,8.388571429
2024-10-21,5.13,4.881545603,9.96,5.13,5.799658107,8.427142857
2024-10-22,5.13,5.613163811,11.17,5.13,5.861231122,8.838571429
2024-10-23,5.13,7.096607524,14.5,5.13,6.038944951,9.962857143
