t,total_borrow,total_tvl,,,,,,,,,
2021-01-01,2442959724,4111659042,,,,,,,,,
2021-01-02,2460708739,4207470830,,,,,,,,,
2021-01-03,2636454171,4329817006,,,,,,,,,
2021-01-04,2415368948,4832799893,,,,,,,,,
2021-01-05,2210299848,4932485734,,,,,,,,,
2021-01-06,2368957180,5241554846,,,,,,,,,
2021-01-07,2465856128,5559796471,,,,,,,,,
2021-01-08,2539035569,5741715510,,,,,,,,,
2021-01-09,2642794139,5828304811,,,,,,,,,
2021-01-10,2668850620,5902339282,,,,,,,,,
2021-01-11,2681145822,5844619593,,,,,,,,,
2021-01-12,2452023372,5170788891,,,,,,,,,
2021-01-13,2503352854,5185365418,,,,,,,,,
2021-01-14,2725084466,5479517435,,,,,,,,,
2021-01-15,2794449577,5833190771,,,,,,,,,
2021-01-16,2998911971,5977364857,,,,,,,,,
2021-01-17,3096140511,6269837973,,,,,,,,,
2021-01-18,3105044343,6303046472,,,,,,,,,
2021-01-19,3104159372,6409738362,,,,,,,,,
2021-01-20,3161701144,6741204406,,,,,,,,,
2021-01-21,3133576796,6387310125,,,,,,,,,
2021-01-22,2969601256,5944694712,,,,,,,,,
2021-01-23,2766265523,6155853080,,,,,,,,,
2021-01-24,3029703400,6422060775,,,,,,,,,
2021-01-25,3090237773,6869887618,,,,,,,,,
2021-01-26,3140355870,6856621538,,,,,,,,,
2021-01-27,3142594169,6796236695,,,,,,,,,
2021-01-28,3105797094,6479052077,,,,,,,,,
2021-01-29,3200989958,6916293383,,,,,,,,,
2021-01-30,3293444650,7211952196,,,,,,,,,
2021-01-31,3316971593,7110361672,,,,,,,,,
2021-02-01,3324362955,7053791354,,,,,,,,,
2021-02-02,3430573051,7170222077,,,,,,,,,
2021-02-03,3564883855,7466345388,,,,,,,,,
2021-02-04,3704030556,8090076163,,,,,,,,,
2021-02-05,3816311521,8416028262,,,,,,,,,
2021-02-06,3976884656,9191103830,,,,,,,,,
2021-02-07,3996928649,8919007256,,,,,,,,,
2021-02-08,4053836332,8781496517,,,,,,,,,
2021-02-09,4535955913,9725412087,,,,,,,,,
2021-02-10,4769169779,9980855444,,,,,,,,,
2021-02-11,5026715599,10450840090,,,,,,,,,
2021-02-12,5190832755,10446583084,,,,,,,,,
2021-02-13,5230415138,10540723729,,,,,,,,,
2021-02-14,5306800841,9952863713,,,,,,,,,
2021-02-15,5455600901,10205734805,,,,,,,,,
2021-02-16,5583273615,10164505084,,,,,,,,,
2021-02-17,5971364076,10364723058,,,,,,,,,
2021-02-18,6254593332,10774231310,,,,,,,,,
2021-02-19,6562816085,11359997883,,,,,,,,,
2021-02-20,6892652354,11863636143,,,,,,,,,
2021-02-21,7232184100,12441497764,,,,,,,,,
2021-02-22,7259580781,12419094188,,,,,,,,,
2021-02-23,6932339231,11593334785,,,,,,,,,
2021-02-24,6166583813,10083300144,,,,,,,,,
2021-02-25,6496700546,10939085392,,,,,,,,,
2021-02-26,6863917557,11019703337,,,,,,,,,
2021-02-27,6573914010,10430914326,,,,,,,,,
2021-02-28,6640867723,10429994178,,,,,,,,,
2021-03-01,6568946673,10257143761,,,,,,,,,
2021-03-02,6884975169,11274457906,,,,,,,,,
2021-03-03,6987871906,11421823872,,,,,,,,,
2021-03-04,7312850533,12050411396,,,,,,,,,
2021-03-05,7262426459,11771257962,,,,,,,,,
2021-03-06,7114434718,11449794186,,,,,,,,,
2021-03-07,7104912934,11635463660,,,,,,,,,
2021-03-08,7225338275,11728642172,,,,,,,,,
2021-03-09,7175303083,11884399835,,,,,,,,,
2021-03-10,7309682066,12496557069,,,,,,,,,
2021-03-11,7909804079,12721872989,,,,,,,,,
2021-03-12,8474725897,13290586460,,,,,,,,,
2021-03-13,8310848196,14034978409,,,,,,,,,
2021-03-14,8675265827,14793172805,,,,,,,,,
2021-03-15,9048867512,14669471397,,,,,,,,,
2021-03-16,8696447602,13589322775,,,,,,,,,
2021-03-17,8849046407,13771507291,,,,,,,,,
2021-03-18,8899515599,13822520142,,,,,,,,,
2021-03-19,8971958625,14091825605,,,,,,,,,
2021-03-20,9146050597,14645686527,,,,,,,,,
2021-03-21,9536851536,15093222622,,,,,,,,,
2021-03-22,9455359115,14699369974,,,,,,,,,
2021-03-23,9599389899,14797004696,,,,,,,,,
2021-03-24,9710227802,14618675781,,,,,,,,,
2021-03-25,9583892184,14494327842,,,,,,,,,
2021-03-26,9551728538,14126218973,,,,,,,,,
2021-03-27,9504791892,14635746815,,,,,,,,,
2021-03-28,9524088955,14375118815,,,,,,,,,
2021-03-29,9533804954,14563084250,,,,,,,,,
2021-03-30,9779174883,15348302941,,,,,,,,,
2021-03-31,9802513379,16410110268,,,,,,,,,
2021-04-01,9815736648,16361711928,,,,,,,,,
2021-04-02,10499855206,17191594055,,,,,,,,,
2021-04-03,10961098305,18107783207,,,,,,,,,
2021-04-04,11128045486,18742435233,,,,,,,,,
2021-04-05,11416102589,19084014440,,,,,,,,,
2021-04-06,11582283625,19354274348,,,,,,,,,
2021-04-07,11733325273,19465341606,,,,,,,,,
2021-04-08,11455200375,18575715611,,,,,,,,,
2021-04-09,11440989094,19033428807,,,,,,,,,
2021-04-10,11733367433,19519348116,,,,,,,,,
2021-04-11,12095642508,20080194722,,,,,,,,,
2021-04-12,12212272754,20076601705,,,,,,,,,
2021-04-13,12579178810,21021804255,,,,,,,,,
2021-04-14,13465442277,22179032639,,,,,,,,,
2021-04-15,14282951582,23381432756,,,,,,,,,
2021-04-16,14702277687,23532298914,,,,,,,,,
2021-04-17,14353735286,23929635476,,,,,,,,,
2021-04-18,14920054035,23874746154,,,,,,,,,
2021-04-19,13129351024,20093135892,,,,,,,,,
2021-04-20,13227130193,21057536656,,,,,,,,,
2021-04-21,12806956323,20882486560,,,,,,,,,
2021-04-22,11351333203,20668865990,,,,,,,,,
2021-04-23,11563369144,21343817921,,,,,,,,,
2021-04-24,11361743918,20184161369,,,,,,,,,
2021-04-25,11239458495,19172332904,,,,,,,,,
2021-04-26,11487712730,20161971756,,,,,,,,,
2021-04-27,12977463571,22221583326,,,,,,,,,
2021-04-28,13923964011,23369669254,,,,,,,,,
2021-04-29,14555281571,24285560986,,,,,,,,,
2021-04-30,15239687085,24793781978,,,,,,,,,
2021-05-01,15937812009,25555621400,,,,,,,,,
2021-05-02,16584113053,26684488210,,,,,,,,,
2021-05-03,16801861357,27158975268,,,,,,,,,
2021-05-04,17588983436,29201654688,,,,,,,,,
2021-05-05,17985785886,29815291025,,,,,,,,,
2021-05-06,18305820816,29443610143,,,,,,,,,
2021-05-07,18844156416,31025900955,,,,,,,,,
2021-05-08,19067530521,30111750157,,,,,,,,,
2021-05-09,22222798749,30960797479,,,,,,,,,
2021-05-10,22589245995,32139914225,,,,,,,,,
2021-05-11,22361959805,32224183670,,,,,,,,,
2021-05-12,22181184787,32135224612,,,,,,,,,
2021-05-13,21688241357,32966795047,,,,,,,,,
2021-05-14,18793001737,30771088029,,,,,,,,,
2021-05-15,18991405753,32042585893,,,,,,,,,
2021-05-16,19121884640,30830311362,,,,,,,,,
2021-05-17,19696728255,30987458238,,,,,,,,,
2021-05-18,19071249812,29253889603,,,,,,,,,
2021-05-19,19575985229,29182649938,,,,,,,,,
2021-05-20,15755767496,23476618882,,,,,,,,,
2021-05-21,15419012099,23300940068,,,,,,,,,
2021-05-22,14990207571,22588705544,,,,,,,,,
2021-05-23,14584778876,20619752417,,,,,,,,,
2021-05-24,12261950050,18486403011,,,,,,,,,
2021-05-25,13145016819,20960846566,,,,,,,,,
2021-05-26,13323601208,21055677458,,,,,,,,,
2021-05-27,14027818276,23222336927,,,,,,,,,
2021-05-28,15004477134,23578241385,,,,,,,,,
2021-05-29,14604163353,21745235737,,,,,,,,,
2021-05-30,13958771787,21326559692,,,,,,,,,
2021-05-31,14933240519,23051797153,,,,,,,,,
2021-06-01,15418940027,24261709042,,,,,,,,,
2021-06-02,15633679942,24473775017,,,,,,,,,
2021-06-03,16037457553,25647533784,,,,,,,,,
2021-06-04,16388724770,25955486124,,,,,,,,,
2021-06-05,16010117480,24926083718,,,,,,,,,
2021-06-06,15941447627,25102675178,,,,,,,,,
2021-06-07,16089998298,25411791374,,,,,,,,,
2021-06-08,16442109327,25404172353,,,,,,,,,
2021-06-09,15889252411,24277524131,,,,,,,,,
2021-06-10,16068330897,24846141624,,,,,,,,,
2021-06-11,15951931741,24441864150,,,,,,,,,
2021-06-12,15262174923,23695906523,,,,,,,,,
2021-06-13,15090616623,23398205255,,,,,,,,,
2021-06-14,15224967329,23887248150,,,,,,,,,
2021-06-15,15596464569,24710647929,,,,,,,,,
2021-06-16,16173767122,25022470372,,,,,,,,,
2021-06-17,15999775293,23670295511,,,,,,,,,
2021-06-18,14983476743,23325044296,,,,,,,,,
2021-06-19,14636099754,22725641062,,,,,,,,,
2021-06-20,14397019317,22173845186,,,,,,,,,
2021-06-21,14160224493,21351015079,,,,,,,,,
2021-06-22,12804448629,19667568786,,,,,,,,,
2021-06-23,12883041132,19372243655,,,,,,,,,
2021-06-24,12878942431,20198389247,,,,,,,,,
2021-06-25,13329753198,20527823677,,,,,,,,,
2021-06-26,13114440179,19758190292,,,,,,,,,
2021-06-27,12997054076,19780597598,,,,,,,,,
2021-06-28,12901396565,20287217804,,,,,,,,,
2021-06-29,13104212650,20873902711,,,,,,,,,
2021-06-30,11669406663,21309811830,,,,,,,,,
2021-07-01,12097222371,21111246189,,,,,,,,,
2021-07-02,12149362534,20887479509,,,,,,,,,
2021-07-03,12188719063,20578644999,,,,,,,,,
2021-07-04,12265911891,21386621850,,,,,,,,,
2021-07-05,12451242879,21821422959,,,,,,,,,
2021-07-06,12532381387,21768349444,,,,,,,,,
2021-07-07,12669136033,22534473380,,,,,,,,,
2021-07-08,12894216544,22741021206,,,,,,,,,
2021-07-09,12851519915,21985126379,,,,,,,,,
2021-07-10,13410778248,22060732101,,,,,,,,,
2021-07-11,13830661873,22478981858,,,,,,,,,
2021-07-12,13950482968,22317651841,,,,,,,,,
2021-07-13,14079611781,21825321749,,,,,,,,,
2021-07-14,13891486596,21072379050,,,,,,,,,
2021-07-15,14034535674,21510046961,,,,,,,,,
2021-07-16,14500666066,21255712786,,,,,,,,,
2021-07-17,15825175613,21767923777,,,,,,,,,
2021-07-18,15992417369,22218284171,,,,,,,,,
2021-07-19,15931101630,22146829732,,,,,,,,,
2021-07-20,15874864785,21563183873,,,,,,,,,
2021-07-21,15753588901,21443762332,,,,,,,,,
2021-07-22,15857523380,23007081594,,,,,,,,,
2021-07-23,15924211875,23035200529,,,,,,,,,
2021-07-24,16085308263,23676629622,,,,,,,,,
2021-07-25,16331341541,24115854961,,,,,,,,,
2021-07-26,16492624629,24430620311,,,,,,,,,
2021-07-27,16576475001,25039626281,,,,,,,,,
2021-07-28,16850871766,25556277759,,,,,,,,,
2021-07-29,16317440266,25206133039,,,,,,,,,
2021-07-30,17355062726,25932869026,,,,,,,,,
2021-07-31,17618410934,26388232002,,,,,,,,,
2021-08-01,17685697410,26953432920,,,,,,,,,
2021-08-02,17676924284,26676819176,,,,,,,,,
2021-08-03,17707373165,26431916384,,,,,,,,,
2021-08-04,17465510648,26818581837,,,,,,,,,
2021-08-05,17607961217,28066912339,,,,,,,,,
2021-08-06,17677504667,28842809043,,,,,,,,,
2021-08-07,17785997737,27969277103,,,,,,,,,
2021-08-08,18214380870,30446870507,,,,,,,,,
2021-08-09,18330966218,29865320219,,,,,,,,,
2021-08-10,18969129507,30981003938,,,,,,,,,
2021-08-11,19042088650,29302259253,,,,,,,,,
2021-08-12,18897438556,31070705682,,,,,,,,,
2021-08-13,19092423578,30643582745,,,,,,,,,
2021-08-14,19351270605,31922829660,,,,,,,,,
2021-08-15,19583251715,32078924783,,,,,,,,,
2021-08-16,19576817327,32620346901,,,,,,,,,
2021-08-17,19488535927,32017663743,,,,,,,,,
2021-08-18,19508691832,31190361439,,,,,,,,,
2021-08-19,19552880877,31496836377,,,,,,,,,
2021-08-20,19755263451,33038347038,,,,,,,,,
2021-08-21,19927335142,34144766141,,,,,,,,,
2021-08-22,20102716313,33895554214,,,,,,,,,
2021-08-23,20157179917,34041172322,,,,,,,,,
2021-08-24,20274338962,34492033712,,,,,,,,,
2021-08-25,20497676993,33942213160,,,,,,,,,
2021-08-26,20708791203,34296199514,,,,,,,,,
2021-08-27,20587627200,33855101284,,,,,,,,,
2021-08-28,20862091855,35137493451,,,,,,,,,
2021-08-29,20885398544,34892539143,,,,,,,,,
2021-08-30,20897669134,34813079455,,,,,,,,,
2021-08-31,20880782300,34871357300,,,,,,,,,
2021-09-01,21089919088,36140842265,,,,,,,,,
2021-09-02,21447121171,38274604351,,,,,,,,,
2021-09-03,22154321195,38366756076,,,,,,,,,
2021-09-04,22693432102,39258617203,,,,,,,,,
2021-09-05,22887041416,39439247344,,,,,,,,,
2021-09-06,23056281699,40021414069,,,,,,,,,
2021-09-07,23295171239,39480947450,,,,,,,,,
2021-09-08,22447617085,35941777790,,,,,,,,,
2021-09-09,22010933577,36260425773,,,,,,,,,
2021-09-10,22062089738,36620390967,,,,,,,,,
2021-09-11,21813026307,35035054002,,,,,,,,,
2021-09-12,21701798568,35381139036,,,,,,,,,
2021-09-13,21627897013,35912028048,,,,,,,,,
2021-09-14,21488199843,34984216839,,,,,,,,,
2021-09-15,21297141836,36237502802,,,,,,,,,
2021-09-16,21649771574,37426446420,,,,,,,,,
2021-09-17,21618138847,36708229720,,,,,,,,,
2021-09-18,21732135260,36149486958,,,,,,,,,
2021-09-19,21837132695,36543837873,,,,,,,,,
2021-09-20,21939675986,35347570289,,,,,,,,,
2021-09-21,21038114567,32229044937,,,,,,,,,
2021-09-22,20886952851,31973421497,,,,,,,,,
2021-09-23,20760724652,34360410099,,,,,,,,,
2021-09-24,21084543858,34945104368,,,,,,,,,
2021-09-25,20899173867,34003369555,,,,,,,,,
2021-09-26,20862864405,33785706742,,,,,,,,,
2021-09-27,20870482815,34621192369,,,,,,,,,
2021-09-28,20250968449,33250818883,,,,,,,,,
2021-09-29,19986084712,32675728463,,,,,,,,,
2021-09-30,20102986684,33411657194,,,,,,,,,
2021-10-01,17756795631,34046495654,,,,,,,,,
2021-10-02,18013543937,36207499682,,,,,,,,,
2021-10-03,18243057061,37237827507,,,,,,,,,
2021-10-04,18313151619,37476111646,,,,,,,,,
2021-10-05,18337842322,37273957233,,,,,,,,,
2021-10-06,18523746179,38237096085,,,,,,,,,
2021-10-07,19883030032,39017166600,,,,,,,,,
2021-10-08,24582361485,40387578063,,,,,,,,,
2021-10-09,26692364450,40402054345,,,,,,,,,
2021-10-10,27886328825,40741870848,,,,,,,,,
2021-10-11,27184134527,40022272779,,,,,,,,,
2021-10-12,25561619312,40361124332,,,,,,,,,
2021-10-13,24739370216,40039698368,,,,,,,,,
2021-10-14,26381118627,41523365874,,,,,,,,,
2021-10-15,26617972320,42292513275,,,,,,,,,
2021-10-16,25383679228,43575874787,,,,,,,,,
2021-10-17,25568789759,43388914194,,,,,,,,,
2021-10-18,24772032250,43537370225,,,,,,,,,
2021-10-19,24531477578,42698539320,,,,,,,,,
2021-10-20,24830530473,43920448890,,,,,,,,,
2021-10-21,24699882842,46116558054,,,,,,,,,
2021-10-22,24408967186,44901002578,,,,,,,,,
2021-10-23,24496521411,44277431229,,,,,,,,,
2021-10-24,25378422544,45684362006,,,,,,,,,
2021-10-25,25603450983,45137110655,,,,,,,,,
2021-10-26,26215261318,46497376493,,,,,,,,,
2021-10-27,26137269146,45650782787,,,,,,,,,
2021-10-28,25852892069,43354525477,,,,,,,,,
2021-10-29,26295558177,45302522583,,,,,,,,,
2021-10-30,23792091624,41641121907,,,,,,,,,
2021-10-31,23565889213,39363418851,,,,,,,,,
2021-11-01,23412628132,41441486043,,,,,,,,,
2021-11-02,23255697440,42368109015,,,,,,,,,
2021-11-03,23721156103,44821042024,,,,,,,,,
2021-11-04,23523467108,45693705003,,,,,,,,,
2021-11-05,23724020705,45779658834,,,,,,,,,
2021-11-06,24056083481,45326566483,,,,,,,,,
2021-11-07,24109243150,46355353680,,,,,,,,,
2021-11-08,24660641868,48360382399,,,,,,,,,
2021-11-09,26348954900,49610622994,,,,,,,,,
2021-11-10,27401238737,49261385712,,,,,,,,,
2021-11-11,26536873854,48016557780,,,,,,,,,
2021-11-12,25940911904,48979520044,,,,,,,,,
2021-11-13,25935719106,48756735589,,,,,,,,,
2021-11-14,25800039189,49115151481,,,,,,,,,
2021-11-15,25907079421,49205315315,,,,,,,,,
2021-11-16,25470148619,48311993173,,,,,,,,,
2021-11-17,24592915129,45981936226,,,,,,,,,
2021-11-18,24706467497,46136051789,,,,,,,,,
2021-11-19,24258121610,43752091818,,,,,,,,,
2021-11-20,24886716780,46887766839,,,,,,,,,
2021-11-21,25409505601,48664058584,,,,,,,,,
2021-11-22,25475811467,48242320842,,,,,,,,,
2021-11-23,25143037048,45961704588,,,,,,,,,
2021-11-24,25492672304,47469208313,,,,,,,,,
2021-11-25,26047888344,47043912618,,,,,,,,,
2021-11-26,26451159075,48908695694,,,,,,,,,
2021-11-27,25683435040,44978216764,,,,,,,,,
2021-11-28,25947298142,45387430689,,,,,,,,,
2021-11-29,26552421595,47185354786,,,,,,,,,
2021-11-30,26565215668,47706610715,,,,,,,,,
2021-12-01,26776298706,48734606461,,,,,,,,,
2021-12-02,26620690371,49045972074,,,,,,,,,
2021-12-03,26375072730,48714240548,,,,,,,,,
2021-12-04,26057437052,46152063695,,,,,,,,,
2021-12-05,24918828272,44656660950,,,,,,,,,
2021-12-06,24850788536,43987631951,,,,,,,,,
2021-12-07,27278391459,45647999812,,,,,,,,,
2021-12-08,27616008370,46160299824,,,,,,,,,
2021-12-09,27474198877,47114742101,,,,,,,,,
2021-12-10,26820581595,44682757271,,,,,,,,,
2021-12-11,26492280281,43049778604,,,,,,,,,
2021-12-12,26361210916,43648648545,,,,,,,,,
2021-12-13,26349712045,44473421225,,,,,,,,,
2021-12-14,25391240457,41520121409,,,,,,,,,
2021-12-15,24906590064,42298145278,,,,,,,,,
2021-12-16,25136204174,43576853280,,,,,,,,,
2021-12-17,25474375731,43051625388,,,,,,,,,
2021-12-18,25828224168,42946212778,,,,,,,,,
2021-12-19,26562092544,44293959718,,,,,,,,,
2021-12-20,26624624967,44335383673,,,,,,,,,
2021-12-21,26757864445,44772423645,,,,,,,,,
2021-12-22,27122852748,46471414149,,,,,,,,,
2021-12-23,27234264104,45868616689,,,,,,,,,
2021-12-24,27505170629,47723081902,,,,,,,,,
2021-12-25,27316585014,47317324321,,,,,,,,,
2021-12-26,27107969717,47739893971,,,,,,,,,
2021-12-27,27333985311,48558860261,,,,,,,,,
2021-12-28,27288881042,47693987285,,,,,,,,,
2021-12-29,26895440306,45880379866,,,,,,,,,
2021-12-30,27161418527,44977943454,,,,,,,,,
2021-12-31,26795935187,45101600998,,,,,,,,,
2022-01-01,26584737970,45218063548,,,,,,,,,
2022-01-02,26798724530,46158206466,,,,,,,,,
2022-01-03,26901424759,46357652909,,,,,,,,,
2022-01-04,26863670498,46056628237,,,,,,,,,
2022-01-05,26868995012,46014092346,,,,,,,,,
2022-01-06,26450590688,44394767048,,,,,,,,,
2022-01-07,25986075500,43677818257,,,,,,,,,
2022-01-08,25553582982,42592749739,,,,,,,,,
2022-01-09,25079108846,41861224111,,,,,,,,,
2022-01-10,25213382956,42510262245,,,,,,,,,
2022-01-11,24789280942,41679860253,,,,,,,,,
2022-01-12,25295546546,43385616962,,,,,,,,,
2022-01-13,25927765259,44926758936,,,,,,,,,
2022-01-14,26070921579,44112713282,,,,,,,,,
2022-01-15,26068839553,44498846548,,,,,,,,,
2022-01-16,25580115750,44810677061,,,,,,,,,
2022-01-17,25707485575,44835741401,,,,,,,,,
2022-01-18,25403530802,43414398918,,,,,,,,,
2022-01-19,25148970547,43786250004,,,,,,,,,
2022-01-20,24936131263,43481779922,,,,,,,,,
2022-01-21,25002440683,42468662596,,,,,,,,,
2022-01-22,22499657333,37860664448,,,,,,,,,
2022-01-23,20443383573,36525401619,,,,,,,,,
2022-01-24,20770834039,37736453966,,,,,,,,,
2022-01-25,19959250816,36513872010,,,,,,,,,
2022-01-26,20403911584,38717935534,,,,,,,,,
2022-01-27,20243764835,38964230582,,,,,,,,,
2022-01-28,19753248354,37456187091,,,,,,,,,
2022-01-29,19739424527,37452668277,,,,,,,,,
2022-01-30,19933455450,37806796318,,,,,,,,,
2022-01-31,19784422783,37084271907,,,,,,,,,
2022-02-01,19840703154,37630343892,,,,,,,,,
2022-02-02,19978027534,38398589297,,,,,,,,,
2022-02-03,19805926470,37150182773,,,,,,,,,
2022-02-04,19701341620,37798075383,,,,,,,,,
2022-02-05,20130825538,40277102315,,,,,,,,,
2022-02-06,20104002097,41000868834,,,,,,,,,
2022-02-07,20341441580,41554796074,,,,,,,,,
2022-02-08,20809278470,42456534750,,,,,,,,,
2022-02-09,21017904802,42546057760,,,,,,,,,
2022-02-10,21440788504,42801090682,,,,,,,,,
2022-02-11,21926368975,41512086370,,,,,,,,,
2022-02-12,21121777400,40728907996,,,,,,,,,
2022-02-13,20789781418,41023876324,,,,,,,,,
2022-02-14,20679782751,40767194601,,,,,,,,,
2022-02-15,19478165934,41150049316,,,,,,,,,
2022-02-16,19696173640,43004226735,,,,,,,,,
2022-02-17,19667573852,42833966784,,,,,,,,,
2022-02-18,19253157593,40577428559,,,,,,,,,
2022-02-19,18965539938,40076516671,,,,,,,,,
2022-02-20,18993110770,40109693831,,,,,,,,,
2022-02-21,18644392391,39650259278,,,,,,,,,
2022-02-22,17444794019,38636084441,,,,,,,,,
2022-02-23,17286734373,39416398862,,,,,,,,,
2022-02-24,17479907411,39572038723,,,,,,,,,
2022-02-25,16556140246,40378248731,,,,,,,,,
2022-02-26,16783513735,41720996333,,,,,,,,,
2022-02-27,16830039661,41841249001,,,,,,,,,
2022-02-28,16374976025,40528406855,,,,,,,,,
2022-03-01,17245947051,44269376009,,,,,,,,,
2022-03-02,17697158399,44776651572,,,,,,,,,
2022-03-03,17808802282,44957755775,,,,,,,,,
2022-03-04,17995327344,43903385034,,,,,,,,,
2022-03-05,17758833466,42074202466,,,,,,,,,
2022-03-06,17931997683,42970298895,,,,,,,,,
2022-03-07,17605737543,41775853389,,,,,,,,,
2022-03-08,17580390765,42063833256,,,,,,,,,
2022-03-09,17642047750,43146281399,,,,,,,,,
2022-03-10,18026276567,45049405798,,,,,,,,,
2022-03-11,17747978412,43962034025,,,,,,,,,
2022-03-12,17600321037,43270530508,,,,,,,,,
2022-03-13,17568002429,43250736903,,,,,,,,,
2022-03-14,17477329869,42800425281,,,,,,,,,
2022-03-15,17463338926,43867254923,,,,,,,,,
2022-03-16,17518082554,43994606807,,,,,,,,,
2022-03-17,17807880991,45330016932,,,,,,,,,
2022-03-18,17976482943,45632695348,,,,,,,,,
2022-03-19,18236943379,47169611871,,,,,,,,,
2022-03-20,18337741864,47495959559,,,,,,,,,
2022-03-21,18466247721,46886052346,,,,,,,,,
2022-03-22,18623639955,47296382585,,,,,,,,,
2022-03-23,18823648747,47896581258,,,,,,,,,
2022-03-24,18904022148,48330416512,,,,,,,,,
2022-03-25,18899406649,48896858122,,,,,,,,,
2022-03-26,18924256815,47910388363,,,,,,,,,
2022-03-27,19037200776,48396955590,,,,,,,,,
2022-03-28,19331599915,49627194077,,,,,,,,,
2022-03-29,19709475178,49998200226,,,,,,,,,
2022-03-30,19771207745,50898616092,,,,,,,,,
2022-03-31,20013382659,50751039819,,,,,,,,,
2022-04-01,20962405796,50096884046,,,,,,,,,
2022-04-02,21259432939,51118472251,,,,,,,,,
2022-04-03,21398668204,51402789539,,,,,,,,,
2022-04-04,21417656121,51771792628,,,,,,,,,
2022-04-05,21556597015,52011853369,,,,,,,,,
2022-04-06,21499563061,51361689412,,,,,,,,,
2022-04-07,21037278569,49218464506,,,,,,,,,
2022-04-08,20617099852,49525202789,,,,,,,,,
2022-04-09,20582389732,48444021744,,,,,,,,,
2022-04-10,20422029744,49070314493,,,,,,,,,
2022-04-11,20302797781,48674214441,,,,,,,,,
2022-04-12,19451159014,46309845234,,,,,,,,,
2022-04-13,19382032681,46985927774,,,,,,,,,
2022-04-14,19511947186,48110469691,,,,,,,,,
2022-04-15,19338762712,46961029891,,,,,,,,,
2022-04-16,19462036734,47749583496,,,,,,,,,
2022-04-17,19516701818,48242159141,,,,,,,,,
2022-04-18,19465729319,47515472732,,,,,,,,,
2022-04-19,19587233869,48748493432,,,,,,,,,
2022-04-20,19849514040,48756927164,,,,,,,,,
2022-04-21,20508145018,49179528250,,,,,,,,,
2022-04-22,21186390520,48281788738,,,,,,,,,
2022-04-23,21364463697,48526700749,,,,,,,,,
2022-04-24,21563789054,48289274540,,,,,,,,,
2022-04-25,21738600034,48337514545,,,,,,,,,
2022-04-26,22075722811,49928758416,,,,,,,,,
2022-04-27,21907327770,48010781221,,,,,,,,,
2022-04-28,22011331154,48805687631,,,,,,,,,
2022-04-29,21264741799,48905774974,,,,,,,,,
2022-04-30,20817345027,47803484775,,,,,,,,,
2022-05-01,20299824492,46492908533,,,,,,,,,
2022-05-02,20208196500,47581437470,,,,,,,,,
2022-05-03,20422451725,48286834348,,,,,,,,,
2022-05-04,19500501402,48049642326,,,,,,,,,
2022-05-05,19436273570,49517517881,,,,,,,,,
2022-05-06,18606571599,47640720254,,,,,,,,,
2022-05-07,18408353940,47001110472,,,,,,,,,
2022-05-08,17650675930,44606295843,,,,,,,,,
2022-05-09,16593070508,42517111948,,,,,,,,,
2022-05-10,13259907798,34646739787,,,,,,,,,
2022-05-11,12914225801,32644614212,,,,,,,,,
2022-05-12,11110672976,26893662949,,,,,,,,,
2022-05-13,9170867498,22070016891,,,,,,,,,
2022-05-14,8991842837,21929792363,,,,,,,,,
2022-05-15,9015548885,22263931352,,,,,,,,,
2022-05-16,9138066989,22844294203,,,,,,,,,
2022-05-17,8985677776,21522492494,,,,,,,,,
2022-05-18,8915480579,22054220620,,,,,,,,,
2022-05-19,8754133677,20908338314,,,,,,,,,
2022-05-20,8735615055,21444009427,,,,,,,,,
2022-05-21,8684845313,20874454125,,,,,,,,,
2022-05-22,8554112935,20986981605,,,,,,,,,
2022-05-23,8640521609,22506702241,,,,,,,,,
2022-05-24,8653015949,22439431244,,,,,,,,,
2022-05-25,8650496187,22544633373,,,,,,,,,
2022-05-26,8436294345,22693938375,,,,,,,,,
2022-05-27,8051165110,21824262045,,,,,,,,,
2022-05-28,7829902545,21705738442,,,,,,,,,
2022-05-29,7839865630,22121313184,,,,,,,,,
2022-05-30,7847665214,22186943658,,,,,,,,,
2022-05-31,8141781420,23222772030,,,,,,,,,
2022-06-01,8389494576,23123861721,,,,,,,,,
2022-06-02,8955044053,22101890310,,,,,,,,,
2022-06-03,9695430910,22351291978,,,,,,,,,
2022-06-04,9895609076,21823090391,,,,,,,,,
2022-06-05,9901195508,21992531836,,,,,,,,,
2022-06-06,9953654257,22172788324,,,,,,,,,
2022-06-07,10158227364,22507515249,,,,,,,,,
2022-06-08,10137997255,22449863797,,,,,,,,,
2022-06-09,10168542609,22272475455,,,,,,,,,
2022-06-10,9980860218,21879349965,,,,,,,,,
2022-06-11,9751931455,21309525395,,,,,,,,,
2022-06-12,9396923307,20694454623,,,,,,,,,
2022-06-13,8930908308,19744794483,,,,,,,,,
2022-06-14,7635149294,16272372326,,,,,,,,,
2022-06-15,6944116788,15513179403,,,,,,,,,
2022-06-16,6977972437,15392054822,,,,,,,,,
2022-06-17,6956586698,13892476674,,,,,,,,,
2022-06-18,6942368313,14019439936,,,,,,,,,
2022-06-19,6515047985,13278533817,,,,,,,,,
2022-06-20,6561437183,14003361921,,,,,,,,,
2022-06-21,6607742007,14085819818,,,,,,,,,
2022-06-22,6363091566,13945138015,,,,,,,,,
2022-06-23,6477284148,14184552415,,,,,,,,,
2022-06-24,6600423592,14811543671,,,,,,,,,
2022-06-25,6709013663,15264155053,,,,,,,,,
2022-06-26,6722455332,15327389447,,,,,,,,,
2022-06-27,6689465709,15058362735,,,,,,,,,
2022-06-28,6561073446,14785086573,,,,,,,,,
2022-06-29,6538651825,14331628922,,,,,,,,,
2022-06-30,6576421845,14120323742,,,,,,,,,
2022-07-01,6509340622,13891912243,,,,,,,,,
2022-07-02,6375396321,13901521835,,,,,,,,,
2022-07-03,6369637337,14925587551,,,,,,,,,
2022-07-04,6176177280,14794473911,,,,,,,,,
2022-07-05,6439412005,15241313787,,,,,,,,,
2022-07-06,6202432676,15621657643,,,,,,,,,
2022-07-07,6010652178,15812784742,,,,,,,,,
2022-07-08,6073553911,16188605294,,,,,,,,,
2022-07-09,6041582334,16114085302,,,,,,,,,
2022-07-10,6038384358,16060453643,,,,,,,,,
2022-07-11,5972500632,15756270168,,,,,,,,,
2022-07-12,5749893842,15262870710,,,,,,,,,
2022-07-13,5625501279,14647530489,,,,,,,,,
2022-07-14,5858822887,14863902655,,,,,,,,,
2022-07-15,6000893854,15103114634,,,,,,,,,
2022-07-16,6012141105,15235374767,,,,,,,,,
2022-07-17,6248241442,15711316740,,,,,,,,,
2022-07-18,6341062322,15589860400,,,,,,,,,
2022-07-19,6643748480,16440272491,,,,,,,,,
2022-07-20,6772504072,16484798615,,,,,,,,,
2022-07-21,6754319696,16311375000,,,,,,,,,
2022-07-22,6736706978,16531713653,,,,,,,,,
2022-07-23,6322693473,16502706538,,,,,,,,,
2022-07-24,6293283654,16476882718,,,,,,,,,
2022-07-25,6321654392,16434846376,,,,,,,,,
2022-07-26,6214189972,15964712019,,,,,,,,,
2022-07-27,6348329239,15945105719,,,,,,,,,
2022-07-28,6426292200,16696501260,,,,,,,,,
2022-07-29,6638404257,17171080600,,,,,,,,,
2022-07-30,6214025043,16600835290,,,,,,,,,
2022-07-31,6202223273,16595563345,,,,,,,,,
2022-08-01,6177348863,16548596703,,,,,,,,,
2022-08-02,6219196377,16305546678,,,,,,,,,
2022-08-03,6029016125,16095405736,,,,,,,,,
2022-08-04,6164412392,16146538804,,,,,,,,,
2022-08-05,6822168462,16406048621,,,,,,,,,
2022-08-06,7350281143,16971909930,,,,,,,,,
2022-08-07,7618668466,16829978120,,,,,,,,,
2022-08-08,7692844416,16952032003,,,,,,,,,
2022-08-09,8091902306,17333916574,,,,,,,,,
2022-08-10,8064026424,16935695145,,,,,,,,,
2022-08-11,8222563854,17712074866,,,,,,,,,
2022-08-12,8317922955,17693269287,,,,,,,,,
2022-08-13,8418551256,18032339466,,,,,,,,,
2022-08-14,8498410337,17947439824,,,,,,,,,
2022-08-15,8486687742,17754480917,,,,,,,,,
2022-08-16,8372672532,17591699327,,,,,,,,,
2022-08-17,8078380509,17714199274,,,,,,,,,
2022-08-18,7915555535,17371110867,,,,,,,,,
2022-08-19,7648582251,17097196285,,,,,,,,,
2022-08-20,7282086215,16212198484,,,,,,,,,
2022-08-21,7194717916,16201140144,,,,,,,,,
2022-08-22,7216378033,16458098058,,,,,,,,,
2022-08-23,7263973411,16440894444,,,,,,,,,
2022-08-24,7521993276,16496574022,,,,,,,,,
2022-08-25,7510470596,16526590678,,,,,,,,,
2022-08-26,7502878138,16600066004,,,,,,,,,
2022-08-27,7133432380,15757760662,,,,,,,,,
2022-08-28,7066253065,15671296940,,,,,,,,,
2022-08-29,6985525534,15317997134,,,,,,,,,
2022-08-30,7007339829,15571541577,,,,,,,,,
2022-08-31,6979555382,15481184302,,,,,,,,,
2022-09-01,7038512926,15513731379,,,,,,,,,
2022-09-02,7060862360,15684157114,,,,,,,,,
2022-09-03,7085731684,15802214677,,,,,,,,,
2022-09-04,7098171004,15718175475,,,,,,,,,
2022-09-05,7094262244,15665370253,,,,,,,,,
2022-09-06,7224048474,15796350656,,,,,,,,,
2022-09-07,7069249447,15071136226,,,,,,,,,
2022-09-08,7058502299,15324717581,,,,,,,,,
2022-09-09,7077994394,15219169178,,,,,,,,,
2022-09-10,7318880286,15821768764,,,,,,,,,
2022-09-11,7351803153,16003744555,,,,,,,,,
2022-09-12,7305692321,15906417277,,,,,,,,,
2022-09-13,7125058698,15727789010,,,,,,,,,
2022-09-14,6912903296,14872813011,,,,,,,,,
2022-09-15,6906936400,14754147043,,,,,,,,,
2022-09-16,6246118957,14259576261,,,,,,,,,
2022-09-17,6308946992,14230113537,,,,,,,,,
2022-09-18,6312049991,14421267616,,,,,,,,,
2022-09-19,6169630619,13968727476,,,,,,,,,
2022-09-20,5983258177,14028234749,,,,,,,,,
2022-09-21,6055597508,13911133620,,,,,,,,,
2022-09-22,6031242407,13637652639,,,,,,,,,
2022-09-23,6145291975,14125534367,,,,,,,,,
2022-09-24,6279525999,14187364078,,,,,,,,,
2022-09-25,6243855779,14103715115,,,,,,,,,
2022-09-26,7117299300,13999557610,,,,,,,,,
2022-09-27,7177360110,14122864804,,,,,,,,,
2022-09-28,7228916649,14136621158,,,,,,,,,
2022-09-29,7062040759,14241938020,,,,,,,,,
2022-09-30,7022276313,14287322675,,,,,,,,,
2022-10-01,6971830891,14286528209,,,,,,,,,
2022-10-02,6943406814,14271375402,,,,,,,,,
2022-10-03,6901529960,14123651460,,,,,,,,,
2022-10-04,6932069327,14443976853,,,,,,,,,
2022-10-05,6956698283,14464585309,,,,,,,,,
2022-10-06,6956777825,14472951530,,,,,,,,,
2022-10-07,7109761276,14538007768,,,,,,,,,
2022-10-08,7041968710,14394835332,,,,,,,,,
2022-10-09,7032776672,14294663380,,,,,,,,,
2022-10-10,6988547067,14324798674,,,,,,,,,
2022-10-11,6970836899,14127419211,,,,,,,,,
2022-10-12,6897271591,14162572323,,,,,,,,,
2022-10-13,6819370864,14023149254,,,,,,,,,
2022-10-14,6753880629,13852292106,,,,,,,,,
2022-10-15,6736579696,13850951227,,,,,,,,,
2022-10-16,6741479536,13896790721,,,,,,,,,
2022-10-17,6750732495,13916182223,,,,,,,,,
2022-10-18,6619597361,13964553709,,,,,,,,,
2022-10-19,6709200084,13827905444,,,,,,,,,
2022-10-20,6625044332,13762097943,,,,,,,,,
2022-10-21,6630052273,13741087002,,,,,,,,,
2022-10-22,6667994397,13687901257,,,,,,,,,
2022-10-23,6673532984,13701501592,,,,,,,,,
2022-10-24,6819343963,13912166367,,,,,,,,,
2022-10-25,6820018106,13764418046,,,,,,,,,
2022-10-26,6869359280,14284676803,,,,,,,,,
2022-10-27,7202691368,14664851271,,,,,,,,,
2022-10-28,7274678746,14461601071,,,,,,,,,
2022-10-29,7327756366,14604217824,,,,,,,,,
2022-10-30,7369138262,14867422338,,,,,,,,,
2022-10-31,6850352986,14701495691,,,,,,,,,
2022-11-01,6824453922,14594941350,,,,,,,,,
2022-11-02,6918788318,14503528658,,,,,,,,,
2022-11-03,6766911680,14301877115,,,,,,,,,
2022-11-04,6807301193,14347393171,,,,,,,,,
2022-11-05,6924365523,14851330232,,,,,,,,,
2022-11-06,6883260436,14753196285,,,,,,,,,
2022-11-07,6855081109,14379379594,,,,,,,,,
2022-11-08,6609044297,14251570179,,,,,,,,,
2022-11-09,6096861110,13125909708,,,,,,,,,
2022-11-10,5571928756,11654217006,,,,,,,,,
2022-11-11,5568657477,12503343756,,,,,,,,,
2022-11-12,5490963145,12181564664,,,,,,,,,
2022-11-13,5483106145,11905257833,,,,,,,,,
2022-11-14,5171525105,11518684614,,,,,,,,,
2022-11-15,5109160871,11578935692,,,,,,,,,
2022-11-16,5128377741,11571368350,,,,,,,,,
2022-11-17,5132438483,11447413288,,,,,,,,,
2022-11-18,5111653461,11411496398,,,,,,,,,
2022-11-19,5144814612,11436997486,,,,,,,,,
2022-11-20,5192545063,11409381789,,,,,,,,,
2022-11-21,5118262195,11050517983,,,,,,,,,
2022-11-22,5056934216,10820744028,,,,,,,,,
2022-11-23,4927335645,10648289566,,,,,,,,,
2022-11-24,5228873515,11044538999,,,,,,,,,
2022-11-25,5275132018,10807199889,,,,,,,,,
2022-11-26,5298713370,10868382660,,,,,,,,,
2022-11-27,5310141041,10878467096,,,,,,,,,
2022-11-28,5301165012,10945679272,,,,,,,,,
2022-11-29,5230435946,10802329439,,,,,,,,,
2022-11-30,5374234646,11121196161,,,,,,,,,
2022-12-01,5306632543,11355836858,,,,,,,,,
2022-12-02,5042127863,11175363700,,,,,,,,,
2022-12-03,5001188315,11250256308,,,,,,,,,
2022-12-04,4965171406,11106401062,,,,,,,,,
2022-12-05,5045036007,11245225680,,,,,,,,,
2022-12-06,5062398536,11125918372,,,,,,,,,
2022-12-07,5012678614,11215949574,,,,,,,,,
2022-12-08,4952135567,11096183000,,,,,,,,,
2022-12-09,4961033672,11261794133,,,,,,,,,
2022-12-10,4917391249,11255467412,,,,,,,,,
2022-12-11,5053132521,11250483267,,,,,,,,,
2022-12-12,5051665167,11152306050,,,,,,,,,
2022-12-13,4902076067,11142043002,,,,,,,,,
2022-12-14,4903337671,11194645917,,,,,,,,,
2022-12-15,4890589953,11205427679,,,,,,,,,
2022-12-16,4634628843,10980648682,,,,,,,,,
2022-12-17,4523486200,10482171761,,,,,,,,,
2022-12-18,4539361537,10598750161,,,,,,,,,
2022-12-19,4557032410,10630956903,,,,,,,,,
2022-12-20,4623954157,10479590424,,,,,,,,,
2022-12-21,4668511301,10691249513,,,,,,,,,
2022-12-22,4646001612,10648811849,,,,,,,,,
2022-12-23,4631100227,10655734581,,,,,,,,,
2022-12-24,4617987339,10563671816,,,,,,,,,
2022-12-25,4619483555,10604026736,,,,,,,,,
2022-12-26,4621671948,10424258096,,,,,,,,,
2022-12-27,4641614536,10549023815,,,,,,,,,
2022-12-28,4633202503,10489370132,,,,,,,,,
2022-12-29,4583474348,10419755761,,,,,,,,,
2022-12-30,4541912927,10408181282,,,,,,,,,
2022-12-31,4524196607,10400629612,,,,,,,,,
2023-01-01,4491957509,10271764487,,,,,,,,,
2023-01-02,4492146407,10294848279,,,,,,,,,
2023-01-03,4518735397,10374793735,,,,,,,,,
2023-01-04,4493628703,10382620432,,,,,,,,,
2023-01-05,4527461881,10543391487,,,,,,,,,
2023-01-06,4520858768,10542251974,,,,,,,,,
2023-01-07,4556692000,10487625829,,,,,,,,,
2023-01-08,4638418748,10634806753,,,,,,,,,
2023-01-09,4672520325,10838614290,,,,,,,,,
2023-01-10,4711936031,10916805373,,,,,,,,,
2023-01-11,4718500070,10996999384,,,,,,,,,
2023-01-12,4737006453,11302252977,,,,,,,,,
2023-01-13,4761806179,11479197361,,,,,,,,,
2023-01-14,4890372038,12086587354,,,,,,,,,
2023-01-15,4900649320,12262553769,,,,,,,,,
2023-01-16,4918175948,12340860876,,,,,,,,,
2023-01-17,4964841537,12376279279,,,,,,,,,
2023-01-18,5029703155,12437037889,,,,,,,,,
2023-01-19,4984169159,12182009235,,,,,,,,,
2023-01-20,5005488180,12332166414,,,,,,,,,
2023-01-21,5130606319,13030926752,,,,,,,,,
2023-01-22,5133818105,13015976179,,,,,,,,,
2023-01-23,4975801039,13033049794,,,,,,,,,
2023-01-24,4962485546,13111923588,,,,,,,,,
2023-01-25,4904142427,12951484088,,,,,,,,,
2023-01-26,5037504962,13289717033,,,,,,,,,
2023-01-27,5064240621,13213325011,,,,,,,,,
2023-01-28,5119043870,13311845193,,,,,,,,,
2023-01-29,5099613561,13278633711,,,,,,,,,
2023-01-30,5194358930,13573438369,,,,,,,,,
2023-01-31,5163788612,13130604593,,,,,,,,,
2023-02-01,5190150742,13233253715,,,,,,,,,
2023-02-02,5305410550,13720444275,,,,,,,,,
2023-02-03,5335550608,13587641165,,,,,,,,,
2023-02-04,5341617047,13431661727,,,,,,,,,
2023-02-05,5359950656,13388319465,,,,,,,,,
2023-02-06,5337374226,13242227169,,,,,,,,,
2023-02-07,5361299527,13161802806,,,,,,,,,
2023-02-08,5504045450,13524712791,,,,,,,,,
2023-02-09,5496009541,13326315379,,,,,,,,,
2023-02-10,5340067133,12682598542,,,,,,,,,
2023-02-11,5264053027,12586446041,,,,,,,,,
2023-02-12,5294676775,12700664095,,,,,,,,,
2023-02-13,5198668707,12638132977,,,,,,,,,
2023-02-14,5287228876,12697228882,,,,,,,,,
2023-02-15,5330922371,12914554795,,,,,,,,,
2023-02-16,5504598690,13800548944,,,,,,,,,
2023-02-17,5422932211,13443545458,,,,,,,,,
2023-02-18,5468561153,13887239203,,,,,,,,,
2023-02-19,5505129981,14000440690,,,,,,,,,
2023-02-20,5497176138,13882109055,,,,,,,,,
2023-02-21,5548118981,14028092629,,,,,,,,,
2023-02-22,5553707131,13705558594,,,,,,,,,
2023-02-23,5604106204,13572971538,,,,,,,,,
2023-02-24,5651485339,13554097976,,,,,,,,,
2023-02-25,5608492564,13263449345,,,,,,,,,
2023-02-26,5620297068,13157597917,,,,,,,,,
2023-02-27,5659696370,13458092864,,,,,,,,,
2023-02-28,5676302437,13510012654,,,,,,,,,
2023-03-01,5714380634,13334324700,,,,,,,,,
2023-03-02,5720708600,13533493815,,,,,,,,,
2023-03-03,5591123789,13395618537,,,,,,,,,
2023-03-04,5486410955,12890058084,,,,,,,,,
2023-03-05,5443937213,12896860676,,,,,,,,,
2023-03-06,5489832830,12996377110,,,,,,,,,
2023-03-07,5550951569,12977545348,,,,,,,,,
2023-03-08,5584641827,12875152298,,,,,,,,,
2023-03-09,5457761783,12650363838,,,,,,,,,
2023-03-10,5347659775,12091155710,,,,,,,,,
2023-03-11,5191567432,11912292235,,,,,,,,,
2023-03-12,4766537054,11214957892,,,,,,,,,
2023-03-13,5230501754,12444442118,,,,,,,,,
2023-03-14,5151093870,12605419544,,,,,,,,,
2023-03-15,5100245565,12754480842,,,,,,,,,
2023-03-16,5089831241,12549363739,,,,,,,,,
2023-03-17,5331222944,12622900859,,,,,,,,,
2023-03-18,5637730368,13740847658,,,,,,,,,
2023-03-19,5636608108,13822170825,,,,,,,,,
2023-03-20,5427749663,13957706541,,,,,,,,,
2023-03-21,5606841368,14000941589,,,,,,,,,
2023-03-22,5546029530,14266726565,,,,,,,,,
2023-03-23,5282911427,13797180708,,,,,,,,,
2023-03-24,5309226054,14124175063,,,,,,,,,
2023-03-25,5232229408,13782500624,,,,,,,,,
2023-03-26,5159283363,13712818438,,,,,,,,,
2023-03-27,5219826098,13854963306,,,,,,,,,
2023-03-28,5188050153,13538917992,,,,,,,,,
2023-03-29,5195215361,13694089399,,,,,,,,,
2023-03-30,5289289588,13948081627,,,,,,,,,
2023-03-31,5388318283,14043803279,,,,,,,,,
2023-04-01,5398494741,14161107518,,,,,,,,,
2023-04-02,5379723387,14174073839,,,,,,,,,
2023-04-03,5381452539,14070557379,,,,,,,,,
2023-04-04,5391775444,14032216623,,,,,,,,,
2023-04-05,5498324853,14403953722,,,,,,,,,
2023-04-06,5430230983,14383845120,,,,,,,,,
2023-04-07,5432386124,14301106299,,,,,,,,,
2023-04-08,5453319075,14255316816,,,,,,,,,
2023-04-09,5464506185,14263435073,,,,,,,,,
2023-04-10,5546886297,14378496428,,,,,,,,,
2023-04-11,5602171451,14688606972,,,,,,,,,
2023-04-12,5644709232,14653928185,,,,,,,,,
2023-04-13,5690359747,14642671640,,,,,,,,,
2023-04-14,5918282587,15179281849,,,,,,,,,
2023-04-15,5893289879,15231682653,,,,,,,,,
2023-04-16,5920320498,15232073193,,,,,,,,,
2023-04-17,5885210615,15070340647,,,,,,,,,
2023-04-18,5936062424,14775498014,,,,,,,,,
2023-04-19,5964465921,15035109363,,,,,,,,,
2023-04-20,5770034525,14186336135,,,,,,,,,
2023-04-21,5769814308,13879878329,,,,,,,,,
2023-04-22,5625045430,13441102280,,,,,,,,,
2023-04-23,5880927664,13682623316,,,,,,,,,
2023-04-24,5910312298,13677590661,,,,,,,,,
2023-04-25,5905748932,13524866978,,,,,,,,,
2023-04-26,5983327494,13881165938,,,,,,,,,
2023-04-27,6106154630,14178097256,,,,,,,,,
2023-04-28,5956281749,14308324911,,,,,,,,,
2023-04-29,5744811635,14049429258,,,,,,,,,
2023-04-30,5793550373,14168100504,,,,,,,,,
2023-05-01,6056473346,14116674179,,,,,,,,,
2023-05-02,6022366365,13780189613,,,,,,,,,
2023-05-03,5690325839,13965535734,,,,,,,,,
2023-05-04,5682475269,14149785380,,,,,,,,,
2023-05-05,5725280938,14053163251,,,,,,,,,
2023-05-06,5839090211,14664511293,,,,,,,,,
2023-05-07,5747206300,14192259929,,,,,,,,,
2023-05-08,5791290550,14002325141,,,,,,,,,
2023-05-09,5647799362,13501874478,,,,,,,,,
2023-05-10,5699704099,13611510338,,,,,,,,,
2023-05-11,5693813694,13559526654,,,,,,,,,
2023-05-12,5639562559,13307989208,,,,,,,,,
2023-05-13,5619675575,13319257642,,,,,,,,,
2023-05-14,5627490627,13278711194,,,,,,,,,
2023-05-15,5646171368,13301259829,,,,,,,,,
2023-05-16,5711564323,13555953115,,,,,,,,,
2023-05-17,5669448030,13502889039,,,,,,,,,
2023-05-18,5674533118,13428766146,,,,,,,,,
2023-05-19,5623874942,13251940882,,,,,,,,,
2023-05-20,5653705450,13341740649,,,,,,,,,
2023-05-21,5718494422,13494049119,,,,,,,,,
2023-05-22,5680445192,13316739828,,,,,,,,,
2023-05-23,5703384133,13427673552,,,,,,,,,
2023-05-24,5737627739,13693449958,,,,,,,,,
2023-05-25,5635150962,13309881566,,,,,,,,,
2023-05-26,5660752212,13311651223,,,,,,,,,
2023-05-27,5680391622,13433193679,,,,,,,,,
2023-05-28,5715215376,13574011195,,,,,,,,,
2023-05-29,5828767211,14020358143,,,,,,,,,
2023-05-30,5766588140,13874491451,,,,,,,,,
2023-05-31,5780942730,13858556156,,,,,,,,,
2023-06-01,5784892619,13631664870,,,,,,,,,
2023-06-02,5824670701,13717010683,,,,,,,,,
2023-06-03,5923160398,13974607985,,,,,,,,,
2023-06-04,5925477911,13957900484,,,,,,,,,
2023-06-05,5919391851,13941099101,,,,,,,,,
2023-06-06,5747267599,13327625652,,,,,,,,,
2023-06-07,5925677778,13867869094,,,,,,,,,
2023-06-08,5848288681,13491065583,,,,,,,,,
2023-06-09,5840996784,13510007859,,,,,,,,,
2023-06-10,5775037084,13422110108,,,,,,,,,
2023-06-11,5574356765,12906523525,,,,,,,,,
2023-06-12,5591037587,12950976400,,,,,,,,,
2023-06-13,5496256640,12927502293,,,,,,,,,
2023-06-14,5551362673,12978844077,,,,,,,,,
2023-06-15,5547487249,12491735634,,,,,,,,,
2023-06-16,5681878215,12663571300,,,,,,,,,
2023-06-17,5681759194,12895512033,,,,,,,,,
2023-06-18,5671008006,12949949197,,,,,,,,,
2023-06-19,5674689400,12976121173,,,,,,,,,
2023-06-20,5713863389,13025125462,,,,,,,,,
2023-06-21,5766900403,13515147483,,,,,,,,,
2023-06-22,5916691532,13996729419,,,,,,,,,
2023-06-23,5897963620,13821587189,,,,,,,,,
2023-06-24,5943032966,13882358128,,,,,,,,,
2023-06-25,5936725468,13840917314,,,,,,,,,
2023-06-26,5984669985,13942868876,,,,,,,,,
2023-06-27,5982580892,13859010828,,,,,,,,,
2023-06-28,6022814900,13981028248,,,,,,,,,
2023-06-29,5926587001,13664971609,,,,,,,,,
2023-06-30,5938115871,13922043083,,,,,,,,,
2023-07-01,6003631659,14162715508,,,,,,,,,
2023-07-02,6058339114,14104115934,,,,,,,,,
2023-07-03,5967810298,14399261715,,,,,,,,,
2023-07-04,6134294909,14533012602,,,,,,,,,
2023-07-05,6096285287,14438121232,,,,,,,,,
2023-07-06,6040081097,14282191712,,,,,,,,,
2023-07-07,5990272415,14156653262,,,,,,,,,
2023-07-08,6004093324,14318961511,,,,,,,,,
2023-07-09,6037130252,14307923311,,,,,,,,,
2023-07-10,6009200786,14378802335,,,,,,,,,
2023-07-11,6212961843,14424243411,,,,,,,,,
2023-07-12,6214294651,14504162029,,,,,,,,,
2023-07-13,6241527018,14416866106,,,,,,,,,
2023-07-14,6430454553,15143947383,,,,,,,,,
2023-07-15,6407107848,14837731095,,,,,,,,,
2023-07-16,6386533952,14892847634,,,,,,,,,
2023-07-17,6230786629,14824834156,,,,,,,,,
2023-07-18,6181026441,14782126550,,,,,,,,,
2023-07-19,6107114277,14620707074,,,,,,,,,
2023-07-20,6107753377,14464369200,,,,,,,,,
2023-07-21,6144206935,14514822676,,,,,,,,,
2023-07-22,6147515549,14566840727,,,,,,,,,
2023-07-23,6126502905,14402792214,,,,,,,,,
2023-07-24,6165066857,14552160846,,,,,,,,,
2023-07-25,6119346753,14237956736,,,,,,,,,
2023-07-26,6084727811,14244433584,,,,,,,,,
2023-07-27,6102167418,14321220684,,,,,,,,,
2023-07-28,6125472610,14299011801,,,,,,,,,
2023-07-29,6157616374,14437932620,,,,,,,,,
2023-07-30,6176488121,14725355663,,,,,,,,,
2023-07-31,6081208756,14206399861,,,,,,,,,
2023-08-01,6002361120,14045610580,,,,,,,,,
2023-08-02,6008837911,13798520923,,,,,,,,,
2023-08-03,6039846035,13604980427,,,,,,,,,
2023-08-04,6044384239,13580657949,,,,,,,,,
2023-08-05,6064727749,13545361605,,,,,,,,,
2023-08-06,6048234922,13586915064,,,,,,,,,
2023-08-07,6059494682,13640249932,,,,,,,,,
2023-08-08,6109806085,13738913800,,,,,,,,,
2023-08-09,6155969616,13827506052,,,,,,,,,
2023-08-10,6179658574,13785251102,,,,,,,,,
2023-08-11,6215310756,13838716908,,,,,,,,,
2023-08-12,6327128297,13961006062,,,,,,,,,
2023-08-13,6246812541,13888160717,,,,,,,,,
2023-08-14,6231844410,13793927957,,,,,,,,,
2023-08-15,6242652269,13716495252,,,,,,,,,
2023-08-16,6239966178,13474100206,,,,,,,,,
2023-08-17,6142299488,13132854157,,,,,,,,,
2023-08-18,5889898114,12568876816,,,,,,,,,
2023-08-19,5661217345,12280991254,,,,,,,,,
2023-08-20,5636867351,12297738396,,,,,,,,,
2023-08-21,5595213680,12525627469,,,,,,,,,
2023-08-22,5539221462,12492494396,,,,,,,,,
2023-08-23,5517477010,12350475822,,,,,,,,,
2023-08-24,5584008286,12621427012,,,,,,,,,
2023-08-25,5618828472,12633035840,,,,,,,,,
2023-08-26,5540828831,12454523509,,,,,,,,,
2023-08-27,5610933105,12564286395,,,,,,,,,
2023-08-28,5628353633,12604181692,,,,,,,,,
2023-08-29,5705932427,12645278335,,,,,,,,,
2023-08-30,5807833338,13128351290,,,,,,,,,
2023-08-31,5790585979,12975146326,,,,,,,,,
2023-09-01,5620287013,12573328451,,,,,,,,,
2023-09-02,5526465950,12531120193,,,,,,,,,
2023-09-03,5530973538,12565546544,,,,,,,,,
2023-09-04,5528468236,12588190702,,,,,,,,,
2023-09-05,5537259056,12544257117,,,,,,,,,
2023-09-06,5518533155,12851574172,,,,,,,,,
2023-09-07,5551635262,12820408990,,,,,,,,,
2023-09-08,5617342661,13022147734,,,,,,,,,
2023-09-09,5598228633,12919727427,,,,,,,,,
2023-09-10,5588857814,12913842058,,,,,,,,,
2023-09-11,5567292108,12840196278,,,,,,,,,
2023-09-12,5475236906,12537400765,,,,,,,,,
2023-09-13,5522208243,12788219266,,,,,,,,,
2023-09-14,5545653249,12924678409,,,,,,,,,
2023-09-15,5575405146,13033593245,,,,,,,,,
2023-09-16,5618969664,13942983029,,,,,,,,,
2023-09-17,5595833092,13833372462,,,,,,,,,
2023-09-18,5622081268,13786634337,,,,,,,,,
2023-09-19,5628685590,13934897721,,,,,,,,,
2023-09-20,5658207139,14085484445,,,,,,,,,
2023-09-21,5618015062,14026324473,,,,,,,,,
2023-09-22,5571307667,13775779055,,,,,,,,,
2023-09-23,5578291358,13838860627,,,,,,,,,
2023-09-24,5580700245,13806760069,,,,,,,,,
2023-09-25,5547769008,13653039295,,,,,,,,,
2023-09-26,5580833173,13798371122,,,,,,,,,
2023-09-27,5594860678,13722423986,,,,,,,,,
2023-09-28,5615937234,13766569690,,,,,,,,,
2023-09-29,5693854264,14048106741,,,,,,,,,
2023-09-30,5750747968,14110236456,,,,,,,,,
2023-10-01,5729821234,14104074570,,,,,,,,,
2023-10-02,5794022227,14547548135,,,,,,,,,
2023-10-03,5742081063,14274387457,,,,,,,,,
2023-10-04,5740941404,14197320068,,,,,,,,,
2023-10-05,5772405496,14316396310,,,,,,,,,
2023-10-06,5757794068,14199023669,,,,,,,,,
2023-10-07,5812184471,14348070804,,,,,,,,,
2023-10-08,5817289267,14370627768,,,,,,,,,
2023-10-09,5810866610,14295291270,,,,,,,,,
2023-10-10,5745456517,14049512236,,,,,,,,,
2023-10-11,5674710650,13882353999,,,,,,,,,
2023-10-12,5679959105,13779192999,,,,,,,,,
2023-10-13,5636606785,13575442221,,,,,,,,,
2023-10-14,5629795427,13732127662,,,,,,,,,
2023-10-15,5641276191,13739739252,,,,,,,,,
2023-10-16,5659337024,13805871113,,,,,,,,,
2023-10-17,5715515490,14111951049,,,,,,,,,
2023-10-18,5637350429,14023436448,,,,,,,,,
2023-10-19,5656964662,13972429049,,,,,,,,,
2023-10-20,5655587039,14104006238,,,,,,,,,
2023-10-21,5736717361,14362465286,,,,,,,,,
2023-10-22,5793701665,14671879347,,,,,,,,,
2023-10-23,5871097535,14858433404,,,,,,,,,
2023-10-24,6066046789,15940487356,,,,,,,,,
2023-10-25,6053489563,15907483221,,,,,,,,,
2023-10-26,6056614216,16111163978,,,,,,,,,
2023-10-27,6082340535,16083158751,,,,,,,,,
2023-10-28,6124655653,15871194539,,,,,,,,,
2023-10-29,6159387025,16332293383,,,,,,,,,
2023-10-30,6208647112,16515794374,,,,,,,,,
2023-10-31,6214079444,16768125912,,,,,,,,,
2023-11-01,6220552930,16645753797,,,,,,,,,
2023-11-02,6273887835,17036276972,,,,,,,,,
2023-11-03,6293254496,16620385011,,,,,,,,,
2023-11-04,6343913136,17050146149,,,,,,,,,
2023-11-05,6505279156,17274309420,,,,,,,,,
2023-11-06,6526172213,17245476603,,,,,,,,,
2023-11-07,6528189800,17258494255,,,,,,,,,
2023-11-08,6565682672,17321408136,,,,,,,,,
2023-11-09,6602122441,17562812501,,,,,,,,,
2023-11-10,6873471288,18326837352,,,,,,,,,
2023-11-11,6893908822,18377612514,,,,,,,,,
2023-11-12,6832489563,18155492447,,,,,,,,,
2023-11-13,6847444422,18215556143,,,,,,,,,
2023-11-14,6869415486,17806409837,,,,,,,,,
2023-11-15,7073596791,17763949708,,,,,,,,,
2023-11-16,7200917243,18491405339,,,,,,,,,
2023-11-17,7057394357,17650319293,,,,,,,,,
2023-11-18,7088603206,17680026640,,,,,,,,,
2023-11-19,7116047613,17813307018,,,,,,,,,
2023-11-20,7204924328,18094439636,,,,,,,,,
2023-11-21,7245705452,18172797568,,,,,,,,,
2023-11-22,7006741120,17524744002,,,,,,,,,
2023-11-23,7333214827,18242828117,,,,,,,,,
2023-11-24,7287654411,18321008574,,,,,,,,,
2023-11-25,7294242080,18316872296,,,,,,,,,
2023-11-26,7323580896,18419734660,,,,,,,,,
2023-11-27,7212570241,18275919506,,,,,,,,,
2023-11-28,7117857049,18082036207,,,,,,,,,
2023-11-29,7181756714,18329265018,,,,,,,,,
2023-11-30,7194502309,18292599040,,,,,,,,,
2023-12-01,7289269240,18414212815,,,,,,,,,
2023-12-02,7363650720,18656239117,,,,,,,,,
2023-12-03,7500839637,19235357453,,,,,,,,,
2023-12-04,7575579129,19520928450,,,,,,,,,
2023-12-05,7710836878,19824939962,,,,,,,,,
2023-12-06,7886268383,20434130713,,,,,,,,,
2023-12-07,7816253536,20093415760,,,,,,,,,
2023-12-08,7987903798,20654703916,,,,,,,,,
2023-12-09,8069478825,21011600166,,,,,,,,,
2023-12-10,8111335840,20893327258,,,,,,,,,
2023-12-11,8147537047,20804866606,,,,,,,,,
2023-12-12,7860702434,20051388476,,,,,,,,,
2023-12-13,8054688369,20063496818,,,,,,,,,
2023-12-14,8171932071,20632465291,,,,,,,,,
2023-12-15,8279533274,21271688405,,,,,,,,,
2023-12-16,8117068481,20500795639,,,,,,,,,
2023-12-17,8172056244,20614944052,,,,,,,,,
2023-12-18,7886087197,20399134753,,,,,,,,,
2023-12-19,7982720835,20853863058,,,,,,,,,
2023-12-20,8039197833,20511875106,,,,,,,,,
2023-12-21,8230206386,20962748421,,,,,,,,,
2023-12-22,8353870856,21278970737,,,,,,,,,
2023-12-23,8493501233,21569655626,,,,,,,,,
2023-12-24,8514261375,21632344880,,,,,,,,,
2023-12-25,8455199590,21387665892,,,,,,,,,
2023-12-26,8515411449,21424987705,,,,,,,,,
2023-12-27,8326285938,21400137677,,,,,,,,,
2023-12-28,8696267095,22080748118,,,,,,,,,
2023-12-29,8704063274,21796242679,,,,,,,,,
2023-12-30,8644103724,21545311012,,,,,,,,,
2023-12-31,8646861384,21660464594,,,,,,,,,
2024-01-01,8641516861,21623019760,,,,,,,,,
2024-01-02,8697408202,22542168737,,,,,,,,,
2024-01-03,8823878970,22554717420,,,,,,,,,
2024-01-04,8418426187,21492662483,,,,,,,,,
2024-01-05,8603452948,22031803454,,,,,,,,,
2024-01-06,8716783083,22016603841,,,,,,,,,
2024-01-07,8646286847,21827727963,,,,,,,,,
2024-01-08,8593746843,21530332916,,,,,,,,,
2024-01-09,8534228002,22464448132,,,,,,,,,
2024-01-10,8538912191,22548669503,,,,,,,,,
2024-01-11,8974119066,23779697119,,,,,,,,,
2024-01-12,9106697817,23917859352,,,,,,,,,
2024-01-13,8932993634,22782285256,,,,,,,,,
2024-01-14,9058165209,23080693680,,,,,,,,,
2024-01-15,8927347338,22791940607,,,,,,,,,
2024-01-16,9087687279,22778261043,,,,,,,,,
2024-01-17,9276084890,22935680748,,,,,,,,,
2024-01-18,9152697113,22668586601,,,,,,,,,
2024-01-19,9162778384,22041472417,,,,,,,,,
2024-01-20,9217338933,22131186666,,,,,,,,,
2024-01-21,9202019892,22141998074,,,,,,,,,
2024-01-22,9209727754,22021550330,,,,,,,,,
2024-01-23,8943299715,20947875047,,,,,,,,,
2024-01-24,8720635796,20887903623,,,,,,,,,
2024-01-25,8592300388,21063907305,,,,,,,,,
2024-01-26,8514948742,21091330954,,,,,,,,,
2024-01-27,8692090286,21597332331,,,,,,,,,
2024-01-28,8681404962,21779376976,,,,,,,,,
2024-01-29,8700157065,21721843788,,,,,,,,,
2024-01-30,8835857553,22300130687,,,,,,,,,
2024-01-31,8838531297,22367943773,,,,,,,,,
2024-02-01,8804149382,22098666170,,,,,,,,,
2024-02-02,8905568521,22445964535,,,,,,,,,
2024-02-03,8969426378,22637900852,,,,,,,,,
2024-02-04,8950333437,22531623381,,,,,,,,,
2024-02-05,8944539218,22419945979,,,,,,,,,
2024-02-06,8985397699,22542298190,,,,,,,,,
2024-02-07,9090253671,22761449347,,,,,,,,,
2024-02-08,9222371191,23317118060,,,,,,,,,
2024-02-09,9344535831,23403331620,,,,,,,,,
2024-02-10,9571786507,23999106502,,,,,,,,,
2024-02-11,9545501870,24243766134,,,,,,,,,
2024-02-12,9569927285,24318782872,,,,,,,,,
2024-02-13,9886922159,25352257134,,,,,,,,,
2024-02-14,9925936231,25367395468,,,,,,,,,
2024-02-15,10175974280,26392601292,,,,,,,,,
2024-02-16,10303499674,26234617437,,,,,,,,,
2024-02-17,10322937822,26051226140,,,,,,,,,
2024-02-18,10253858179,26150429423,,,,,,,,,
2024-02-19,10276800925,26644579084,,,,,,,,,
2024-02-20,10334875061,26843365874,,,,,,,,,
2024-02-21,10459040137,26837487764,,,,,,,,,
2024-02-22,10605215495,26414111732,,,,,,,,,
2024-02-23,10737834952,26267185393,,,,,,,,,
2024-02-24,10579138274,25986670041,,,,,,,,,
2024-02-25,10696075910,26467867294,,,,,,,,,
2024-02-26,10922766273,26955205155,,,,,,,,,
2024-02-27,11049670510,27939491480,,,,,,,,,
2024-02-28,11293957900,28524321558,,,,,,,,,
2024-02-29,11619626730,30115112646,,,,,,,,,
2024-03-01,11553213969,29986404958,,,,,,,,,
2024-03-02,10592368686,30721144307,,,,,,,,,
2024-03-03,10681876266,30732972696,,,,,,,,,
2024-03-04,10843833472,31390363614,,,,,,,,,
2024-03-05,11068477296,32628081851,,,,,,,,,
2024-03-06,11069475220,31632787546,,,,,,,,,
2024-03-07,11668687003,33491499034,,,,,,,,,
2024-03-08,12082608612,33785211209,,,,,,,,,
2024-03-09,12411601077,34521165736,,,,,,,,,
2024-03-10,12642357585,34694138108,,,,,,,,,
2024-03-11,12719084533,34636497918,,,,,,,,,
2024-03-12,12913922648,36244966803,,,,,,,,,
2024-03-13,12705902286,35426404110,,,,,,,,,
2024-03-14,13024048066,36250025082,,,,,,,,,
2024-03-15,12977026675,35617080642,,,,,,,,,
2024-03-16,12847642816,34623159366,,,,,,,,,
2024-03-17,12391411571,32746430167,,,,,,,,,
2024-03-18,12443526812,34084925772,,,,,,,,,
2024-03-19,12088518330,33416817955,,,,,,,,,
2024-03-20,11101822657,30396831644,,,,,,,,,
2024-03-21,12391561596,33329572211,,,,,,,,,
2024-03-22,12400441223,32766909934,,,,,,,,,
2024-03-23,11852281185,32006573605,,,,,,,,,
2024-03-24,11901957642,32322487651,,,,,,,,,
2024-03-25,12007189605,33328628164,,,,,,,,,
2024-03-26,12474895790,34787154269,,,,,,,,,
2024-03-27,12422527840,34588291694,,,,,,,,,
2024-03-28,12280750970,33837055540,,,,,,,,,
2024-03-29,12507930626,34524069124,,,,,,,,,
2024-03-30,12671481660,34137338497,,,,,,,,,
2024-03-31,12995776416,34029677139,,,,,,,,,
2024-04-01,13240863086,34835842126,,,,,,,,,
2024-04-02,13081797145,34008770346,,,,,,,,,
2024-04-03,12126334427,31995993698,,,,,,,,,
2024-04-04,12198077147,32225466818,,,,,,,,,
2024-04-05,12377501151,32549365117,,,,,,,,,
2024-04-06,12705507882,32309237065,,,,,,,,,
2024-04-07,12810943081,32693652472,,,,,,,,,
2024-04-08,12911251603,32939469311,,,,,,,,,
2024-04-09,13535808549,34692282040,,,,,,,,,
2024-04-10,12725088507,33514376082,,,,,,,,,
2024-04-11,12742453057,33965792405,,,,,,,,,
2024-04-12,12619560853,33607017636,,,,,,,,,
2024-04-13,12035282359,31241533110,,,,,,,,,
2024-04-14,11588625591,28540208323,,,,,,,,,
2024-04-15,11911810138,30087823453,,,,,,,,,
2024-04-16,11945100362,29767874557,,,,,,,,,
2024-04-17,11886475145,29425175105,,,,,,,,,
2024-04-18,11285602051,28987176521,,,,,,,,,
2024-04-19,11399643838,29572421111,,,,,,,,,
2024-04-20,11467666472,30087711422,,,,,,,,,
2024-04-21,11626448315,30786566351,,,,,,,,,
2024-04-22,11682259216,30740813358,,,,,,,,,
2024-04-23,11820371495,31520001470,,,,,,,,,
2024-04-24,11885305765,31492012719,,,,,,,,,
2024-04-25,12337136466,30424740532,,,,,,,,,
2024-04-26,12221770868,30675043503,,,,,,,,,
2024-04-27,12142081520,30282812462,,,,,,,,,
2024-04-28,12214300044,29186737990,,,,,,,,,
2024-04-29,12421961193,30898549320,,,,,,,,,
2024-04-30,12247601873,30249508955,,,,,,,,,
2024-05-01,11673171407,28937701283,,,,,,,,,
2024-05-02,11519396018,28504905571,,,,,,,,,
2024-05-03,11842383431,29013216594,,,,,,,,,
2024-05-04,11762398459,30400833992,,,,,,,,,
2024-05-05,11796670036,30746257766,,,,,,,,,
2024-05-06,11811647525,30826058468,,,,,,,,,
2024-05-07,11772500924,30547743278,,,,,,,,,
2024-05-08,11596393130,30127164308,,,,,,,,,
2024-05-09,11599625134,29498088049,,,,,,,,,
2024-05-10,11678533520,30049780064,,,,,,,,,
2024-05-11,11469576328,29151736140,,,,,,,,,
2024-05-12,11495572249,29272342648,,,,,,,,,
2024-05-13,11471469275,29259940253,,,,,,,,,
2024-05-14,11644682220,29420326690,,,,,,,,,
2024-05-15,11589428936,28848091900,,,,,,,,,
2024-05-16,11933455821,30468895666,,,,,,,,,
2024-05-17,11649392657,30322197139,,,,,,,,,
2024-05-18,12037050976,31646714840,,,,,,,,,
2024-05-19,12075247257,31972491867,,,,,,,,,
2024-05-20,12024069817,31725126424,,,,,,,,,
2024-05-21,13071263972,34856556868,,,,,,,,,
2024-05-22,13389859743,35395189652,,,,,,,,,
2024-05-23,13429431501,35429486835,,,,,,,,,
2024-05-24,13672464440,35411712547,,,,,,,,,
2024-05-25,13588898587,35282647863,,,,,,,,,
2024-05-26,13679296628,35457949951,,,,,,,,,
2024-05-27,13876799754,35923574247,,,,,,,,,
2024-05-28,14056315408,36489392924,,,,,,,,,
2024-05-29,14047699547,35997654786,,,,,,,,,
2024-05-30,14078985368,35542192184,,,,,,,,,
2024-05-31,14158618034,35451211674,,,,,,,,,
2024-06-01,14319390812,35522432019,,,,,,,,,
2024-06-02,14394107032,35807516236,,,,,,,,,
2024-06-03,14397437927,35624498818,,,,,,,,,
2024-06-04,14480872243,35686893492,,,,,,,,,
2024-06-05,14904358292,36445592748,,,,,,,,,
2024-06-06,15095223766,36702384479,,,,,,,,,
2024-06-07,15165083544,36483541341,,,,,,,,,
2024-06-08,15102353982,35721570926,,,,,,,,,
2024-06-09,15116803557,35625214069,,,,,,,,,
2024-06-10,15236578057,35783672730,,,,,,,,,
2024-06-11,15356675481,35489220052,,,,,,,,,
2024-06-12,14665774802,33806806209,,,,,,,,,
2024-06-13,15034369159,34860381012,,,,,,,,,
2024-06-14,14733003683,33805932352,,,,,,,,,
2024-06-15,14628431936,33493326064,,,,,,,,,
2024-06-16,14875784403,34011405461,,,,,,,,,
2024-06-17,14981966342,34429034391,,,,,,,,,
2024-06-18,14721678534,33836685282,,,,,,,,,
2024-06-19,14490358017,33259552437,,,,,,,,,
2024-06-20,14824421101,33613515757,,,,,,,,,
2024-06-21,14792754944,33379790356,,,,,,,,,
2024-06-22,14704013227,33475706710,,,,,,,,,
2024-06-23,14580195351,33453583540,,,,,,,,,
2024-06-24,14244010907,32691976111,,,,,,,,,
2024-06-25,14134343321,31876332471,,,,,,,,,
2024-06-26,14424674733,32558948242,,,,,,,,,
2024-06-27,14496101774,32285230889,,,,,,,,,
2024-06-28,14658238417,33318976665,,,,,,,,,
2024-06-29,14524709095,32742961925,,,,,,,,,
2024-06-30,14581360007,32923074107,,,,,,,,,
2024-07-01,14725161462,33522084220,,,,,,,,,
2024-07-02,14815344153,33694110540,,,,,,,,,
2024-07-03,14682359683,33426224388,,,,,,,,,
2024-07-04,14609896321,32431093393,,,,,,,,,
2024-07-05,14231577479,31213553927,,,,,,,,,
2024-07-06,13525312499,30273937393,,,,,,,,,
2024-07-07,13747119965,31049630997,,,,,,,,,
2024-07-08,13489361863,30162148275,,,,,,,,,
2024-07-09,13672689200,30754492169,,,,,,,,,
2024-07-10,13850213252,31251806201,,,,,,,,,
2024-07-11,13932519651,31362470034,,,,,,,,,
2024-07-12,14004612336,31451817770,,,,,,,,,
2024-07-13,14041511170,31600367924,,,,,,,,,
2024-07-14,14205798106,32076955285,,,,,,,,,
2024-07-15,14495023884,33028826681,,,,,,,,,
2024-07-16,15002169308,34546427630,,,,,,,,,
2024-07-17,15038629700,34882617888,,,,,,,,,
2024-07-18,15114807603,34733278466,,,,,,,,,
2024-07-19,15165171460,34763689688,,,,,,,,,
2024-07-20,15387238728,35566035636,,,,,,,,,
2024-07-21,15444207529,35650962633,,,,,,,,,
2024-07-22,15692179855,36305814621,,,,,,,,,
2024-07-23,15556312767,35735454177,,,,,,,,,
2024-07-24,15798364049,35533169193,,,,,,,,,
2024-07-25,15559910093,34877726591,,,,,,,,,
2024-07-26,15199816607,34040094028,,,,,,,,,
2024-07-27,15485062011,35172387495,,,,,,,,,
2024-07-28,15511438046,35389845556,,,,,,,,,
2024-07-29,15448249938,35105923251,,,,,,,,,
2024-07-30,15678650842,35426106751,,,,,,,,,
2024-07-31,15635002178,34803350779,,,,,,,,,
2024-08-01,15569112107,34314214485,,,,,,,,,
2024-08-02,15388185849,33971629297,,,,,,,,,
2024-08-03,14900531061,32406155324,,,,,,,,,
2024-08-04,14590542928,31479600812,,,,,,,,,
2024-08-05,14016516728,30371490682,,,,,,,,,
2024-08-06,12108315646,28053463493,,,,,,,,,
2024-08-07,12364726398,29142062460,,,,,,,,,
2024-08-08,12059257940,28323456730,,,,,,,,,
2024-08-09,12827596071,30626816147,,,,,,,,,
2024-08-10,13098026795,30957786533,,,,,,,,,
2024-08-11,13089947071,31110754314,,,,,,,,,
2024-08-12,12957208080,30373459628,,,,,,,,,
2024-08-13,13229270343,31116547835,,,,,,,,,
2024-08-14,13427514283,31724830813,,,,,,,,,
2024-08-15,13336428416,30909208388,,,,,,,,,
2024-08-16,13130099144,30238241247,,,,,,,,,
2024-08-17,13282194164,30825610836,,,,,,,,,
2024-08-18,13337189923,30727293284,,,,,,,,,
2024-08-19,13446891732,30964149056,,,,,,,,,
2024-08-20,13431435836,30824443253,,,,,,,,,
2024-08-21,13440691953,31136230129,,,,,,,,,
2024-08-22,13646627562,31826413989,,,,,,,,,
2024-08-23,13676497768,31719749656,,,,,,,,,
2024-08-24,14603115017,33455394594,,,,,,,,,
2024-08-25,14380714128,33563297684,,,,,,,,,
2024-08-26,14736385346,33716681400,,,,,,,,,
2024-08-27,14377011040,32902571165,,,,,,,,,
2024-08-28,13458766115,31193819213,,,,,,,,,
2024-08-29,13608752288,31032655494,,,,,,,,,
2024-08-30,13606753629,31043159550,,,,,,,,,
2024-08-31,12983227148,30034772553,,,,,,,,,
2024-09-01,12975890223,30017547297,,,,,,,,,
2024-09-02,12738755998,29400225237,,,,,,,,,
2024-09-03,13050820229,30150870599,,,,,,,,,
2024-09-04,13567785567,30540745871,,,,,,,,,
2024-09-05,13615284410,30671887711,,,,,,,,,
2024-09-06,13195905794,29855593328,,,,,,,,,
2024-09-07,12622002843,28432021002,,,,,,,,,
2024-09-08,12780415502,28876972452,,,,,,,,,
2024-09-09,12944511612,29101918714,,,,,,,,,
2024-09-10,13347901085,30249524247,,,,,,,,,
2024-09-11,13177273963,30374236901,,,,,,,,,
2024-09-12,13316693111,30259797028,,,,,,,,,
2024-09-13,13385937606,30557548846,,,,,,,,,
2024-09-14,13750277894,31618418050,,,,,,,,,
2024-09-15,13743871799,31429488324,,,,,,,,,
2024-09-16,13662830296,30926292337,,,,,,,,,
2024-09-17,13867311248,30208295307,,,,,,,,,
2024-09-18,14034063596,31024830305,,,,,,,,,
2024-09-19,14066920182,30895374928,,,,,,,,,
2024-09-20,14431253587,31999233394,,,,,,,,,
2024-09-21,14413128204,32710421749,,,,,,,,,
2024-09-22,14521286526,32877123525,,,,,,,,,
2024-09-23,14516091512,32672941057,,,,,,,,,
2024-09-24,15188540727,33107420453,,,,,,,,,
2024-09-25,15346733208,33503451662,,,,,,,,,
2024-09-26,15203089920,32899562565,,,,,,,,,
2024-09-27,15243997399,33828345491,,,,,,,,,
2024-09-28,15451699452,34253526644,,,,,,,,,
2024-09-29,15470288436,33932962312,,,,,,,,,
2024-09-30,15481295485,33992621715,,,,,,,,,
2024-10-01,15384006367,33218001570,,,,,,,,,
2024-10-02,14835913070,31687309574,,,,,,,,,
2024-10-03,14590595998,30791364430,,,,,,,,,
2024-10-04,14535040957,30999452167,,,,,,,,,
2024-10-05,14785705026,31697747718,,,,,,,,,
2024-10-06,14724951190,31408179812,,,,,,,,,
2024-10-07,14876137285,30915657861,,,,,,,,,
2024-10-08,15020944517,31263313015,,,,,,,,,
2024-10-09,7278199305,19924466766,,,,,,,,,
2024-10-10,7481132261,19351166575,,,,,,,,,
2024-10-11,7434587061,19180648154,,,,,,,,,
2024-10-12,7197964465,19984937772,,,,,,,,,
2024-10-13,7204210728,20206223578,,,,,,,,,
2024-10-14,7202608130,20137277514,,,,,,,,,
2024-10-15,7426926790,20773301790,,,,,,,,,
2024-10-16,15764382611,32595648185,,,,,,,,,
2024-10-17,15738390458,32767797746,,,,,,,,,
2024-10-18,15696348991,32228654375,,,,,,,,,
2024-10-19,16026885760,32520154358,,,,,,,,,
2024-10-20,16073544454,32531668130,,,,,,,,,
2024-10-21,16338633848,33137652505,,,,,,,,,
