t,total_borrow,total_tvl,total_borrow_7dma,total_tvl_7dma
2021-01-01,2442959724,4111659042,,
2021-01-02,2460708739,4207470830,,
2021-01-03,2636454171,4329817006,,
2021-01-04,2415368948,4832799893,,
2021-01-05,2210299848,4932485734,,
2021-01-06,2368957180,5241554846,,
2021-01-07,2465856128,5559796471,2428657820,4745083403
2021-01-08,2539035569,5741715510,2442382940,4977948613
2021-01-09,2642794139,5828304811,2468395140,5209496324
2021-01-10,2668850620,5902339282,2473023205,5434142364
2021-01-11,2681145822,5844619593,2510991329,5578688035
2021-01-12,2452023372,5170788891,2545523261,5612731343
2021-01-13,2503352854,5185365418,2564722643,5604704282
2021-01-14,2725084466,5479517435,2601755263,5593235849
2021-01-15,2794449577,5833190771,2638242979,5606303743
2021-01-16,2998911971,5977364857,2689116955,5627598035
2021-01-17,3096140511,6269837973,2750158368,5680097848
2021-01-18,3105044343,6303046472,2810715299,5745587402
2021-01-19,3104159372,6409738362,2903877585,5922580184
2021-01-20,3161701144,6741204406,2997927341,6144842897
2021-01-21,3133576796,6387310125,3056283388,6274527567
2021-01-22,2969601256,5944694712,3081305056,6290456701
2021-01-23,2766265523,6155853080,3048069849,6315955019
2021-01-24,3029703400,6422060775,3038578833,6337701133
2021-01-25,3090237773,6869887618,3036463609,6418678440
2021-01-26,3140355870,6856621538,3041634537,6482518893
2021-01-27,3142594169,6796236695,3038904970,6490380649
2021-01-28,3105797094,6479052077,3034936441,6503486642
2021-01-29,3200989958,6916293383,3067991970,6642286452
2021-01-30,3293444650,7211952196,3143303273,6793157755
2021-01-31,3316971593,7110361672,3184341587,6891486454
2021-02-01,3324362955,7053791354,3217788041,6917758416
2021-02-02,3430573051,7170222077,3259247639,6962558493
2021-02-03,3564883855,7466345388,3319574737,7058288307
2021-02-04,3704030556,8090076163,3405036660,7288434605
2021-02-05,3816311521,8416028262,3492939740,7502682445
2021-02-06,3976884656,9191103830,3590574027,7785418392
2021-02-07,3996928649,8919007256,3687710749,8043796333
2021-02-08,4053836332,8781496517,3791921231,8290611356
2021-02-09,4535955913,9725412087,3949833069,8655638500
2021-02-10,4769169779,9980855444,4121873915,9014854223
2021-02-11,5026715599,10450840090,4310828921,9352106212
2021-02-12,5190832755,10446583084,4507189098,9642185473
2021-02-13,5230415138,10540723729,4686264881,9834988315
2021-02-14,5306800841,9952863713,4873389480,9982682095
2021-02-15,5455600901,10205734805,5073641561,10186144707
2021-02-16,5583273615,10164505084,5223258375,10248872278
2021-02-17,5971364076,10364723058,5395000418,10303710509
2021-02-18,6254593332,10774231310,5570411523,10349909255
2021-02-19,6562816085,11359997883,5766409141,10480397083
2021-02-20,6892652354,11863636143,6003871601,10669384571
2021-02-21,7232184100,12441497764,6278926352,11024903721
2021-02-22,7259580781,12419094188,6536637763,11341097919
2021-02-23,6932339231,11593334785,6729361423,11545216447
2021-02-24,6166583813,10083300144,6757249957,11505013174
2021-02-25,6496700546,10939085392,6791836701,11528563757
2021-02-26,6863917557,11019703337,6834851197,11479950250
2021-02-27,6573914010,10430914326,6789317148,11275275705
2021-02-28,6640867723,10429994178,6704843380,10987918050
2021-03-01,6568946673,10257143761,6606181365,10679067989
2021-03-02,6884975169,11274457906,6599415070,10633514149
2021-03-03,6987871906,11421823872,6716741941,10824731825
2021-03-04,7312850533,12050411396,6833334796,10983492682
2021-03-05,7262426459,11771257962,6890264639,11090857629
2021-03-06,7114434718,11449794186,6967481883,11236411894
2021-03-07,7104912934,11635463660,7033774056,11408621820
2021-03-08,7225338275,11728642172,7127544285,11618835879
2021-03-09,7175303083,11884399835,7169019701,11705970440
2021-03-10,7309682066,12496557069,7214992581,11859503754
2021-03-11,7909804079,12721872989,7300271659,11955426839
2021-03-12,8474725897,13290586460,7473457293,12172473767
2021-03-13,8310848196,14034978409,7644373504,12541785799
2021-03-14,8675265827,14793172805,7868709632,12992887106
2021-03-15,9048867512,14669471397,8129213809,13413005566
2021-03-16,8696447602,13589322775,8346520168,13656565986
2021-03-17,8849046407,13771507291,8566429360,13838701732
2021-03-18,8899515599,13822520142,8707816720,13995937040
2021-03-19,8971958625,14091825605,8778849967,14110399775
2021-03-20,9146050597,14645686527,8898164596,14197643792
2021-03-21,9536851536,15093222622,9021248268,14240508051
2021-03-22,9455359115,14699369974,9079318497,14244779277
2021-03-23,9599389899,14797004696,9208310254,14417305265
2021-03-24,9710227802,14618675781,9331336168,14538329335
2021-03-25,9583892184,14494327842,9429104251,14634301864
2021-03-26,9551728538,14126218973,9511928524,14639215202
2021-03-27,9504791892,14635746815,9563177281,14637795243
2021-03-28,9524088955,14375118815,9561354055,14535208985
2021-03-29,9533804954,14563084250,9572560603,14515739596
2021-03-30,9779174883,15348302941,9598244173,14594496488
2021-03-31,9802513379,16410110268,9611427826,14850415701
2021-04-01,9815736648,16361711928,9644548464,15117184856
2021-04-02,10499855206,17191594055,9779995131,15555095582
2021-04-03,10961098305,18107783207,9988038904,16051100781
2021-04-04,11128045486,18742435233,10217175552,16675003126
2021-04-05,11416102589,19084014440,10486075214,17320850296
2021-04-06,11582283625,19354274348,10743662177,17893131926
2021-04-07,11733325273,19465341606,11019492447,18329593545
2021-04-08,11455200375,18575715611,11253701551,18645879786
2021-04-09,11440989094,19033428807,11388149250,18908999036
2021-04-10,11733367433,19519348116,11498473411,19110651166
2021-04-11,12095642508,20080194722,11636701557,19301759664
2021-04-12,12212272754,20076601705,11750440152,19443557845
2021-04-13,12579178810,21021804255,11892853750,19681776403
2021-04-14,13465442277,22179032639,12140299036,20069446551
2021-04-15,14282951582,23381432756,12544263494,20755977571
2021-04-16,14702277687,23532298914,13010161864,21398673301
2021-04-17,14353735286,23929635476,13384500129,22028714352
2021-04-18,14920054035,23874746154,13787987490,22570793128
2021-04-19,13129351024,20093135892,13918998672,22573155155
2021-04-20,13227130193,21057536656,14011563155,22578259784
2021-04-21,12806956323,20882486560,13917493733,22393038915
2021-04-22,11351333203,20668865990,13498691107,22005529377
2021-04-23,11563369144,21343817921,13050275601,21692889236
2021-04-24,11361743918,20184161369,12622848263,21157821506
2021-04-25,11239458495,19172332904,12097048900,20486048185
2021-04-26,11487712730,20161971756,11862529144,20495881879
2021-04-27,12977463571,22221583326,11826862483,20662174261
2021-04-28,13923964011,23369669254,11986435010,21017486074
2021-04-29,14555281571,24285560986,12444141920,21534156788
2021-04-30,15239687085,24793781978,12969330197,22027008796
2021-05-01,15937812009,25555621400,13623054210,22794360229
2021-05-02,16584113053,26684488210,14386576290,23867525273
2021-05-03,16801861357,27158975268,15145740380,24867097203
2021-05-04,17588983436,29201654688,15804528932,25864250255
2021-05-05,17985785886,29815291025,16384789200,26785053365
2021-05-06,18305820816,29443610143,16920580520,27521917530
2021-05-07,18844156416,31025900955,17435504710,28412220241
2021-05-08,19067530521,30111750157,17882607355,29063095778
2021-05-09,22222798749,30960797479,18688133883,29673997102
2021-05-10,22589245995,32139914225,19514903117,30385559810
2021-05-11,22361959805,32224183670,20196756884,30817349665
2021-05-12,22181184787,32135224612,20796099584,31148768749
2021-05-13,21688241357,32966795047,21279302519,31652080878
2021-05-14,18793001737,30771088029,21271994707,31615679031
2021-05-15,18991405753,32042585893,21261119740,31891512708
2021-05-16,19121884640,30830311362,20818132011,31872871834
2021-05-17,19696728255,30987458238,20404915191,31708235264
2021-05-18,19071249812,29253889603,19934813763,31283907541
2021-05-19,19575985229,29182649938,19562642398,30862111159
2021-05-20,15755767496,23476618882,18715146132,29506371706
2021-05-21,15419012099,23300940068,18233147612,28439207712
2021-05-22,14990207571,22588705544,17661547872,27088653376
2021-05-23,14584778876,20619752417,17013389905,25630002099
2021-05-24,12261950050,18486403011,15951278733,23844137066
2021-05-25,13145016819,20960846566,15104674020,22659416632
2021-05-26,13323601208,21055677458,14211476303,21498420564
2021-05-27,14027818276,23222336927,13964626414,21462094570
2021-05-28,15004477134,23578241385,13905407133,21501709044
2021-05-29,14604163353,21745235737,13850257959,21381213357
2021-05-30,13958771787,21326559692,13760828375,21482185825
2021-05-31,14933240519,23051797153,14142441299,22134384988
2021-06-01,15418940027,24261709042,14467287472,22605936771
2021-06-02,15633679942,24473775017,14797298720,23094236422
2021-06-03,16037457553,25647533784,15084390045,23440693116
2021-06-04,16388724770,25955486124,15282139707,23780299507
2021-06-05,16010117480,24926083718,15482990297,24234706361
2021-06-06,15941447627,25102675178,15766229703,24774151431
2021-06-07,16089998298,25411791374,15931480814,25111293462
2021-06-08,16442109327,25404172353,16077647857,25274502507
2021-06-09,15889252411,24277524131,16114158209,25246466666
2021-06-10,16068330897,24846141624,16118568687,25131982072
2021-06-11,15951931741,24441864150,16056169683,24915750361
2021-06-12,15262174923,23695906523,15949320746,24740010762
2021-06-13,15090616623,23398205255,15827773460,24496515059
2021-06-14,15224967329,23887248150,15704197607,24278723169
2021-06-15,15596464569,24710647929,15583391213,24179648252
2021-06-16,16173767122,25022470372,15624036172,24286069143
2021-06-17,15999775293,23670295511,15614242514,24118091127
2021-06-18,14983476743,23325044296,15475891800,23958545434
2021-06-19,14636099754,22725641062,15386452490,23819936082
2021-06-20,14397019317,22173845186,15287367161,23645027501
2021-06-21,14160224493,21351015079,15135261042,23282708491
2021-06-22,12804448629,19667568786,14736401622,22562268613
2021-06-23,12883041132,19372243655,14266297909,21755093368
2021-06-24,12878942431,20198389247,13820464643,21259106759
2021-06-25,13329753198,20527823677,13584218422,20859503813
2021-06-26,13114440179,19758190292,13366838483,20435582275
2021-06-27,12997054076,19780597598,13166843448,20093689762
2021-06-28,12901396565,20287217804,12987010887,19941718723
2021-06-29,13104212650,20873902711,13029834319,20114052141
2021-06-30,11669406663,21309811830,12856457966,20390847594
2021-07-01,12097222371,21111246189,12744783672,20521255729
2021-07-02,12149362534,20887479509,12576156434,20572635133
2021-07-03,12188719063,20578644999,12443910560,20689842949
2021-07-04,12265911891,21386621850,12339461677,20919274985
2021-07-05,12451242879,21821422959,12275154007,21138447150
2021-07-06,12532381387,21768349444,12193463827,21266225254
2021-07-07,12669136033,22534473380,12336282308,21441176904
2021-07-08,12894216544,22741021206,12450138619,21674001907
2021-07-09,12851519915,21985126379,12550446816,21830808602
2021-07-10,13410778248,22060732101,12725026700,22042535331
2021-07-11,13830661873,22478981858,12948562411,22198586761
2021-07-12,13950482968,22317651841,13162739567,22269476601
2021-07-13,14079611781,21825321749,13383772480,22277615502
2021-07-14,13891486596,21072379050,13558393989,22068744883
2021-07-15,14034535674,21510046961,13721296722,21892891420
2021-07-16,14500666066,21255712786,13956889029,21788689478
2021-07-17,15825175613,21767923777,14301802939,21746859717
2021-07-18,15992417369,22218284171,14610625152,21709617191
2021-07-19,15931101630,22146829732,14893570676,21685214032
2021-07-20,15874864785,21563183873,15150035390,21647765764
2021-07-21,15753588901,21443762332,15416050005,21700820519
2021-07-22,15857523380,23007081594,15676476821,21914682609
2021-07-23,15924211875,23035200529,15879840508,22168895144
2021-07-24,16085308263,23676629622,15917002315,22441567408
2021-07-25,16331341541,24115854961,15965420054,22712648949
2021-07-26,16492624629,24430620311,16045637625,23038904746
2021-07-27,16576475001,25039626281,16145867656,23535539376
2021-07-28,16850871766,25556277759,16302622351,24123041580
2021-07-29,16317440266,25206133039,16368324763,24437191786
2021-07-30,17355062726,25932869026,16572732027,24851144428
2021-07-31,17618410934,26388232002,16791746695,25238516197
2021-08-01,17685697410,26953432920,16985226105,25643884477
2021-08-02,17676924284,26676819176,17154411770,25964770029
2021-08-03,17707373165,26431916384,17315968650,26163668615
2021-08-04,17465510648,26818581837,17403774205,26343997769
2021-08-05,17607961217,28066912339,17588134341,26752680526
2021-08-06,17677504667,28842809043,17634197475,27168386243
2021-08-07,17785997737,27969277103,17658138447,27394249829
2021-08-08,18214380870,30446870507,17733664655,27893312341
2021-08-09,18330966218,29865320219,17827099217,28348812490
2021-08-10,18969129507,30981003938,18007350123,28998682141
2021-08-11,19042088650,29302259253,18232575552,29353493200
2021-08-12,18897438556,31070705682,18416786601,29782606535
2021-08-13,19092423578,30643582745,18618917874,30039859921
2021-08-14,19351270605,31922829660,18842528283,30604653143
2021-08-15,19583251715,32078924783,19038081261,30837803754
2021-08-16,19576817327,32620346901,19216059991,31231378995
2021-08-17,19488535927,32017663743,19290260908,31379473252
2021-08-18,19508691832,31190361439,19356918506,31649202136
2021-08-19,19552880877,31496836377,19450553123,31710077950
2021-08-20,19755263451,33038347038,19545244533,32052187134
2021-08-21,19927335142,34144766141,19627539467,32369606632
2021-08-22,20102716313,33895554214,19701748696,32629125122
2021-08-23,20157179917,34041172322,19784657637,32832100182
2021-08-24,20274338962,34492033712,19896915213,33185581606
2021-08-25,20497676993,33942213160,20038198808,33578703281
2021-08-26,20708791203,34296199514,20203328854,33978612300
2021-08-27,20587627200,33855101284,20322237961,34095291478
2021-08-28,20862091855,35137493451,20455774635,34237109665
2021-08-29,20885398544,34892539143,20567586382,34379536084
2021-08-30,20897669134,34813079455,20673370556,34489808531
2021-08-31,20880782300,34871357300,20760005318,34543997615
2021-09-01,21089919088,36140842265,20844611332,34858087487
2021-09-02,21447121171,38274604351,20950087042,35426431036
2021-09-03,22154321195,38366756076,21173900470,36070953149
2021-09-04,22693432102,39258617203,21435520505,36659685113
2021-09-05,22887041416,39439247344,21721469487,37309214856
2021-09-06,23056281699,40021414069,22029842710,38053262658
2021-09-07,23295171239,39480947450,22374755416,38711775537
2021-09-08,22447617085,35941777790,22568712272,38683337755
2021-09-09,22010933577,36260425773,22649256902,38395597958
2021-09-10,22062089738,36620390967,22636080979,38146117228
2021-09-11,21813026307,35035054002,22510308723,37542751056
2021-09-12,21701798568,35381139036,22340988316,36963021298
2021-09-13,21627897013,35912028048,22136933361,36375966152
2021-09-14,21488199843,34984216839,21878794590,35733576065
2021-09-15,21297141836,36237502802,21714440983,35775822495
2021-09-16,21649771574,37426446420,21662846411,35942396873
2021-09-17,21618138847,36708229720,21599424855,35954945267
2021-09-18,21732135260,36149486958,21587868992,36114149975
2021-09-19,21837132695,36543837873,21607202438,36280249809
2021-09-20,21939675986,35347570289,21651742292,36199612986
2021-09-21,21038114567,32229044937,21587444395,35806017000
2021-09-22,20886952851,31973421497,21528845969,35196862528
2021-09-23,20760724652,34360410099,21401839265,34758857339
2021-09-24,21084543858,34945104368,21325611410,34506982289
2021-09-25,20899173867,34003369555,21206616925,34200394088
2021-09-26,20862864405,33785706742,21067435741,33806375355
2021-09-27,20870482815,34621192369,20914693859,33702607081
2021-09-28,20250968449,33250818883,20802244414,33848574788
2021-09-29,19986084712,32675728463,20673548965,33948904354
2021-09-30,20102986684,33411657194,20579586399,33813368225
2021-10-01,17756795631,34046495654,20104193795,33684995551
2021-10-02,18013543937,36207499682,19691960948,33999871284
2021-10-03,18243057061,37237827507,19317702756,34493031393
2021-10-04,18313151619,37476111646,18952369728,34900877004
2021-10-05,18337842322,37273957233,18679065995,35475611054
2021-10-06,18523746179,38237096085,18470160490,36270092143
2021-10-07,19883030032,39017166600,18438738112,37070879201
2021-10-08,24582361485,40387578063,19413818948,37976748117
2021-10-09,26692364450,40402054345,20653650450,38575970211
2021-10-10,27886328825,40741870848,22031260702,39076547831
2021-10-11,27184134527,40022272779,23298543974,39440285136
2021-10-12,25561619312,40361124332,24330512116,39881309007
2021-10-13,24739370216,40039698368,25218458407,40138823619
2021-10-14,26381118627,41523365874,26146756777,40496852087
2021-10-15,26617972320,42292513275,26437558325,40768985689
2021-10-16,25383679228,43575874787,26250603294,41222388609
2021-10-17,25568789759,43388914194,25919526284,41600537658
2021-10-18,24772032250,43537370225,25574940245,42102694436
2021-10-19,24531477578,42698539320,25427777140,42436610863
2021-10-20,24830530473,43920448890,25440800034,42991003795
2021-10-21,24699882842,46116558054,25200623493,43647174106
2021-10-22,24408967186,44901002578,24885051331,44019815435
2021-10-23,24496521411,44277431229,24758314500,44120037784
2021-10-24,25378422544,45684362006,24731119183,44447958900
2021-10-25,25603450983,45137110655,24849893288,44676493247
2021-10-26,26215261318,46497376493,25090433822,45219184272
2021-10-27,26137269146,45650782787,25277110776,45466374829
2021-10-28,25852892069,43354525477,25441826380,45071798746
2021-10-29,26295558177,45302522583,25711339378,45129158747
2021-10-30,23792091624,41641121907,25610706552,44752543130
2021-10-31,23565889213,39363418851,25351773219,43849551250
2021-11-01,23412628132,41441486043,25038798526,43321604877
2021-11-02,23255697440,42368109015,24616003686,42731709523
2021-11-03,23721156103,44821042024,24270844680,42613175129
2021-11-04,23523467108,45693705003,23938069685,42947343632
2021-11-05,23724020705,45779658834,23570707189,43015505954
2021-11-06,24056083481,45326566483,23608420312,43541998036
2021-11-07,24109243150,46355353680,23686042303,44540845869
2021-11-08,24660641868,48360382399,23864329979,45529259634
2021-11-09,26348954900,49610622994,24306223902,46563904488
2021-11-10,27401238737,49261385712,24831949993,47198239301
2021-11-11,26536873854,48016557780,25262436671,47530075412
2021-11-12,25940911904,48979520044,25579135413,47987198442
2021-11-13,25935719106,48756735589,25847654788,48477222600
2021-11-14,25800039189,49115151481,26089197080,48871479428
2021-11-15,25907079421,49205315315,26267259587,48992184131
2021-11-16,25470148619,48311993173,26141715833,48806665585
2021-11-17,24592915129,45981936226,25740526746,48338172801
2021-11-18,24706467497,46136051789,25479040124,48069529088
2021-11-19,24258121610,43752091818,25238641510,47322753627
2021-11-20,24886716780,46887766839,25088784035,47055758092
2021-11-21,25409505601,48664058584,25032993522,46991316249
2021-11-22,25475811467,48242320842,24971383815,46853745610
2021-11-23,25143037048,45961704588,24924653590,46517990098
2021-11-24,25492672304,47469208313,25053190330,46730457539
2021-11-25,26047888344,47043912618,25244821879,46860151943
2021-11-26,26451159075,48908695694,25558112946,47596809640
2021-11-27,25683435040,44978216764,25671929840,47324016772
2021-11-28,25947298142,45387430689,25748757346,46855927073
2021-11-29,26552421595,47185354786,25902558793,46704931922
2021-11-30,26565215668,47706610715,26105727167,46954204226
2021-12-01,26776298706,48734606461,26289102367,47134975390
2021-12-02,26620690371,49045972074,26370931228,47420983883
2021-12-03,26375072730,48714240548,26360061750,47393204577
2021-12-04,26057437052,46152063695,26413490609,47560896995
2021-12-05,24918828272,44656660950,26266566342,47456501318
2021-12-06,24850788536,43987631951,26023475905,46999683771
2021-12-07,27278391459,45647999812,26125358161,46705596499
2021-12-08,27616008370,46160299824,26245316684,46337838408
2021-12-09,27474198877,47114742101,26367246471,46061948412
2021-12-10,26820581595,44682757271,26430890594,45486022229
2021-12-11,26492280281,43049778604,26493011056,45042838645
2021-12-12,26361210916,43648648545,26699065719,44898836873
2021-12-13,26349712045,44473421225,26913197649,44968235340
2021-12-14,25391240457,41520121409,26643604649,44378538426
2021-12-15,24906590064,42298145278,26256544891,43826802062
2021-12-16,25136204174,43576853280,25922545647,43321389373
2021-12-17,25474375731,43051625388,25730230524,43088370533
2021-12-18,25828224168,42946212778,25635365365,43073575415
2021-12-19,26562092544,44293959718,25664062740,43165762725
2021-12-20,26624624967,44335383673,25703336015,43146043075
2021-12-21,26757864445,44772423645,25898568013,43610657680
2021-12-22,27122852748,46471414149,26215176968,44206838947
2021-12-23,27234264104,45868616689,26514899815,44534233720
2021-12-24,27505170629,47723081902,26805013372,45201584651
2021-12-25,27316585014,47317324321,27017636350,45826029157
2021-12-26,27107969717,47739893971,27095618803,46318305479
2021-12-27,27333985311,48558860261,27196955995,46921659277
2021-12-28,27288881042,47693987285,27272815509,47339025511
2021-12-29,26895440306,45880379866,27240328018,47254592042
2021-12-30,27161418527,44977943454,27229921507,47127353009
2021-12-31,26795935187,45101600998,27128602158,46752855737
2022-01-01,26584737970,45218063548,27024052580,46452961340
2022-01-02,26798724530,46158206466,26979874696,46227005983
2022-01-03,26901424759,46357652909,26918080332,45912547789
2022-01-04,26863670498,46056628237,26857335968,45678639354
2022-01-05,26868995012,46014092346,26853558069,45697741137
2022-01-06,26450590688,44394767048,26752011235,45614430222
2022-01-07,25986075500,43677818257,26636316994,45411032687
2022-01-08,25553582982,42592749739,26489009138,45035987857
2022-01-09,25079108846,41861224111,26243349755,44422133235
2022-01-10,25213382956,42510262245,26002200926,43872505998
2022-01-11,24789280942,41679860253,25705859561,43247253428
2022-01-12,25295546546,43385616962,25481081209,42871756945
2022-01-13,25927765259,44926758936,25406391862,42947755786
2022-01-14,26070921579,44112713282,25418512730,43009883647
2022-01-15,26068839553,44498846548,25492120812,43282183191
2022-01-16,25580115750,44810677061,25563693226,43703533612
2022-01-17,25707485575,44835741401,25634279315,44035744920
2022-01-18,25403530802,43414398918,25722029295,44283536158
2022-01-19,25148970547,43786250004,25701089866,44340769450
2022-01-20,24936131263,43481779922,25559427867,44134343877
2022-01-21,25002440683,42468662596,25406787739,43899479493
2022-01-22,22499657333,37860664448,24896904565,42951167764
2022-01-23,20443383573,36525401619,24163085682,41767556987
2022-01-24,20770834039,37736453966,23457849749,40753373068
2022-01-25,19959250816,36513872010,22680095465,39767583509
2022-01-26,20403911584,38717935534,22002229899,39043538585
2022-01-27,20243764835,38964230582,21331891838,38398174394
2022-01-28,19753248354,37456187091,20582007219,37682106464
2022-01-29,19739424527,37452668277,20187688247,37623821297
2022-01-30,19933455450,37806796318,20114841372,37806877683
2022-01-31,19784422783,37084271907,19973925478,37713708817
2022-02-01,19840703154,37630343892,19956990098,37873204800
2022-02-02,19978027534,38398589297,19896149520,37827583909
2022-02-03,19805926470,37150182773,19833601182,37568434222
2022-02-04,19701341620,37798075383,19826185934,37617275407
2022-02-05,20130825538,40277102315,19882100364,38020765984
2022-02-06,20104002097,41000868834,19906464171,38477062057
2022-02-07,20341441580,41554796074,19986038285,39115708367
2022-02-08,20809278470,42456534750,20124406187,39805164204
2022-02-09,21017904802,42546057760,20272960082,40397659698
2022-02-10,21440788504,42801090682,20506511802,41204932257
2022-02-11,21926368975,41512086370,20824372852,41735505255
2022-02-12,21121777400,40728907996,20965937404,41800048924
2022-02-13,20789781418,41023876324,21063905878,41803335708
2022-02-14,20679782751,40767194601,21112240331,41690821212
2022-02-15,19478165934,41150049316,20922081398,41504180436
2022-02-16,19696173640,43004226735,20733262660,41569633146
2022-02-17,19667573852,42833966784,20479946281,41574329732
2022-02-18,19253157593,40577428559,20098058941,41440807188
2022-02-19,18965539938,40076516671,19790025018,41347608427
2022-02-20,18993110770,40109693831,19533357783,41217010928
2022-02-21,18644392391,39650259278,19242587731,41057448739
2022-02-22,17444794019,38636084441,18952106029,40698310900
2022-02-23,17286734373,39416398862,18607900419,40185764061
2022-02-24,17479907411,39572038723,18295376642,39719774338
2022-02-25,16556140246,40378248731,17910088450,39691320077
2022-02-26,16783513735,41720996333,17598370421,39926245743
2022-02-27,16830039661,41841249001,17289360262,40173610767
2022-02-28,16374976025,40528406855,16965157924,40299060421
2022-03-01,17245947051,44269376009,16936751215,41103816359
2022-03-02,17697158399,44776651572,16995383218,41869566746
2022-03-03,17808802282,44957755775,17042368200,42638954897
2022-03-04,17995327344,43903385034,17247966357,43142545797
2022-03-05,17758833466,42074202466,17387297747,43193003816
2022-03-06,17931997683,42970298895,17544720321,43354296658
2022-03-07,17605737543,41775853389,17720543395,43532503306
2022-03-08,17580390765,42063833256,17768321069,43217425770
2022-03-09,17642047750,43146281399,17760448119,42984515745
2022-03-10,18026276567,45049405798,17791515874,42997608605
2022-03-11,17747978412,43962034025,17756180312,43005987033
2022-03-12,17600321037,43270530508,17733535680,43176891039
2022-03-13,17568002429,43250736903,17681536358,43216953611
2022-03-14,17477329869,42800425281,17663192404,43363321024
2022-03-15,17463338926,43867254923,17646470713,43620952691
2022-03-16,17518082554,43994606807,17628761399,43742142035
2022-03-17,17807880991,45330016932,17597562031,43782229340
2022-03-18,17976482943,45632695348,17630205536,44020895243
2022-03-19,18236943379,47169611871,17721151584,44577906866
2022-03-20,18337741864,47495959559,17831114361,45184367246
2022-03-21,18466247721,46886052346,17972388340,45768028255
2022-03-22,18623639955,47296382585,18138145630,46257903635
2022-03-23,18823648747,47896581258,18324655086,46815328557
2022-03-24,18904022148,48330416512,18481246680,47243957068
2022-03-25,18899406649,48896858122,18613092923,47710266036
2022-03-26,18924256815,47910388363,18711280557,47816091249
2022-03-27,19037200776,48396955590,18811203259,47944804968
2022-03-28,19331599915,49627194077,18934825001,48336396644
2022-03-29,19709475178,49998200226,19089944318,48722370593
2022-03-30,19771207745,50898616092,19225309889,49151232712
2022-03-31,20013382659,50751039819,19383789962,49497036041
2022-04-01,20962405796,50096884046,19678504126,49668468316
2022-04-02,21259432939,51118472251,20012100715,50126766014
2022-04-03,21398668204,51402789539,20349453205,50556170864
2022-04-04,21417656121,51771792628,20647461235,50862542086
2022-04-05,21556597015,52011853369,20911335783,51150206821
2022-04-06,21499563061,51361689412,21158243685,51216360152
2022-04-07,21037278569,49218464506,21304514529,50997420822
2022-04-08,20617099852,49525202789,21255185109,50915752071
2022-04-09,20582389732,48444021744,21158464651,50533687712
2022-04-10,20422029744,49070314493,21018944871,50200476992
2022-04-11,20302797781,48674214441,20859679393,49757965822
2022-04-12,19451159014,46309845234,20558902536,48943393231
2022-04-13,19382032681,46985927774,20256398196,48318284426
2022-04-14,19511947186,48110469691,20038493713,48159999452
2022-04-15,19338762712,46961029891,19855874121,47793689038
2022-04-16,19462036734,47749583496,19695823693,47694483574
2022-04-17,19516701818,48242159141,19566491132,47576175667
2022-04-18,19465729319,47515472732,19446909923,47410641137
2022-04-19,19587233869,48748493432,19466349188,47759019451
2022-04-20,19849514040,48756927164,19533132240,48012019364
2022-04-21,20508145018,49179528250,19675446216,48164742015
2022-04-22,21186390520,48281788738,19939393045,48353421850
2022-04-23,21364463697,48526700749,20211168326,48464438601
2022-04-24,21563789054,48289274540,20503609360,48471169372
2022-04-25,21738600034,48337514545,20828305176,48588603917
2022-04-26,22075722811,49928758416,21183803596,48757213200
2022-04-27,21907327770,48010781221,21477776986,48650620923
2022-04-28,22011331154,48805687631,21692517863,48597215120
2022-04-29,21264741799,48905774974,21703710903,48686356011
2022-04-30,20817345027,47803484775,21625551093,48583039443
2022-05-01,20299824492,46492908533,21444984727,48326415728
2022-05-02,20208196500,47581437470,21226355650,48218404717
2022-05-03,20422451725,48286834348,20990174067,47983844136
2022-05-04,19500501402,48049642326,20646341728,47989395722
2022-05-05,19436273570,49517517881,20278476359,48091085758
2022-05-06,18606571599,47640720254,19898737759,47910363655
2022-05-07,18408353940,47001110472,19554596175,47795738755
2022-05-08,17650675930,44606295843,19176146381,47526222656
2022-05-09,16593070508,42517111948,18659699811,46802747582
2022-05-10,13259907798,34646739787,17636479250,44854162644
2022-05-11,12914225801,32644614212,16695582735,42653444342
2022-05-12,11110672976,26893662949,15506211222,39421465066
2022-05-13,9170867498,22070016891,14158253493,35768507443
2022-05-14,8991842837,21929792363,12813037621,32186890570
2022-05-15,9015548885,22263931352,11579448043,28995124215
2022-05-16,9138066989,22844294203,10514447541,26184721680
2022-05-17,8985677776,21522492494,9903843252,24309829209
2022-05-18,8915480579,22054220620,9332593934,22796915839
2022-05-19,8754133677,20908338314,8995945463,21941869462
2022-05-20,8735615055,21444009427,8933766543,21852439825
2022-05-21,8684845313,20874454125,8889909753,21701677219
2022-05-22,8554112935,20986981605,8823990332,21519255827
2022-05-23,8640521609,22506702241,8752912421,21471028404
2022-05-24,8653015949,22439431244,8705389302,21602019654
2022-05-25,8650496187,22544633373,8667534389,21672078618
2022-05-26,8436294345,22693938375,8622128770,21927164341
2022-05-27,8051165110,21824262045,8524350207,21981486144
2022-05-28,7829902545,21705738442,8402215526,22100241046
2022-05-29,7839865630,22121313184,8300180196,22262288415
2022-05-30,7847665214,22186943658,8186914997,22216608617
2022-05-31,8141781420,23222772030,8113881493,22328514444
2022-06-01,8389494576,23123861721,8076595549,22411261351
2022-06-02,8955044053,22101890310,8150702650,22326683056
2022-06-03,9695430910,22351291978,8385597764,22401973046
2022-06-04,9895609076,21823090391,8680698697,22418737610
2022-06-05,9901195508,21992531836,8975174394,22400340275
2022-06-06,9953654257,22172788324,9276029971,22398318084
2022-06-07,10158227364,22507515249,9564093678,22296138544
2022-06-08,10137997255,22449863797,9813879775,22199853126
2022-06-09,10168542609,22272475455,9987236711,22224222433
2022-06-10,9980860218,21879349965,10028012327,22156802145
2022-06-11,9751931455,21309525395,10007486952,22083435717
2022-06-12,9396923307,20694454623,9935448066,21897996115
2022-06-13,8930908308,19744794483,9789341502,21551139852
2022-06-14,7635149294,16272372326,9428901778,20660405149
2022-06-15,6944116788,15513179403,8972633140,19669450236
2022-06-16,6977972437,15392054822,8516837401,18686533002
2022-06-17,6956586698,13892476674,8084798327,17545551104
2022-06-18,6942368313,14019439936,7683432164,16504110324
2022-06-19,6515047985,13278533817,7271735689,15444693066
2022-06-20,6561437183,14003361921,6933239814,14624488414
2022-06-21,6607742007,14085819818,6786467344,14312123770
2022-06-22,6363091566,13945138015,6703463741,14088117858
2022-06-23,6477284148,14184552415,6631936843,13915617514
2022-06-24,6600423592,14811543671,6581056399,14046912799
2022-06-25,6709013663,15264155053,6547720021,14224729244
2022-06-26,6722455332,15327389447,6577349642,14517422906
2022-06-27,6689465709,15058362735,6595639431,14668137308
2022-06-28,6561073446,14785086573,6588972494,14768032558
2022-06-29,6538651825,14331628922,6614052531,14823245545
2022-06-30,6576421845,14120323742,6628215059,14814070020
2022-07-01,6509340622,13891912243,6615203206,14682694102
2022-07-02,6375396321,13901521835,6567543586,14488032214
2022-07-03,6369637337,14925587551,6517141015,14430631943
2022-07-04,6176177280,14794473911,6443814097,14392933540
2022-07-05,6439412005,15241313787,6426433891,14458108856
2022-07-06,6202432676,15621657643,6378402584,14642398673
2022-07-07,6010652178,15812784742,6297578346,14884178816
2022-07-08,6073553911,16188605294,6235323101,15212277823
2022-07-09,6041582334,16114085302,6187635389,15528358319
2022-07-10,6038384358,16060453643,6140313535,15690482046
2022-07-11,5972500632,15756270168,6111216871,15827881511
2022-07-12,5749893842,15262870710,6012714276,15830961072
2022-07-13,5625501279,14647530489,5930295505,15691800050
2022-07-14,5858822887,14863902655,5908605606,15556245466
2022-07-15,6000893854,15103114634,5898225598,15401175372
2022-07-16,6012141105,15235374767,5894019708,15275645295
2022-07-17,6248241442,15711316740,5923999292,15225768595
2022-07-18,6341062322,15589860400,5976650962,15201995771
2022-07-19,6643748480,16440272491,6104344481,15370196025
2022-07-20,6772504072,16484798615,6268202023,15632662900
2022-07-21,6754319696,16311375000,6396130139,15839444664
2022-07-22,6736706978,16531713653,6501246299,16043530238
2022-07-23,6322693473,16502706538,6545610923,16224577634
2022-07-24,6293283654,16476882718,6552045525,16333944202
2022-07-25,6321654392,16434846376,6549272964,16454656484
2022-07-26,6214189972,15964712019,6487907462,16386719274
2022-07-27,6348329239,15945105719,6427311058,16309620289
2022-07-28,6426292200,16696501260,6380449987,16364638326
2022-07-29,6638404257,17171080600,6366406741,16455976461
2022-07-30,6214025043,16600835290,6350882680,16469994855
2022-07-31,6202223273,16595563345,6337874054,16486949230
2022-08-01,6177348863,16548596703,6317258978,16503199277
2022-08-02,6219196377,16305546678,6317974179,16551889942
2022-08-03,6029016125,16095405736,6272358020,16573361373
2022-08-04,6164412392,16146538804,6234946619,16494795308
2022-08-05,6822168462,16406048621,6261198648,16385505025
2022-08-06,7350281143,16971909930,6423520948,16438515688
2022-08-07,7618668466,16829978120,6625870261,16472003513
2022-08-08,7692844416,16952032003,6842369626,16529637127
2022-08-09,8091902306,17333916574,7109899044,16676547113
2022-08-10,8064026424,16935695145,7400614801,16796588457
2022-08-11,8222563854,17712074866,7694636439,17020236466
2022-08-12,8317922955,17693269287,7908315652,17204125132
2022-08-13,8418551256,18032339466,8060925668,17355615066
2022-08-14,8498410337,17947439824,8186603078,17515252452
2022-08-15,8486687742,17754480917,8300009268,17629888011
2022-08-16,8372672532,17591699327,8340119300,17666714119
2022-08-17,8078380509,17714199274,8342169884,17777928994
2022-08-18,7915555535,17371110867,8298311552,17729219852
2022-08-19,7648582251,17097196285,8202691452,17644066566
2022-08-20,7282086215,16212198484,8040339303,17384046425
2022-08-21,7194717916,16201140144,7854097529,17134575043
2022-08-22,7216378033,16458098058,7672624713,16949377491
2022-08-23,7263973411,16440894444,7514239124,16784976794
2022-08-24,7521993276,16496574022,7434755234,16611030329
2022-08-25,7510470596,16526590678,7376885957,16490384588
2022-08-26,7502878138,16600066004,7356071084,16419365976
2022-08-27,7133432380,15757760662,7334834821,16354446287
2022-08-28,7066253065,15671296940,7316482700,16278754401
2022-08-29,6985525534,15317997134,7283503771,16115882841
2022-08-30,7007339829,15571541577,7246841831,15991689574
2022-08-31,6979555382,15481184302,7169350703,15846633900
2022-09-01,7038512926,15513731379,7101928179,15701939714
2022-09-02,7060862360,15684157114,7038783068,15571095587
2022-09-03,7085731684,15802214677,7031968683,15577446160
2022-09-04,7098171004,15718175475,7036528388,15584143094
2022-09-05,7094262244,15665370253,7052062204,15633767825
2022-09-06,7224048474,15796350656,7083020582,15665883408
2022-09-07,7069249447,15071136226,7095834020,15607305111
2022-09-08,7058502299,15324717581,7098689645,15580303140
2022-09-09,7077994394,15219169178,7101137078,15513876292
2022-09-10,7318880286,15821768764,7134444021,15516669733
2022-09-11,7351803153,16003744555,7170677185,15557465316
2022-09-12,7305692321,15906417277,7200881482,15591900605
2022-09-13,7125058698,15727789010,7186740085,15582106084
2022-09-14,6912903296,14872813011,7164404921,15553774197
2022-09-15,6906936400,14754147043,7142752650,15472264120
2022-09-16,6246118957,14259576261,7023913302,15335179417
2022-09-17,6308946992,14230113537,6879637117,15107800099
2022-09-18,6312049991,14421267616,6731100951,14881731965
2022-09-19,6169630619,13968727476,6568806422,14604919136
2022-09-20,5983258177,14028234749,6405692062,14362125670
2022-09-21,6055597508,13911133620,6283219806,14224742900
2022-09-22,6031242407,13637652639,6158120664,14065243700
2022-09-23,6145291975,14125534367,6143716810,14046094858
2022-09-24,6279525999,14187364078,6139513811,14039987792
2022-09-25,6243855779,14103715115,6129771781,13994623149
2022-09-26,7117299300,13999557610,6265153021,13999027454
2022-09-27,7177360110,14122864804,6435739011,14012546033
2022-09-28,7228916649,14136621158,6603356031,14044758539
2022-09-29,7062040759,14241938020,6750612939,14131085022
2022-09-30,7022276313,14287322675,6875896416,14154197637
2022-10-01,6971830891,14286528209,6974797114,14168363942
2022-10-02,6943406814,14271375402,7074732977,14192315411
2022-10-03,6901529960,14123651460,7043908785,14210043104
2022-10-04,6932069327,14443976853,7008867245,14255916254
2022-10-05,6956698283,14464585309,6969978907,14302768275
2022-10-06,6956777825,14472951530,6954941345,14335770205
2022-10-07,7109761276,14538007768,6967439197,14371582362
2022-10-08,7041968710,14394835332,6977458885,14387054808
2022-10-09,7032776672,14294663380,6990226008,14390381662
2022-10-10,6988547067,14324798674,7002657023,14419116978
2022-10-11,6970836899,14127419211,7008195247,14373894458
2022-10-12,6897271591,14162572323,6999705720,14330749745
2022-10-13,6819370864,14023149254,6980076154,14266492277
2022-10-14,6753880629,13852292106,6929236062,14168532897
2022-10-15,6736579696,13850951227,6885609060,14090835168
2022-10-16,6741479536,13896790721,6843995183,14033996217
2022-10-17,6750732495,13916182223,6810021673,13975622438
2022-10-18,6619597361,13964553709,6759844596,13952355938
2022-10-19,6709200084,13827905444,6732977238,13904546383
2022-10-20,6625044332,13762097943,6705216305,13867253339
2022-10-21,6630052273,13741087002,6687526540,13851366896
2022-10-22,6667994397,13687901257,6677728640,13828074043
2022-10-23,6673532984,13701501592,6668021989,13800175596
2022-10-24,6819343963,13912166367,6677823628,13799601902
2022-10-25,6820018106,13764418046,6706455163,13771011093
2022-10-26,6869359280,14284676803,6729335048,13836264144
2022-10-27,7202691368,14664851271,6811856053,13965228905
2022-10-28,7274678746,14461601071,6903945549,14068159487
2022-10-29,7327756366,14604217824,6998197259,14199061853
2022-10-30,7369138262,14867422338,7097569442,14365621960
2022-10-31,6850352986,14701495691,7101999302,14478383292
2022-11-01,6824453922,14594941350,7102632990,14597029478
2022-11-02,6918788318,14503528658,7109694281,14628294029
2022-11-03,6766911680,14301877115,7047440040,14576440578
2022-11-04,6807301193,14347393171,6980671818,14560125164
2022-11-05,6924365523,14851330232,6923044555,14595426936
2022-11-06,6883260436,14753196285,6853633437,14579108929
2022-11-07,6855081109,14379379594,6854308883,14533092344
2022-11-08,6609044297,14251570179,6823536079,14484039319
2022-11-09,6096861110,13125909708,6706117907,14287236612
2022-11-10,5571928756,11654217006,6535406061,13908999454
2022-11-11,5568657477,12503343756,6358456958,13645563823
2022-11-12,5490963145,12181564664,6153685190,13264168742
2022-11-13,5483106145,11905257833,5953663148,12857320391
2022-11-14,5171525105,11518684614,5713155148,12448649680
2022-11-15,5109160871,11578935692,5498886087,12066844753
2022-11-16,5128377741,11571368350,5360531320,11844767416
2022-11-17,5132438483,11447413288,5297746995,11815224028
2022-11-18,5111653461,11411496398,5232460707,11659245834
2022-11-19,5144814612,11436997486,5183010917,11552879094
2022-11-20,5192545063,11409381789,5141502191,11482039660
2022-11-21,5118262195,11050517983,5133893204,11415158712
2022-11-22,5056934216,10820744028,5126432253,11306845617
2022-11-23,4927335645,10648289566,5097711954,11174977220
2022-11-24,5228873515,11044538999,5111488387,11117423750
2022-11-25,5275132018,10807199889,5134842466,11031095677
2022-11-26,5298713370,10868382660,5156828003,10949864988
2022-11-27,5310141041,10878467096,5173627429,10874020032
2022-11-28,5301165012,10945679272,5199756402,10859043073
2022-11-29,5230435946,10802329439,5224542364,10856412417
2022-11-30,5374234646,11121196161,5288385078,10923970502
2022-12-01,5306632543,11355836858,5299493511,10968441625
2022-12-02,5042127863,11175363700,5266207203,11021036455
2022-12-03,5001188315,11250256308,5223703624,11075589833
2022-12-04,4965171406,11106401062,5174422247,11108151829
2022-12-05,5045036007,11245225680,5137832389,11150944173
2022-12-06,5062398536,11125918372,5113827045,11197171163
2022-12-07,5012678614,11215949574,5062176183,11210707365
2022-12-08,4952135567,11096183000,5011533758,11173613957
2022-12-09,4961033672,11261794133,4999948874,11185961161
2022-12-10,4917391249,11255467412,4987977864,11186705605
2022-12-11,5053132521,11250483267,5000543738,11207288777
2022-12-12,5051665167,11152306050,5001490761,11194014544
2022-12-13,4902076067,11142043002,4978587551,11196318063
2022-12-14,4903337671,11194645917,4962967416,11193274683
2022-12-15,4890589953,11205427679,4954175186,11208881066
2022-12-16,4634628843,10980648682,4907545924,11168717430
2022-12-17,4523486200,10482171761,4851273775,11058246623
2022-12-18,4539361537,10598750161,4777877920,10965141893
2022-12-19,4557032410,10630956903,4707216097,10890663444
2022-12-20,4623954157,10479590424,4667484396,10796027361
2022-12-21,4668511301,10691249513,4633937772,10724113589
2022-12-22,4646001612,10648811849,4598996580,10644597042
2022-12-23,4631100227,10655734581,4598492492,10598180742
2022-12-24,4617987339,10563671816,4611992655,10609823607
2022-12-25,4619483555,10604026736,4623438657,10610577403
2022-12-26,4621671948,10424258096,4632672877,10581049002
2022-12-27,4641614536,10549023815,4635195788,10590968058
2022-12-28,4633202503,10489370132,4630151674,10562128146
2022-12-29,4583474348,10419755761,4621219208,10529405848
2022-12-30,4541912927,10408181282,4608478165,10494041091
2022-12-31,4524196607,10400629612,4595079489,10470749348
2023-01-01,4491957509,10271764487,4576861483,10423283312
2023-01-02,4492146407,10294848279,4558357834,10404796195
2023-01-03,4518735397,10374793735,4540803671,10379906184
2023-01-04,4493628703,10382620432,4520864557,10364656227
2023-01-05,4527461881,10543391487,4512862776,10382318473
2023-01-06,4520858768,10542251974,4509855039,10401471429
2023-01-07,4556692000,10487625829,4514497238,10413899460
2023-01-08,4638418748,10634806753,4535420272,10465762641
2023-01-09,4672520325,10838614290,4561187975,10543443500
2023-01-10,4711936031,10916805373,4588788065,10620873734
2023-01-11,4718500070,10996999384,4620912546,10708642156
2023-01-12,4737006453,11302252977,4650847485,10817050940
2023-01-13,4761806179,11479197361,4685268544,10950900281
2023-01-14,4890372038,12086587354,4732937121,11179323356
2023-01-15,4900649320,12262553769,4770398631,11411858644
2023-01-16,4918175948,12340860876,4805492291,11626465299
2023-01-17,4964841537,12376279279,4841621649,11834961571
2023-01-18,5029703155,12437037889,4886079233,12040681358
2023-01-19,4984169159,12182009235,4921388191,12166360823
2023-01-20,5005488180,12332166414,4956199905,12288213545
2023-01-21,5130606319,13030926752,4990519088,12423119173
2023-01-22,5133818105,13015976179,5023828915,12530750946
2023-01-23,4975801039,13033049794,5032061071,12629635077
2023-01-24,4962485546,13111923588,5031724500,12734727122
2023-01-25,4904142427,12951484088,5013787254,12808219436
2023-01-26,5037504962,13289717033,5021406654,12966463407
2023-01-27,5064240621,13213325011,5029799860,13092343206
2023-01-28,5119043870,13311845193,5028148081,13132474412
2023-01-29,5099613561,13278633711,5023261718,13169996917
2023-01-30,5194358930,13573438369,5054484274,13247195285
2023-01-31,5163788612,13130604593,5083241855,13249864000
2023-02-01,5190150742,13233253715,5124100185,13290116804
2023-02-02,5305410550,13720444275,5162372412,13351649267
2023-02-03,5335550608,13587641165,5201130982,13405123003
2023-02-04,5341617047,13431661727,5232927150,13422239651
2023-02-05,5359950656,13388319465,5270118164,13437909044
2023-02-06,5337374226,13242227169,5290548920,13390593158
2023-02-07,5361299527,13161802806,5318764765,13395050046
2023-02-08,5504045450,13524712791,5363606866,13436687057
2023-02-09,5496009541,13326315379,5390835294,13380382929
2023-02-10,5340067133,12682598542,5391480511,13251091126
2023-02-11,5264053027,12586446041,5380399937,13130346028
2023-02-12,5294676775,12700664095,5371075097,13032109546
2023-02-13,5198668707,12638132977,5351260023,12945810376
2023-02-14,5287228876,12697228882,5340678501,12879442672
2023-02-15,5330922371,12914554795,5315946633,12792277244
2023-02-16,5504598690,13800548944,5317173654,12860024897
2023-02-17,5422932211,13443545458,5329011522,12968731599
2023-02-18,5468561153,13887239203,5358226969,13154559193
2023-02-19,5505129981,14000440690,5388291713,13340241564
2023-02-20,5497176138,13882109055,5430935631,13517952432
2023-02-21,5548118981,14028092629,5468205646,13708075825
2023-02-22,5553707131,13705558594,5500032041,13821076368
2023-02-23,5604106204,13572971538,5514247400,13788565310
2023-02-24,5651485339,13554097976,5546897847,13804358526
2023-02-25,5608492564,13263449345,5566888048,13715245690
2023-02-26,5620297068,13157597917,5583340489,13594839579
2023-02-27,5659696370,13458092864,5606557665,13534265838
2023-02-28,5676302437,13510012654,5624869588,13460254413
2023-03-01,5714380634,13334324700,5647822945,13407220999
2023-03-02,5720708600,13533493815,5664480430,13401581324
2023-03-03,5591123789,13395618537,5655857352,13378941405
2023-03-04,5486410955,12890058084,5638417122,13325599796
2023-03-05,5443937213,12896860676,5613222857,13288351619
2023-03-06,5489832830,12996377110,5588956637,13222392225
2023-03-07,5550951569,12977545348,5571049370,13146325467
2023-03-08,5584641827,12875152298,5552515255,13080729410
2023-03-09,5457761783,12650363838,5514951424,12954567984
2023-03-10,5347659775,12091155710,5480170850,12768216152
2023-03-11,5191567432,11912292235,5438050347,12628535316
2023-03-12,4766537054,11214957892,5341278896,12388263490
2023-03-13,5230501754,12444442118,5304231599,12309415634
2023-03-14,5151093870,12605419544,5247109071,12256254805
2023-03-15,5100245565,12754480842,5177909605,12239016026
2023-03-16,5089831241,12549363739,5125348099,12224587440
2023-03-17,5331222944,12622900859,5122999980,12300551033
2023-03-18,5637730368,13740847658,5186737542,12561773236
2023-03-19,5636608108,13822170825,5311033407,12934232226
2023-03-20,5427749663,13957706541,5339211680,13150412858
2023-03-21,5606841368,14000941589,5404318465,13349773150
2023-03-22,5546029530,14266726565,5468001889,13565808254
2023-03-23,5282911427,13797180708,5495584773,13744067821
2023-03-24,5309226054,14124175063,5492442360,13958535564
2023-03-25,5232229408,13782500624,5434513651,13964485988
2023-03-26,5159283363,13712818438,5366324402,13948864218
2023-03-27,5219826098,13854963306,5336621035,13934186613
2023-03-28,5188050153,13538917992,5276793719,13868183242
2023-03-29,5195215361,13694089399,5226677409,13786377933
2023-03-30,5289289588,13948081627,5227588575,13807935207
2023-03-31,5388318283,14043803279,5238887465,13796453524
2023-04-01,5398494741,14161107518,5262639655,13850540223
2023-04-02,5379723387,14174073839,5294131087,13916433851
2023-04-03,5381452539,14070557379,5317220579,13947233005
2023-04-04,5391775444,14032216623,5346324192,14017704238
2023-04-05,5498324853,14403953722,5389625548,14119113427
2023-04-06,5430230983,14383845120,5409760033,14181365354
2023-04-07,5432386124,14301106299,5416055439,14218122929
2023-04-08,5453319075,14255316816,5423887486,14231581400
2023-04-09,5464506185,14263435073,5435999315,14244347290
2023-04-10,5546886297,14378496428,5459632709,14288338583
2023-04-11,5602171451,14688606972,5489689281,14382108633
2023-04-12,5644709232,14653928185,5510601335,14417819270
2023-04-13,5690359747,14642671640,5547762587,14454794488
2023-04-14,5918282587,15179281849,5617176368,14580248138
2023-04-15,5893289879,15231682653,5680029340,14719728971
2023-04-16,5920320498,15232073193,5745145670,14858105846
2023-04-17,5885210615,15070340647,5793477716,14956940734
2023-04-18,5936062424,14775498014,5841176426,14969353740
2023-04-19,5964465921,15035109363,5886855953,15023808194
2023-04-20,5770034525,14186336135,5898238064,14958617408
2023-04-21,5769814308,13879878329,5877028310,14772988333
2023-04-22,5625045430,13441102280,5838707674,14517191137
2023-04-23,5880927664,13682623316,5833080127,14295841155
2023-04-24,5910312298,13677590661,5836666081,14096876871
2023-04-25,5905748932,13524866978,5832335583,13918215295
2023-04-26,5983327494,13881165938,5835030093,13753366234
2023-04-27,6106154630,14178097256,5883047251,13752189251
2023-04-28,5956281749,14308324911,5909685457,13813395906
2023-04-29,5744811635,14049429258,5926794915,13900299760
2023-04-30,5793550373,14168100504,5914312444,13969653644
2023-05-01,6056473346,14116674179,5935192594,14032379861
2023-05-02,6022366365,13780189613,5951852227,14068854523
2023-05-03,5690325839,13965535734,5909994848,14080907351
2023-05-04,5682475269,14149785380,5849469225,14076862797
2023-05-05,5725280938,14053163251,5816469109,14040411131
2023-05-06,5839090211,14664511293,5829937477,14128279993
2023-05-07,5747206300,14192259929,5823316895,14131731340
2023-05-08,5791290550,14002325141,5785433639,14115395763
2023-05-09,5647799362,13501874478,5731924067,14075636458
2023-05-10,5699704099,13611510338,5733263818,14025061401
2023-05-11,5693813694,13559526654,5734883593,13940738726
2023-05-12,5639562559,13307989208,5722638111,13834285292
2023-05-13,5619675575,13319257642,5691293163,13642106199
2023-05-14,5627490627,13278711194,5674190924,13511599236
2023-05-15,5646171368,13301259829,5653459612,13411447049
2023-05-16,5711564323,13555953115,5662568892,13419172569
2023-05-17,5669448030,13502889039,5658246597,13403655240
2023-05-18,5674533118,13428766146,5655492229,13384975168
2023-05-19,5623874942,13251940882,5653251140,13376968264
2023-05-20,5653705450,13341740649,5658112551,13380180122
2023-05-21,5718494422,13494049119,5671113093,13410942683
2023-05-22,5680445192,13316739828,5676009354,13413154111
2023-05-23,5703384133,13427673552,5674840755,13394828459
2023-05-24,5737627739,13693449958,5684580714,13422051448
2023-05-25,5635150962,13309881566,5678954691,13405067936
2023-05-26,5660752212,13311651223,5684222873,13413597985
2023-05-27,5680391622,13433193679,5688035183,13426662704
2023-05-28,5715215376,13574011195,5687566748,13438085857
2023-05-29,5828767211,14020358143,5708755608,13538602759
2023-05-30,5766588140,13874491451,5717784752,13602433888
2023-05-31,5780942730,13858556156,5723972608,13626020488
2023-06-01,5784892619,13631664870,5745364273,13671989531
2023-06-02,5824670701,13717010683,5768781200,13729898025
2023-06-03,5923160398,13974607985,5803462454,13807242926
2023-06-04,5925477911,13957900484,5833499959,13862084253
2023-06-05,5919391851,13941099101,5846446336,13850761533
2023-06-06,5747267599,13327625652,5843686258,13772637847
2023-06-07,5925677778,13867869094,5864362694,13773968267
2023-06-08,5848288681,13491065583,5873419274,13753882655
2023-06-09,5840996784,13510007859,5875751572,13724310823
2023-06-10,5775037084,13422110108,5854591098,13645382554
2023-06-11,5574356765,12906523525,5804430935,13495185846
2023-06-12,5591037587,12950976400,5757523183,13353739746
2023-06-13,5496256640,12927502293,5721664474,13296579266
2023-06-14,5551362673,12978844077,5668190888,13169575692
2023-06-15,5547487249,12491735634,5625219255,13026814271
2023-06-16,5681878215,12663571300,5602488030,12905894762
2023-06-17,5681759194,12895512033,5589162618,12830666466
2023-06-18,5671008006,12949949197,5602969938,12836870133
2023-06-19,5674689400,12976121173,5614920197,12840462244
2023-06-20,5713863389,13025125462,5646006875,12854408411
2023-06-21,5766900403,13515147483,5676797979,12931023183
2023-06-22,5916691532,13996729419,5729541448,13146022295
2023-06-23,5897963620,13821587189,5760410792,13311453137
2023-06-24,5943032966,13882358128,5797735617,13452431150
2023-06-25,5936725468,13840917314,5835695254,13579712310
2023-06-26,5984669985,13942868876,5879978195,13717819124
2023-06-27,5982580892,13859010828,5918366409,13836945605
2023-06-28,6022814900,13981028248,5954925623,13903500000
2023-06-29,5926587001,13664971609,5956339262,13856106027
2023-06-30,5938115871,13922043083,5962075298,13870456869
2023-07-01,6003631659,14162715508,5970732254,13910507924
2023-07-02,6058339114,14104115934,5988105632,13948107727
2023-07-03,5967810298,14399261715,5985697105,14013306704
2023-07-04,6134294909,14533012602,6007370536,14109592671
2023-07-05,6096285287,14438121232,6017866306,14174891669
2023-07-06,6040081097,14282191712,6034079748,14263065969
2023-07-07,5990272415,14156653262,6041530683,14296581709
2023-07-08,6004093324,14318961511,6041596635,14318902567
2023-07-09,6037130252,14307923311,6038566797,14348017906
2023-07-10,6009200786,14378802335,6044479724,14345095138
2023-07-11,6212961843,14424243411,6055717858,14329556682
2023-07-12,6214294651,14504162029,6072576338,14338991082
2023-07-13,6241527018,14416866106,6101354327,14358230281
2023-07-14,6430454553,15143947383,6164237490,14499272298
2023-07-15,6407107848,14837731095,6221810993,14573382239
2023-07-16,6386533952,14892847634,6271725807,14656942856
2023-07-17,6230786629,14824834156,6303380928,14720661688
2023-07-18,6181026441,14782126550,6298818727,14771787850
2023-07-19,6107114277,14620707074,6283507245,14788437143
2023-07-20,6107753377,14464369200,6264396725,14795223299
2023-07-21,6144206935,14514822676,6223504208,14705348341
2023-07-22,6147515549,14566840727,6186419594,14666649717
2023-07-23,6126502905,14402792214,6149272302,14596641800
2023-07-24,6165066857,14552160846,6139883763,14557688470
2023-07-25,6119346753,14237956736,6131072379,14479949925
2023-07-26,6084727811,14244433584,6127874312,14426196569
2023-07-27,6102167418,14321220684,6127076318,14405746781
2023-07-28,6125472610,14299011801,6124399986,14374916656
2023-07-29,6157616374,14437932620,6125842961,14356501212
2023-07-30,6176488121,14725355663,6132983706,14402581705
2023-07-31,6081208756,14206399861,6121003978,14353187278
2023-08-01,6002361120,14045610580,6104291744,14325709256
2023-08-02,6008837911,13798520923,6093450330,14262007447
2023-08-03,6039846035,13604980427,6084547275,14159687411
2023-08-04,6044384239,13580657949,6072963222,14057065432
2023-08-05,6064727749,13545361605,6059693419,13929555287
2023-08-06,6048234922,13586915064,6041371533,13766920916
2023-08-07,6059494682,13640249932,6038269523,13686042354
2023-08-08,6109806085,13738913800,6053618803,13642228529
2023-08-09,6155969616,13827506052,6074637618,13646369261
2023-08-10,6179658574,13785251102,6094610838,13672122215
2023-08-11,6215310756,13838716908,6119028912,13708987780
2023-08-12,6327128297,13961006062,6156514705,13768365560
2023-08-13,6246812541,13888160717,6184882936,13811400653
2023-08-14,6231844410,13793927957,6209504326,13833354657
2023-08-15,6242652269,13716495252,6228482352,13830152007
2023-08-16,6239966178,13474100206,6240481861,13779665458
2023-08-17,6142299488,13132854157,6235144848,13686465894
2023-08-18,5889898114,12568876816,6188657328,13505060167
2023-08-19,5661217345,12280991254,6093527192,13265058051
2023-08-20,5636867351,12297738396,6006392165,13037854863
2023-08-21,5595213680,12525627469,5915444918,12856669079
2023-08-22,5539221462,12492494396,5814954803,12681811813
2023-08-23,5517477010,12350475822,5711742064,12521294044
2023-08-24,5584008286,12621427012,5631986178,12448233024
2023-08-25,5618828472,12633035840,5593261944,12457398598
2023-08-26,5540828831,12454523509,5576063585,12482188921
2023-08-27,5610933105,12564286395,5572358692,12520267206
2023-08-28,5628353633,12604181692,5577092971,12531489238
2023-08-29,5705932427,12645278335,5600908823,12553315515
2023-08-30,5807833338,13128351290,5642388299,12664440582
2023-08-31,5790585979,12975146326,5671899398,12714971912
2023-09-01,5620287013,12573328451,5672107761,12706442285
2023-09-02,5526465950,12531120193,5670055921,12717384669
2023-09-03,5530973538,12565546544,5658633125,12717564690
2023-09-04,5528468236,12588190702,5644363783,12715280263
2023-09-05,5537259056,12544257117,5620267587,12700848660
2023-09-06,5518533155,12851574172,5578938990,12661309072
2023-09-07,5551635262,12820408990,5544803173,12639203738
2023-09-08,5617342661,13022147734,5544382551,12703320779
2023-09-09,5598228633,12919727427,5554634363,12758836098
2023-09-10,5588857814,12913842058,5562903545,12808592600
2023-09-11,5567292108,12840196278,5568449813,12844593397
2023-09-12,5475236906,12537400765,5559589506,12843613918
2023-09-13,5522208243,12788219266,5560114518,12834563217
2023-09-14,5545653249,12924678409,5559259945,12849458848
2023-09-15,5575405146,13033593245,5553268871,12851093921
2023-09-16,5618969664,13942983029,5556231876,12997273293
2023-09-17,5595833092,13833372462,5557228344,13128634779
2023-09-18,5622081268,13786634337,5565055367,13263840216
2023-09-19,5628685590,13934897721,5586976607,13463482638
2023-09-20,5658207139,14085484445,5606405021,13648806235
2023-09-21,5618015062,14026324473,5616742423,13806184245
2023-09-22,5571307667,13775779055,5616157069,13912210789
2023-09-23,5578291358,13838860627,5610345882,13897336160
2023-09-24,5580700245,13806760069,5608184047,13893534390
2023-09-25,5547769008,13653039295,5597568010,13874449384
2023-09-26,5580833173,13798371122,5590731950,13854945584
2023-09-27,5594860678,13722423986,5581682456,13803079804
2023-09-28,5615937234,13766569690,5581385623,13765971978
2023-09-29,5693854264,14048106741,5598892280,13804875933
2023-09-30,5750747968,14110236456,5623528939,13843643908
2023-10-01,5729821234,14104074570,5644831937,13886117409
2023-10-02,5794022227,14547548135,5680010968,14013904386
2023-10-03,5742081063,14274387457,5703046381,14081906719
2023-10-04,5740941404,14197320068,5723915056,14149749017
2023-10-05,5772405496,14316396310,5746267665,14228295677
2023-10-06,5757794068,14199023669,5755401923,14249855238
2023-10-07,5812184471,14348070804,5764178566,14283831573
2023-10-08,5817289267,14370627768,5776673999,14321910602
2023-10-09,5810866610,14295291270,5779080340,14285873907
2023-10-10,5745456517,14049512236,5779562548,14253748875
2023-10-11,5674710650,13882353999,5770101011,14208753722
2023-10-12,5679959105,13779192999,5756894384,14132010392
2023-10-13,5636606785,13575442221,5739581915,14042927328
2023-10-14,5629795427,13732127662,5713526337,13954935451
2023-10-15,5641276191,13739739252,5688381612,13864808520
2023-10-16,5659337024,13805871113,5666734528,13794891355
2023-10-17,5715515490,14111951049,5662457239,13803811185
2023-10-18,5637350429,14023436448,5657120064,13823965821
2023-10-19,5656964662,13972429049,5653835144,13851570971
2023-10-20,5655587039,14104006238,5656546609,13927080116
2023-10-21,5736717361,14362465286,5671821171,14017128348
2023-10-22,5793701665,14671879347,5693596239,14150291219
2023-10-23,5871097535,14858433404,5723847740,14300657260
2023-10-24,6066046789,15940487356,5773923640,14561876733
2023-10-25,6053489563,15907483221,5833372088,14831026272
2023-10-26,6056614216,16111163978,5890464881,15136559833
2023-10-27,6082340535,16083158751,5951429666,15419295906
2023-10-28,6124655653,15871194539,6006849422,15634828657
2023-10-29,6159387025,16332293383,6059090188,15872030662
2023-10-30,6208647112,16515794374,6107311556,16108796515
2023-10-31,6214079444,16768125912,6128459078,16227030594
2023-11-01,6220552930,16645753797,6152325274,16332497819
2023-11-02,6273887835,17036276972,6183364362,16464656818
2023-11-03,6293254496,16620385011,6213494928,16541403427
2023-11-04,6343913136,17050146149,6244817425,16709825085
2023-11-05,6505279156,17274309420,6294230587,16844398805
2023-11-06,6526172213,17245476603,6339591316,16948639123
2023-11-07,6528189800,17258494255,6384464224,17018691744
2023-11-08,6565682672,17321408136,6433768473,17115213792
2023-11-09,6602122441,17562812501,6480659131,17190433154
2023-11-10,6873471288,18326837352,6563547244,17434212059
2023-11-11,6893908822,18377612514,6642118056,17623850112
2023-11-12,6832489563,18155492447,6688862400,17749733401
2023-11-13,6847444422,18215556143,6734758430,17888316193
2023-11-14,6869415486,17806409837,6783504956,17966589847
2023-11-15,7073596791,17763949708,6856064116,18029810072
2023-11-16,7200917243,18491405339,6941606231,18162466191
2023-11-17,7057394357,17650319293,6967880955,18065820754
2023-11-18,7088603206,17680026640,6995694438,17966165630
2023-11-19,7116047613,17813307018,7036202731,17917281997
2023-11-20,7204924328,18094439636,7087271289,17899979639
2023-11-21,7245705452,18172797568,7141026999,17952320743
2023-11-22,7006741120,17524744002,7131476188,17918148499
2023-11-23,7333214827,18242828117,7150375843,17882637468
2023-11-24,7287654411,18321008574,7183270137,17978450222
2023-11-25,7294242080,18316872296,7212647119,18069428173
2023-11-26,7323580896,18419734660,7242294731,18156060693
2023-11-27,7212570241,18275919506,7243387004,18181986389
2023-11-28,7117857049,18082036207,7225122946,18169020480
2023-11-29,7181756714,18329265018,7250125174,18283952054
2023-11-30,7194502309,18292599040,7230309100,18291062186
2023-12-01,7289269240,18414212815,7230539790,18304377077
2023-12-02,7363650720,18656239117,7240455310,18352858052
2023-12-03,7500839637,19235357453,7265777987,18469375594
2023-12-04,7575579129,19520928450,7317636400,18647234014
2023-12-05,7710836878,19824939962,7402347804,18896220265
2023-12-06,7886268383,20434130713,7502992328,19196915364
2023-12-07,7816253536,20093415760,7591813932,19454174896
2023-12-08,7987903798,20654703916,7691618869,19774245053
2023-12-09,8069478825,21011600166,7792451455,20110725203
2023-12-10,8111335840,20893327258,7879665198,20347578032
2023-12-11,8147537047,20804866606,7961373472,20530997769
2023-12-12,7860702434,20051388476,7982782838,20563347556
2023-12-13,8054688369,20063496818,8006842836,20510399857
2023-12-14,8171932071,20632465291,8057654055,20587406933
2023-12-15,8279533274,21271688405,8099315409,20675547574
2023-12-16,8117068481,20500795639,8106113931,20602575499
2023-12-17,8172056244,20614944052,8114788274,20562806470
2023-12-18,7886087197,20399134753,8077438296,20504844776
2023-12-19,7982720835,20853863058,8094869496,20619484002
2023-12-20,8039197833,20511875106,8092656562,20683538043
2023-12-21,8230206386,20962748421,8100981464,20730721348
2023-12-22,8353870856,21278970737,8111601119,20731761681
2023-12-23,8493501233,21569655626,8165377226,20884455965
2023-12-24,8514261375,21632344880,8214263674,21029798940
2023-12-25,8455199590,21387665892,8295565444,21171017674
2023-12-26,8515411449,21424987705,8371664103,21252606910
2023-12-27,8326285938,21400137677,8412676690,21379501563
2023-12-28,8696267095,22080748118,8479256791,21539215805
2023-12-29,8704063274,21796242679,8529284279,21613111797
2023-12-30,8644103724,21545311012,8550798921,21609633995
2023-12-31,8646861384,21660464594,8569741779,21613651097
2024-01-01,8641516861,21623019760,8596358532,21647273078
2024-01-02,8697408202,22542168737,8622358068,21806870368
2024-01-03,8823878970,22554717420,8693442787,21971810331
2024-01-04,8418426187,21492662483,8653751229,21887798098
2024-01-05,8603452948,22031803454,8639378325,21921449637
2024-01-06,8716783083,22016603841,8649761091,21988777184
2024-01-07,8646286847,21827727963,8649679014,22012671951
2024-01-08,8593746843,21530332916,8642854726,21999430973
2024-01-09,8534228002,22464448132,8619543269,21988328030
2024-01-10,8538912191,22548669503,8578833729,21987464042
2024-01-11,8974119066,23779697119,8658218426,22314183275
2024-01-12,9106697817,23917859352,8730110550,22583619832
2024-01-13,8932993634,22782285256,8760997771,22693002892
2024-01-14,9058165209,23080693680,8819837537,22871997994
2024-01-15,8927347338,22791940607,8867494751,23052227664
2024-01-16,9087687279,22778261043,8946560362,23097058080
2024-01-17,9276084890,22935680748,9051870748,23152345401
2024-01-18,9152697113,22668586601,9077381897,22993615327
2024-01-19,9162778384,22041472417,9085393407,22725560050
2024-01-20,9217338933,22131186666,9126014164,22632545966
2024-01-21,9202019892,22141998074,9146564833,22498446594
2024-01-22,9209727754,22021550330,9186904892,22388390840
2024-01-23,8943299715,20947875047,9166278097,22126907126
2024-01-24,8720635796,20887903623,9086928227,21834367537
2024-01-25,8592300388,21063907305,9006871552,21605127637
2024-01-26,8514948742,21091330954,8914324460,21469393143
2024-01-27,8692090286,21597332331,8839288939,21393128238
2024-01-28,8681404962,21779376976,8764915378,21341325224
2024-01-29,8700157065,21721843788,8692119565,21298510003
2024-01-30,8835857553,22300130687,8676770685,21491689381
2024-01-31,8838531297,22367943773,8693612899,21703123688
2024-02-01,8804149382,22098666170,8723877041,21850946383
2024-02-02,8905568521,22445964535,8779679867,22044465466
2024-02-03,8969426378,22637900852,8819299308,22193118112
2024-02-04,8950333437,22531623381,8857717662,22300581884
2024-02-05,8944539218,22419945979,8892629398,22400310768
2024-02-06,8985397699,22542298190,8913992276,22434906126
2024-02-07,9090253671,22761449347,8949952615,22491121208
2024-02-08,9222371191,23317118060,9009698588,22665185763
2024-02-09,9344535831,23403331620,9072408204,22801952490
2024-02-10,9571786507,23999106502,9158459651,22996410440
2024-02-11,9545501870,24243766134,9243483712,23241002262
2024-02-12,9569927285,24318782872,9332824865,23512264675
2024-02-13,9886922159,25352257134,9461614073,23913687381
2024-02-14,9925936231,25367395468,9580997296,24285965399
2024-02-15,10175974280,26392601292,9717226309,24725320146
2024-02-16,10303499674,26234617437,9854221144,25129789548
2024-02-17,10322937822,26051226140,9961528474,25422949497
2024-02-18,10253858179,26150429423,10062722233,25695329967
2024-02-19,10276800925,26644579084,10163704181,26027586568
2024-02-20,10334875061,26843365874,10227697453,26240602103
2024-02-21,10459040137,26837487764,10303855154,26450615288
2024-02-22,10605215495,26414111732,10365175328,26453688208
2024-02-23,10737834952,26267185393,10427223224,26458340773
2024-02-24,10579138274,25986670041,10463823289,26449118473
2024-02-25,10696075910,26467867294,10526997251,26494466740
2024-02-26,10922766273,26955205155,10619278015,26538841893
2024-02-27,11049670510,27939491480,10721391650,26695431266
2024-02-28,11293957900,28524321558,10840665616,26936407522
2024-02-29,11619626730,30115112646,10985581507,27465121938
2024-03-01,11553213969,29986404958,11102064224,27996439019
2024-03-02,10592368686,30721144307,11103954283,28672792485
2024-03-03,10681876266,30732972696,11101925762,29282093257
2024-03-04,10843833472,31390363614,11090649648,29915687323
2024-03-05,11068477296,32628081851,11093336331,30585485947
2024-03-06,11069475220,31632787546,11061267377,31029552517
2024-03-07,11668687003,33491499034,11068275987,31511893429
2024-03-08,12082608612,33785211209,11143903794,32054580037
2024-03-09,12411601077,34521165736,11403794135,32597440241
2024-03-10,12642357585,34694138108,11683862895,33163321014
2024-03-11,12719084533,34636497918,11951755904,33627054486
2024-03-12,12913922648,36244966803,12215390954,34143752336
2024-03-13,12705902286,35426404110,12449166249,34685697560
2024-03-14,13024048066,36250025082,12642789258,35079772709
2024-03-15,12977026675,35617080642,12770563267,35341468343
2024-03-16,12847642816,34623159366,12832854944,35356038861
2024-03-17,12391411571,32746430167,12797005514,35077794870
2024-03-18,12443526812,34084925772,12757640125,34998998849
2024-03-19,12088518330,33416817955,12639725222,34594977585
2024-03-20,11101822657,30396831644,12410570990,33876467233
2024-03-21,12391561596,33329572211,12320215780,33459259680
2024-03-22,12400441223,32766909934,12237846429,33052092436
2024-03-23,11852281185,32006573605,12095651911,32678294470
2024-03-24,11901957642,32322487651,12025729921,32617731253
2024-03-25,12007189605,33328628164,11963396034,32509688738
2024-03-26,12474895790,34787154269,12018592814,32705451068
2024-03-27,12422527840,34588291694,12207264983,33304231075
2024-03-28,12280750970,33837055540,12191434894,33376728694
2024-03-29,12507930626,34524069124,12206790523,33627751435
2024-03-30,12671481660,34137338497,12323819162,33932146420
2024-03-31,12995776416,34029677139,12480078987,34176030632
2024-04-01,13240863086,34835842126,12656318055,34391346913
2024-04-02,13081797145,34008770346,12743018249,34280149209
2024-04-03,12126334427,31995993698,12700704904,33909820924
2024-04-04,12198077147,32225466818,12688894358,33679593964
2024-04-05,12377501151,32549365117,12670261576,33397493392
2024-04-06,12705507882,32309237065,12675122465,33136336044
2024-04-07,12810943081,32693652472,12648717703,32945475377
2024-04-08,12911251603,32939469311,12601630348,32674564975
2024-04-09,13535808549,34692282040,12666489120,32772209503
2024-04-10,12725088507,33514376082,12752025417,32989121272
2024-04-11,12742453057,33965792405,12829793404,33237739213
2024-04-12,12619560853,33607017636,12864373362,33388832430
2024-04-13,12035282359,31241533110,12768626858,33236303294
2024-04-14,11588625591,28540208323,12594010074,32642954130
2024-04-15,11911810138,30087823453,12451232722,32235576150
2024-04-16,11945100362,29767874557,12223988695,31532089367
2024-04-17,11886475145,29425175105,12104186786,30947917798
2024-04-18,11285602051,28987176521,11896065214,30236686958
2024-04-19,11399643838,29572421111,11721791355,29660316026
2024-04-20,11467666472,30087711422,11640703371,29495484356
2024-04-21,11626448315,30786566351,11646106617,29816392646
2024-04-22,11682259216,30740813358,11613313628,29909676918
2024-04-23,11820371495,31520001470,11595495219,30159980763
2024-04-24,11885305765,31492012719,11595328165,30455243279
2024-04-25,12337136466,30424740532,11745547367,30660609566
2024-04-26,12221770868,30675043503,11862994085,30818127051
2024-04-27,12142081520,30282812462,11959339092,30845998628
2024-04-28,12214300044,29186737990,12043317911,30617451719
2024-04-29,12421961193,30898549320,12148989622,30639985428
2024-04-30,12247601873,30249508955,12210022533,30458486497
2024-05-01,11673171407,28937701283,12179717624,30093584864
2024-05-02,11519396018,28504905571,12062897560,29819322726
2024-05-03,11842383431,29013216594,12008699355,29581918882
2024-05-04,11762398459,30400833992,11954458918,29598779101
2024-05-05,11796670036,30746257766,11894797488,29821567640
2024-05-06,11811647525,30826058468,11807609821,29811211804
2024-05-07,11772500924,30547743278,11739738257,29853816707
2024-05-08,11596393130,30127164308,11728769932,30023739997
2024-05-09,11599625134,29498088049,11740231234,30165623208
2024-05-10,11678533520,30049780064,11716824104,30313703704
2024-05-11,11469576328,29151736140,11674992371,30135261153
2024-05-12,11495572249,29272342648,11631978401,29924701851
2024-05-13,11471469275,29259940253,11583381509,29700970677
2024-05-14,11644682220,29420326690,11565121694,29539911165
2024-05-15,11589428936,28848091900,11564126809,29357186535
2024-05-16,11933455821,30468895666,11611816907,29495873337
2024-05-17,11649392657,30322197139,11607653927,29534790062
2024-05-18,12037050976,31646714840,11688721733,29891215591
2024-05-19,12075247257,31972491867,11771532449,30276951194
2024-05-20,12024069817,31725126424,11850475383,30629120647
2024-05-21,13071263972,34856556868,12054272777,31405724958
2024-05-22,13389859743,35395189652,12311477178,32341024637
2024-05-23,13429431501,35429486835,12525187989,33049680518
2024-05-24,13672464440,35411712547,12814198244,33776754148
2024-05-25,13588898587,35282647863,13035890760,34296173151
2024-05-26,13679296628,35457949951,13265040670,34794095734
2024-05-27,13876799754,35923574247,13529716375,35393873995
2024-05-28,14056315408,36489392924,13670438009,35627136288
2024-05-29,14047699547,35997654786,13764415124,35713202736
2024-05-30,14078985368,35542192184,13857208533,35729303500
2024-05-31,14158618034,35451211674,13926659047,35734946233
2024-06-01,14319390812,35522432019,14031015079,35769201112
2024-06-02,14394107032,35807516236,14133130851,35819139153
2024-06-03,14397437927,35624498818,14207507733,35776414092
2024-06-04,14480872243,35686893492,14268158709,35661771316
2024-06-05,14904358292,36445592748,14390538530,35725762453
2024-06-06,15095223766,36702384479,14535715444,35891504209
2024-06-07,15165083544,36483541341,14679496231,36038979876
2024-06-08,15102353982,35721570926,14791348112,36067428291
2024-06-09,15116803557,35625214069,14894590473,36041385125
2024-06-10,15236578057,35783672730,15014467634,36064124255
2024-06-11,15356675481,35489220052,15139582383,36035885192
2024-06-12,14665774802,33806806209,15105499027,35658915687
2024-06-13,15034369159,34860381012,15096805512,35395772334
2024-06-14,14733003683,33805932352,15035079817,35013256764
2024-06-15,14628431936,33493326064,14967376668,34694936070
2024-06-16,14875784403,34011405461,14932945360,34464391983
2024-06-17,14981966342,34429034391,14896572258,34270872220
2024-06-18,14721678534,33836685282,14805858408,34034795824
2024-06-19,14490358017,33259552437,14780798868,33956616714
2024-06-20,14824421101,33613515757,14750806288,33778493106
2024-06-21,14792754944,33379790356,14759342182,33717615678
2024-06-22,14704013227,33475706710,14770139510,33715098628
2024-06-23,14580195351,33453583540,14727912502,33635409782
2024-06-24,14244010907,32691976111,14622490297,33387258599
2024-06-25,14134343321,31876332471,14538585267,33107208197
2024-06-26,14424674733,32558948242,14529201941,33007121884
2024-06-27,14496101774,32285230889,14482299180,32817366903
2024-06-28,14658238417,33318976665,14463082533,32808679233
2024-06-29,14524709095,32742961925,14437467657,32704001406
2024-06-30,14581360007,32923074107,14437634036,32628214344
2024-07-01,14725161462,33522084220,14506369830,32746801217
2024-07-02,14815344153,33694110540,14603655663,33006483798
2024-07-03,14682359683,33426224388,14640467799,33130380391
2024-07-04,14609896321,32431093393,14656724163,33151217891
2024-07-05,14231577479,31213553927,14595772600,32850443214
2024-07-06,13525312499,30273937393,14453001658,32497725424
2024-07-07,13747119965,31049630997,14333824509,32230090694
2024-07-08,13489361863,30162148275,14157281709,31750099845
2024-07-09,13672689200,30754492169,13994045287,31330154363
2024-07-10,13850213252,31251806201,13875167226,31019523194
2024-07-11,13932519651,31362470034,13778399130,30866862714
2024-07-12,14004612336,31451817770,13745975538,30900900406
2024-07-13,14041511170,31600367924,13819718205,31090390481
2024-07-14,14205798106,32076955285,13885243654,31237151094
2024-07-15,14495023884,33028826681,14028909657,31646676581
2024-07-16,15002169308,34546427630,14218835387,32188381646
2024-07-17,15038629700,34882617888,14388609165,32707069030
2024-07-18,15114807603,34733278466,14557507444,33188613092
2024-07-19,15165171460,34763689688,14723301604,33661737652
2024-07-20,15387238728,35566035636,14915548398,34228261611
2024-07-21,15444207529,35650962633,15092464030,34738834089
2024-07-22,15692179855,36305814621,15263486312,35206975223
2024-07-23,15556312767,35735454177,15342649663,35376836158
2024-07-24,15798364049,35533169193,15451183142,35469772059
2024-07-25,15559910093,34877726591,15514769212,35490407506
2024-07-26,15199816607,34040094028,15519718518,35387036697
2024-07-27,15485062011,35172387495,15533693273,35330801248
2024-07-28,15511438046,35389845556,15543297633,35293498809
2024-07-29,15448249938,35105923251,15508450502,35122085756
2024-07-30,15678650842,35426106751,15525927369,35077893266
2024-07-31,15635002178,34803350779,15502589959,34973633493
2024-08-01,15569112107,34314214485,15503904533,34893131764
2024-08-02,15388185849,33971629297,15530814424,34883351088
2024-08-03,14900531061,32406155324,15447310003,34488175063
2024-08-04,14590542928,31479600812,15315753558,33929568671
2024-08-05,14016516728,30371490682,15111220242,33253221161
2024-08-06,12108315646,28053463493,14601172357,32199986410
2024-08-07,12364726398,29142062460,14133990102,31391230936
2024-08-08,12059257940,28323456730,13632582364,30535408400
2024-08-09,12827596071,30626816147,13266783825,30057577950
2024-08-10,13098026795,30957786533,13009283215,29850668122
2024-08-11,13089947071,31110754314,12794912378,29797975766
2024-08-12,12957208080,30373459628,12643582572,29798257044
2024-08-13,13229270343,31116547835,12803718957,30235840521
2024-08-14,13427514283,31724830813,12955545798,30604807429
2024-08-15,13336428416,30909208388,13137998723,30974200523
2024-08-16,13130099144,30238241247,13181213447,30918689823
2024-08-17,13282194164,30825610836,13207523072,30899807580
2024-08-18,13337189923,30727293284,13242843479,30845027433
2024-08-19,13446891732,30964149056,13312798286,30929411637
2024-08-20,13431435836,30824443253,13341679071,30887682411
2024-08-21,13440691953,31136230129,13343561595,30803596599
2024-08-22,13646627562,31826413989,13387875759,30934625971
2024-08-23,13676497768,31719749656,13465932705,31146270029
2024-08-24,14603115017,33455394594,13654635684,31521953423
2024-08-25,14380714128,33563297684,13803710571,31927096909
2024-08-26,14736385346,33716681400,13987923944,32320315815
2024-08-27,14377011040,32902571165,14123006116,32617191231
2024-08-28,13458766115,31193819213,14125588139,32625418243
2024-08-29,13608752288,31032655494,14120177386,32512024172
2024-08-30,13606753629,31043159550,14110213938,32415368443
2024-08-31,12983227148,30034772553,13878801385,31926708151
2024-09-01,12975890223,30017547297,13678112256,31420172382
2024-09-02,12738755998,29400225237,13392736634,30803535787
2024-09-03,13050820229,30150870599,13203280804,30410435706
2024-09-04,13567785567,30540745871,13218855012,30317139514
2024-09-05,13615284410,30671887711,13219788172,30265601260
2024-09-06,13195905794,29855593328,13161095624,30095948942
2024-09-07,12622002843,28432021002,13109492152,29866984435
2024-09-08,12780415502,28876972452,13081567192,29704045171
2024-09-09,12944511612,29101918714,13110960851,29661429954
2024-09-10,13347901085,30249524247,13153400973,29675523332
2024-09-11,13177273963,30374236901,13097613601,29651736336
2024-09-12,13316693111,30259797028,13054957701,29592866239
2024-09-13,13385937606,30557548846,13082105103,29693145599
2024-09-14,13750277894,31618418050,13243287253,30148345177
2024-09-15,13743871799,31429488324,13380923867,30512990301
2024-09-16,13662830296,30926292337,13483540822,30773615105
2024-09-17,13867311248,30208295307,13557742274,30767725256
2024-09-18,14034063596,31024830305,13680140793,30860667171
2024-09-19,14066920182,30895374928,13787316089,30951464014
2024-09-20,14431253587,31999233394,13936646943,31157418949
2024-09-21,14413128204,32710421749,14031339845,31313419478
2024-09-22,14521286526,32877123525,14142399091,31520224506
2024-09-23,14516091512,32672941057,14264293551,31769745752
2024-09-24,15188540727,33107420453,14453040619,32183906487
2024-09-25,15346733208,33503451662,14640564849,32537995253
2024-09-26,15203089920,32899562565,14802874812,32824307772
2024-09-27,15243997399,33828345491,14918981071,33085609500
2024-09-28,15451699452,34253526644,15067348392,33306053057
2024-09-29,15470288436,33932962312,15202920093,33456887169
2024-09-30,15481295485,33992621715,15340806375,33645412977
2024-10-01,15384006367,33218001570,15368730038,33661210280
2024-10-02,14835913070,31687309574,15295755733,33401761410
2024-10-03,14590595998,30791364430,15208256601,33100590248
2024-10-04,14535040957,30999452167,15106977109,32696462630
2024-10-05,14785705026,31697747718,15011835048,32331351355
2024-10-06,14724951190,31408179812,14905358299,31970668141
2024-10-07,14876137285,30915657861,14818907128,31531101876
2024-10-08,15020944517,31263313015,14767041149,31251860654
2024-10-09,7278199305,19924466766,13687367754,29571454538
2024-10-10,7481132261,19351166575,12671730077,27937140559
2024-10-11,7434587061,19180648154,11657379521,26248739986
2024-10-12,7197964465,19984937772,10573416583,24575481422
2024-10-13,7204210728,20206223578,9499025089,22975201960
2024-10-14,7202608130,20137277514,8402806638,21435433339
2024-10-15,7426926790,20773301790,7317946963,19936860307
2024-10-16,15764382611,32595648185,8530258864,21747029081
2024-10-17,15738390458,32767797746,9709867178,23663690677
2024-10-18,15696348991,32228654375,10890118882,25527691566
2024-10-19,16026885760,32520154358,12151393353,27318436792
2024-10-20,16073544454,32531668130,13418441028,29079214585
2024-10-21,16338633848,33137652505,14723587559,30936411013
