t,treasuries,gold,loans_and_private_equity,private_credit,,,,,,,
2021-04-22,35958.76453,152288816.9,0.0001,10903823.13,,,,,,,
2021-04-23,35900.42792,153477509.8,0.0001,11068894.57,,,,,,,
2021-04-24,35831.58792,153485595.7,0.0001,11264478.66,,,,,,,
2021-04-25,35900.62085,152861070.1,0.0001,11277933.95,,,,,,,
2021-04-26,35918.05661,154493797.7,0.0001,11322304.11,,,,,,,
2021-04-27,464740.8001,156720937.8,0.0001,11872731.23,,,,,,,
2021-04-28,455249.2199,156200639,0.0001,11896731.72,,,,,,,
2021-04-29,457378.941,155850312.4,0.0001,11743345.97,,,,,,,
2021-04-30,589248.5519,156818191.4,0.0001,12027771.62,,,,,,,
2021-05-01,586712.4167,157759758.5,0.0001,12145606.97,,,,,,,
2021-05-02,590539.421,159452114.4,0.0001,12511718.54,,,,,,,
2021-05-03,510229.5734,160495608.4,0.0001,12541194.63,,,,,,,
2021-05-04,510257.8831,197919917.6,0.0001,12604977.5,,,,,,,
2021-05-05,509744.9106,198075653.4,0.0001,12597997.67,,,,,,,
2021-05-06,509224.2878,197974691.9,0.0001,12609491.03,,,,,,,
2021-05-07,510004.1805,197527456.6,0.0001,12632140.49,,,,,,,
2021-05-08,509177.1698,196808472.2,0.0001,12804110.1,,,,,,,
2021-05-09,508641.185,197988986.3,0.0001,13412111.79,,,,,,,
2021-05-10,507936.6586,197580628.6,0.0001,13460956.62,,,,,,,
2021-05-11,509759.4204,196416528.6,0.0001,13525611.28,,,,,,,
2021-05-12,509851.3752,196306339.5,0.0001,13743553.29,,,,,,,
2021-05-13,510816.2981,196130981.9,0.0001,13709359.59,,,,,,,
2021-05-14,511294.3983,191738756.7,0.0001,14232781.85,,,,,,,
2021-05-15,314318.6747,189063663.3,0.0001,14998136.42,,,,,,,
2021-05-16,315480.1569,189254530.8,0.0001,14990034.9,,,,,,,
2021-05-17,313734.1839,188812229.9,0.0001,15829433.1,,,,,,,
2021-05-18,315041.5442,225353273.1,0.0001,16564753.39,,,,,,,
2021-05-19,1300440.776,224757387,0.0001,16760991.09,,,,,,,
2021-05-20,1301522.253,224907936.5,0.0001,17980911.17,,,,,,,
2021-05-21,1295104.489,224827459,0.0001,18099899.79,,,,,,,
2021-05-22,1307591.688,222447106.7,0.0001,18210135.71,,,,,,,
2021-05-23,1302475.28,224010888.3,0.0001,18237556.36,,,,,,,
2021-05-24,1320823.752,222369378.1,0.0001,18147353.71,,,,,,,
2021-05-25,1238614.326,224552951.4,0.0001,18112784.11,,,,,,,
2021-05-26,1238893.602,260129893.5,0.0001,18141930.69,,,,,,,
2021-05-27,1240575.746,259663290.4,0.0001,18139855.05,,,,,,,
2021-05-28,1903190.578,295996877,0.0001,18204213.37,,,,,,,
2021-05-29,1899639.324,296102946.6,0.0001,18743076.81,,,,,,,
2021-05-30,1909946.019,296057194,0.0001,18629365.13,,,,,,,
2021-05-31,1908178.372,294722574,0.0001,18763838.41,,,,,,,
2021-06-01,1908455.802,295364423.1,0.0001,18754046.53,,,,,,,
2021-06-02,1903535.384,295916964.3,0.0001,18714539.3,,,,,,,
2021-06-03,1911306.079,295683073.8,0.0001,18767628.92,,,,,,,
2021-06-04,1902905.288,296516814.3,0.0001,18789868.43,,,,,,,
2021-06-05,1905914.634,293967479.4,0.0001,18724294.45,,,,,,,
2021-06-06,1905545.485,295168012.9,0.0001,18656644.36,,,,,,,
2021-06-07,1910134.243,297659533.5,0.0001,19051435.24,,,,,,,
2021-06-08,2035877.421,297820776.7,0.0001,19081488.83,,,,,,,
2021-06-09,2106085.215,297906668.9,0.0001,19656577.72,,,,,,,
2021-06-10,2105843.588,297828244.1,0.0001,19886112.54,,,,,,,
2021-06-11,2544032.148,297982625.1,0.0001,19772081.71,,,,,,,
2021-06-12,2792695.84,296726762.3,0.0001,20824078.62,,,,,,,
2021-06-13,2799715.119,300003978.8,0.0001,22053310.54,,,,,,,
2021-06-14,2576908.841,300809250,0.0001,21960792.99,,,,,,,
2021-06-15,2580568.775,299387815.6,0.0001,21955864.96,,,,,,,
2021-06-16,2571779.024,300288021.9,0.0001,22241655.68,,,,,,,
2021-06-17,2574202.044,300195188.9,0.0001,22166852.33,,,,,,,
2021-06-18,2576657.369,300901682.1,0.0001,22283605,,,,,,,
2021-06-19,2584258.592,299846689.3,0.0001,22499873.99,,,,,,,
2021-06-20,2569727.214,298859826.7,0.0001,22402891.98,,,,,,,
2021-06-21,2571631.749,301326052.5,0.0001,22428132.87,,,,,,,
2021-06-22,3224587.505,303265950,0.0001,22551923.11,,,,,,,
2021-06-23,3226288.153,415674709.5,0.0001,23238839.4,,,,,,,
2021-06-24,3505646.522,414524733,0.0001,23067115.01,,,,,,,
2021-06-25,3473535.936,409732718.3,0.0001,24393841.01,,,,,,,
2021-06-26,3555441.598,413793373.6,0.0001,24290140.23,,,,,,,
2021-06-27,3494717.574,411616495.1,0.0001,24545053.29,,,,,,,
2021-06-28,3511495.201,406608167.4,0.0001,24701146.66,,,,,,,
2021-06-29,3642931.459,408754507.5,0.0001,24570796.8,,,,,,,
2021-06-30,3645546.575,407142454.2,0.0001,24810008.2,,,,,,,
2021-07-01,3728430.371,405410448.4,0.0001,25350444.1,,,,,,,
2021-07-02,4205689.213,408948942.5,0.0001,26052123.44,,,,,,,
2021-07-03,4203625.968,413782517.7,0.0001,25954016.44,,,,,,,
2021-07-04,4195548.927,414357088.6,0.0001,25970789.63,,,,,,,
2021-07-05,4196183.757,413055428.7,0.0001,25707335.24,,,,,,,
2021-07-06,4180074.578,411959945.1,0.0001,25749342.5,,,,,,,
2021-07-07,4333908.571,412202863.2,0.0001,25698026.61,,,,,,,
2021-07-08,4194529.759,411885126.2,0.0001,25604532.67,,,,,,,
2021-07-09,4471618.753,413332916.1,0.0001,25469906.5,,,,,,,
2021-07-10,4453354.147,411634634.3,0.0001,26223851.93,,,,,,,
2021-07-11,4462943.724,416809791.4,0.0001,26137768.52,,,,,,,
2021-07-12,4441839.808,416417969,0.0001,26081251.67,,,,,,,
2021-07-13,4737759.873,415833174,0.0001,26095081.22,,,,,,,
2021-07-14,4821294.496,416051058.7,0.0001,26407216.31,,,,,,,
2021-07-15,4816992.77,416157785.6,0.0001,26331866.93,,,,,,,
2021-07-16,4967628.975,417970521.4,0.0001,26282547.23,,,,,,,
2021-07-17,4959771.849,418827498.6,0.0001,26333273.52,,,,,,,
2021-07-18,4973013.185,414415228.7,0.0001,26569463.63,,,,,,,
2021-07-19,4967033.689,408375487.6,0.0001,26568110.51,,,,,,,
2021-07-20,4967257.519,405270556.2,0.0001,26580388.16,,,,,,,
2021-07-21,5002832.627,406274767.4,0.0001,26426989.03,,,,,,,
2021-07-22,4970602.503,405468691.7,0.0001,26506075.55,,,,,,,
2021-07-23,4597462.672,406740142.4,0.0001,26267949.72,,,,,,,
2021-07-24,4602155.963,407974400.9,0.0001,25981230.83,,,,,,,
2021-07-25,4707418.131,409748479.9,0.0001,25909191.71,,,,,,,
2021-07-26,4708478.119,409151945.6,0.0001,25928153.89,,,,,,,
2021-07-27,4708285.566,408518693.7,0.0001,25745875.32,,,,,,,
2021-07-28,4968116.22,409847755.6,0.0001,25989912.9,,,,,,,
2021-07-29,5057348.794,410212079.5,0.0001,25854814.36,,,,,,,
2021-07-30,5405597.964,411208100.7,0.0001,26548689.29,,,,,,,
2021-07-31,5391067.091,408448513.8,0.0001,26714279.94,,,,,,,
2021-08-01,5387110.681,409588637.2,0.0001,26618880.4,,,,,,,
2021-08-02,5402613.965,409811778.6,0.0001,26579573.64,,,,,,,
2021-08-03,5406851.075,414236401.3,0.0001,26507754.44,,,,,,,
2021-08-04,5406367.585,421369093,0.0001,26611232.81,,,,,,,
2021-08-05,4870676.864,421667004.5,0.0001,26326018.78,,,,,,,
2021-08-06,5452876.348,423463140.3,0.0001,26128572.71,,,,,,,
2021-08-07,5820720.477,419212073.6,0.0001,27216487.24,,,,,,,
2021-08-08,5821949.954,423472027.9,0.0001,27657801.22,,,,,,,
2021-08-09,5883310.579,430393813,0.0001,27773063,,,,,,,
2021-08-10,6243935.74,429801052.4,0.0001,27832423.09,,,,,,,
2021-08-11,6246410.885,429584694,0.0001,28384139.69,,,,,,,
2021-08-12,6167044.66,431779904,0.0001,28305791.49,,,,,,,
2021-08-13,6144563.253,432954549,0.0001,28441487.16,,,,,,,
2021-08-14,6067693.517,432470354.9,0.0001,28418569.33,,,,,,,
2021-08-15,6151268.292,435241870.3,0.0001,28442060.92,,,,,,,
2021-08-16,6132611.015,432816689.7,0.0001,28481982.36,,,,,,,
2021-08-17,6056083.2,427737362.9,0.0001,28435923.86,,,,,,,
2021-08-18,5561433.041,427789991.2,0.0001,28453046.81,,,,,,,
2021-08-19,5540235.895,434048366.3,0.0001,27898465.38,,,,,,,
2021-08-20,5550954.055,431531025.6,0.0001,28718289.15,,,,,,,
2021-08-21,5578295.275,440262639.9,0.0001,28503557.35,,,,,,,
2021-08-22,6678879.278,437586248.6,0.0001,28551339.44,,,,,,,
2021-08-23,6695285.822,438895575.3,0.0001,29967762.04,,,,,,,
2021-08-24,6696990.591,446723338.2,0.0001,29662476.75,,,,,,,
2021-08-25,6711459.877,447052620.7,0.0001,29574635.08,,,,,,,
2021-08-26,6511216.812,450632035.2,0.0001,49765526.37,,,,,,,
2021-08-27,6516807.063,492490883.4,0.0001,49781999.77,,,,,,,
2021-08-28,6507313.96,503028348,0.0001,50723670.68,,,,,,,
2021-08-29,6520032.599,493970930.1,0.0001,50722036.29,,,,,,,
2021-08-30,6534916.167,495929768.7,0.0001,50685712.06,,,,,,,
2021-08-31,6526464.607,495211716.5,0.0001,50721734.14,,,,,,,
2021-09-01,7695451.349,495763043.3,0.0001,52396315.11,,,,,,,
2021-09-02,7674859.701,496322453.8,0.0001,53752268.55,,,,,,,
2021-09-03,7660135.787,491026192.5,0.0001,51423104.78,,,,,,,
2021-09-04,7021769.595,480778253.9,0.0001,51544979.87,,,,,,,
2021-09-05,7029994.843,480975168.3,0.0001,51425589.04,,,,,,,
2021-09-06,7023829.01,484326687.2,0.0001,51353890.71,,,,,,,
2021-09-07,7037277.178,482016612.8,0.0001,51461549.29,,,,,,,
2021-09-08,7279971.458,481396793.8,0.0001,51159445.77,,,,,,,
2021-09-09,7357658.407,487673792,0.0001,51205283.51,,,,,,,
2021-09-10,7346300.911,486340816.2,0.0001,51461585.86,,,,,,,
2021-09-11,7463716.654,485812220,0.0001,51405150.78,,,,,,,
2021-09-12,7443104.372,488300391.2,0.0001,52114772.89,,,,,,,
2021-09-13,7401703.687,489121255,0.0001,51912499.87,,,,,,,
2021-09-14,7420328.019,487411824.8,0.0001,52059882.83,,,,,,,
2021-09-15,7414739.884,489121777.3,0.0001,52404432.7,,,,,,,
2021-09-16,7407466.97,487931028,0.0001,52494119.13,,,,,,,
2021-09-17,7447188.863,479807039.5,0.0001,57805369.91,,,,,,,
2021-09-18,7551780.311,478398370.8,0.0001,65041897.71,,,,,,,
2021-09-19,7550010.191,486481961.5,0.0001,67073516.17,,,,,,,
2021-09-20,7535564.993,487623692.6,0.0001,68064216.97,,,,,,,
2021-09-21,8342117.01,482373240.1,0.0001,67696793.94,,,,,,,
2021-09-22,8587633.763,491166881.3,0.0001,68958383.54,,,,,,,
2021-09-23,8567648.501,486337552.5,0.0001,68553599.19,,,,,,,
2021-09-24,8537063.51,486792001.1,0.0001,68534971.61,,,,,,,
2021-09-25,8561896.985,480821695.1,0.0001,68554763.49,,,,,,,
2021-09-26,8581012.102,474003261.5,0.0001,68875021.86,,,,,,,
2021-09-27,8564200.656,475749894.4,0.0001,68586142.65,,,,,,,
2021-09-28,8583108.191,480482905.3,0.0001,68427359.86,,,,,,,
2021-09-29,8585147.935,489339452.6,0.0001,68946991.43,,,,,,,
2021-09-30,8543978.714,489667009.2,0.0001,68853694.74,,,,,,,
2021-10-01,8585773.307,482829674.6,0.0001,68888895.78,,,,,,,
2021-10-02,8571614.954,488969325.4,0.0001,68602045.54,,,,,,,
2021-10-03,8561029.278,487618820.4,0.0001,71569616.7,,,,,,,
2021-10-04,8564499.302,490274307,0.0001,71565451.52,,,,,,,
2021-10-05,8549572.509,492712904.5,0.0001,71796136.74,,,,,,,
2021-10-06,8509710.599,491441831.1,0.0001,71956889.6,,,,,,,
2021-10-07,8608724.266,492988700.3,0.0001,71119909.07,,,,,,,
2021-10-08,8624399.63,491753925.7,0.0001,71341040.33,,,,,,,
2021-10-09,8622463.965,484038984.6,0.0001,71494636.48,,,,,,,
2021-10-10,8598190.161,486370287.1,0.0001,71620073.51,,,,,,,
2021-10-11,8613484.878,486013416,0.0001,71591766.38,,,,,,,
2021-10-12,8620692.008,481361294.3,0.0001,71625478.94,,,,,,,
2021-10-13,8589516.816,485472859.4,0.0001,69523819.54,,,,,,,
2021-10-14,8630506.446,486238413.1,0.0001,69609772.3,,,,,,,
2021-10-15,9853654.319,471482920.7,0.0001,71495172.04,,,,,,,
2021-10-16,9078481.377,471247345.2,0.0001,70726683.94,,,,,,,
2021-10-17,9115994.273,467526079.9,0.0001,70600398.19,,,,,,,
2021-10-18,9130492.538,467195164.2,0.0001,70750844.09,,,,,,,
2021-10-19,9266773.582,469084125.7,0.0001,71613352.44,,,,,,,
2021-10-20,9357089.656,471455788,0.0001,71610276.63,,,,,,,
2021-10-21,9293401.108,473188420.5,0.0001,72239280.01,,,,,,,
2021-10-22,9334703.774,462265613.3,0.0001,77344301.97,,,,,,,
2021-10-23,9236896.489,462300842.1,0.0001,72342787.19,,,,,,,
2021-10-24,9290632.111,469316752.6,0.0001,73130938.14,,,,,,,
2021-10-25,9272643.073,464933699.6,0.0001,72805546.92,,,,,,,
2021-10-26,10494000.92,464768608.1,0.0001,72450502.39,,,,,,,
2021-10-27,10430561.87,469125898.5,0.0001,74330662.92,,,,,,,
2021-10-28,10450819.26,465662693,0.0001,74050297.03,,,,,,,
2021-10-29,10464982.94,447712565.6,0.0001,74392421.8,,,,,,,
2021-10-30,10456493.21,443143790.5,0.0001,73919479.01,,,,,,,
2021-10-31,10439848.51,444516254.5,0.0001,74918513.81,,,,,,,
2021-11-01,10463292.14,452177090.7,0.0001,74819715.81,,,,,,,
2021-11-02,10429023.1,450130726.6,0.0001,74876526.08,,,,,,,
2021-11-03,10396622.4,456220637.4,0.0001,74790003.72,,,,,,,
2021-11-04,10330495.93,455908958.6,0.0001,74752716.56,,,,,,,
2021-11-05,9981130.325,458370585.9,0.0001,74450625.46,,,,,,,
2021-11-06,9975118.673,459260487.8,0.0001,73615685.9,,,,,,,
2021-11-07,9997470.348,459493041,0.0001,73521972.36,,,,,,,
2021-11-08,9991632.422,451694190.7,0.0001,73798514.22,,,,,,,
2021-11-09,11349828.44,456452890,0.0001,73999209.36,,,,,,,
2021-11-10,11367715.56,460019428.9,0.0001,73963596.5,,,,,,,
2021-11-11,11369074.6,459677230.4,0.0001,74274519.12,,,,,,,
2021-11-12,11346690.4,457582933.4,0.0001,74214303.26,,,,,,,
2021-11-13,11362603.36,459850143.7,0.0001,74608596.43,,,,,,,
2021-11-14,11383569.85,456793891,0.0001,74924960.62,,,,,,,
2021-11-15,11380008.83,459602142.8,0.0001,75859396.45,,,,,,,
2021-11-16,11368844.19,459473736.3,0.0001,74800576.51,,,,,,,
2021-11-17,11491432.33,459867707.7,0.0001,74947823.22,,,,,,,
2021-11-18,12228466.45,459178131.1,0.0001,75687975.69,,,,,,,
2021-11-19,16219879.71,460161942.7,0.0001,76301676.32,,,,,,,
2021-11-20,16404372.39,457345021,0.0001,80798013.52,,,,,,,
2021-11-21,16315276.48,460030279,0.0001,81728000.96,,,,,,,
2021-11-22,15672031.48,462554563.1,0.0001,80722714.44,,,,,,,
2021-11-23,15181844.28,456681284.2,0.0001,79992992,,,,,,,
2021-11-24,15206861.3,457684729.9,0.0001,79361469.9,,,,,,,
2021-11-25,15225309.55,460228436.6,0.0001,79434412.57,,,,,,,
2021-11-26,15201292.94,457582609.7,0.0001,79324408.8,,,,,,,
2021-11-27,15225482.19,457112233.6,0.0001,79273201.35,,,,,,,
2021-11-28,15126355.95,460097994,0.0001,79065030.26,,,,,,,
2021-11-29,15199489.02,455531102.8,0.0001,79256518.75,,,,,,,
2021-11-30,15272336.42,461339171.9,0.0001,81266076.45,,,,,,,
2021-12-01,13382506.12,460439800.3,0.0001,78873500.39,,,,,,,
2021-12-02,13372219.23,464121546.4,0.0001,79087663.3,,,,,,,
2021-12-03,13585820.4,457207956.6,0.0001,79174759.59,,,,,,,
2021-12-04,13606774.43,450755246.5,0.0001,80179157.85,,,,,,,
2021-12-05,13526797.87,454739017.5,0.0001,80096678.21,,,,,,,
2021-12-06,13353650.32,461834982.4,0.0001,80605305.52,,,,,,,
2021-12-07,13702512.21,459898593.7,0.0001,80446457.39,,,,,,,
2021-12-08,13827645.48,460537499.6,0.0001,80746373.92,,,,,,,
2021-12-09,13622769.25,459270517.5,0.0001,82092911.9,,,,,,,
2021-12-10,13875309.51,458797061.8,0.0001,81364642.86,,,,,,,
2021-12-11,13856221.2,457454829.6,0.0001,81080383.61,,,,,,,
2021-12-12,13811688.5,458071530.9,0.0001,81323381.89,,,,,,,
2021-12-13,13812257.59,459666465.7,0.0001,82019672.19,,,,,,,
2021-12-14,13810853.22,459426726.7,0.0001,82130303.8,,,,,,,
2021-12-15,15008380.4,457602401.7,0.0001,83569814.9,,,,,,,
2021-12-16,14993282.86,458402547.6,0.0001,85721001.84,,,,,,,
2021-12-17,15130180.7,459910451.3,0.0001,85779590.43,,,,,,,
2021-12-18,14328055.5,457980598.3,0.0001,83816932.77,,,,,,,
2021-12-19,14318630.92,458561262.6,0.0001,84210503.69,,,,,,,
2021-12-20,14348092.48,457114532.9,0.0001,83743128.27,,,,,,,
2021-12-21,14405701.27,455227572.1,0.0001,82815506.86,,,,,,,
2021-12-22,14501539.72,453432894.3,0.0001,83346821.34,,,,,,,
2021-12-23,16431787.52,457485595,0.0001,85813698.65,,,,,,,
2021-12-24,16327520.21,453595256.3,0.0001,85524694.2,,,,,,,
2021-12-25,16394243.44,448508005.5,0.0001,85535371.4,,,,,,,
2021-12-26,16295482.86,438562797.9,0.0001,85533817.9,,,,,,,
2021-12-27,16361693.75,429609413.8,0.0001,85547285.67,,,,,,,
2021-12-28,16391142.31,427972041,0.0001,85456902.3,,,,,,,
2021-12-29,16648544.65,428107450.4,0.0001,86467969.01,,,,,,,
2021-12-30,16743036.69,427802650.5,0.0001,86708651.47,,,,,,,
2021-12-31,16607686,427054774,0.0001,86745347.48,,,,,,,
2022-01-01,16618430.22,427010057,0.0001,87069732.35,,,,,,,
2022-01-02,16626845.75,426910424.2,0.0001,88141130.32,,,,,,,
2022-01-03,16666573.05,425892617.7,0.0001,88895221.45,,,,,,,
2022-01-04,16453051.09,425707935.9,0.0001,88627163.3,,,,,,,
2022-01-05,15959572.21,425437101,0.0001,88940390.45,,,,,,,
2022-01-06,16620128.71,426925327.3,0.0001,90680313.66,,,,,,,
2022-01-07,15418470.62,421620714.1,0.0001,96665584.94,,,,,,,
2022-01-08,15370411.7,418869663.9,0.0001,96625064.87,,,,,,,
2022-01-09,15361345.53,419928526.9,0.0001,96871530.24,,,,,,,
2022-01-10,15304854.8,422904557,0.0001,97043983.52,,,,,,,
2022-01-11,15377017.58,422342071.8,0.0001,98131443.38,,,,,,,
2022-01-12,15413557.09,423582875.6,0.0001,101679546.1,,,,,,,
2022-01-13,15125851.01,422090373.5,0.0001,111469722.2,,,,,,,
2022-01-14,15153643.01,422761968.4,0.0001,117823088,,,,,,,
2022-01-15,15103398.74,421781406.8,0.0001,118590472.6,,,,,,,
2022-01-16,15136682.24,422017891.8,0.0001,119120348.5,,,,,,,
2022-01-17,15546591.63,422607916.7,0.0001,125203091.3,,,,,,,
2022-01-18,15402238.6,424446544.3,0.0001,125576500.7,,,,,,,
2022-01-19,16007261.11,423600902.7,0.0001,126215177.2,,,,,,,
2022-01-20,15964758.57,423746575.6,0.0001,126453072.4,,,,,,,
2022-01-21,16310605.32,424773568.4,0.0001,126328988.4,,,,,,,
2022-01-22,16180732.8,423526758.2,0.0001,124671210.4,,,,,,,
2022-01-23,16193032.01,423467229.9,0.0001,124388839.8,,,,,,,
2022-01-24,16157377.71,424150532.8,0.0001,126291233.4,,,,,,,
2022-01-25,16209784.4,422722730.7,0.0001,127216353.1,,,,,,,
2022-01-26,16540325.04,423062973.4,0.0001,128365929.2,,,,,,,
2022-01-27,16456548.75,423185147.8,0.0001,128693245.2,,,,,,,
2022-01-28,16078806.02,422897400.9,0.0001,130638373.4,,,,,,,
2022-01-29,18179369.2,423335132.5,0.0001,132444163.8,,,,,,,
2022-01-30,18333900.68,422916471.2,0.0001,133093313.1,,,,,,,
2022-01-31,18398285.6,423054622.9,0.0001,135584991.5,,,,,,,
2022-02-01,18596722.7,424721336.3,0.0001,148283838.4,,,,,,,
2022-02-02,18107714.43,425366632.1,0.0001,148701695.8,,,,,,,
2022-02-03,18363642.37,424261433.8,0.0001,149001838.3,,,,,,,
2022-02-04,18901120.82,423394094.1,0.0001,149976879.5,,,,,,,
2022-02-05,18570465.16,422834680.6,0.0001,150313335.4,,,,,,,
2022-02-06,18576571.34,422819385.1,0.0001,149098465.9,,,,,,,
2022-02-07,18585546.1,422564114.8,0.0001,149205224.9,,,,,,,
2022-02-08,18542988.6,425031224,0.0001,149163189.9,,,,,,,
2022-02-09,18633289.53,422578650,0.0001,149843850.1,,,,,,,
2022-02-10,18364322.06,422991493,0.0001,150233847.4,,,,,,,
2022-02-11,18386186.62,423264114.5,0.0001,150526501.6,,,,,,,
2022-02-12,18450552.13,422914199.7,0.0001,151944266.4,,,,,,,
2022-02-13,18347796.17,423227117.6,0.0001,152073569.9,,,,,,,
2022-02-14,18365235.28,424785958.7,0.0001,151575900.9,,,,,,,
2022-02-15,18600997.86,423157965.6,0.0001,152241493.9,,,,,,,
2022-02-16,18022330.56,422146757.7,0.0001,151842002.3,,,,,,,
2022-02-17,18006076.1,423958356.5,0.0001,152047932.9,,,,,,,
2022-02-18,17555558.93,422602233.9,0.0001,151461248.1,,,,,,,
2022-02-19,17572182.28,421133194.9,0.0001,152217722.5,,,,,,,
2022-02-20,17591507.03,420653441.6,0.0001,152997059.8,,,,,,,
2022-02-21,17564920.99,420132669.5,0.0001,154039032.3,,,,,,,
2022-02-22,17594943.77,421709221.4,0.0001,147299069.8,,,,,,,
2022-02-23,19539004.36,422025417.2,0.0001,150903409.5,,,,,,,
2022-02-24,19469400.5,420922645.1,0.0001,151211065.1,,,,,,,
2022-02-25,19456828.96,419771628.7,0.0001,150130547.5,,,,,,,
2022-02-26,19181912.31,421652568,0.0001,148973257.2,,,,,,,
2022-02-27,19215305.95,421204353.1,0.0001,149785435.6,,,,,,,
2022-02-28,19008904.32,421314109.2,0.0001,149469883.9,,,,,,,
2022-03-01,19128350.65,421467426.1,0.0001,149785269,,,,,,,
2022-03-02,19152727.84,421148681.4,0.0001,150180058,,,,,,,
2022-03-03,19468498.05,420655569.3,0.0001,150638997.4,,,,,,,
2022-03-04,27265807.42,421431729.3,0.0001,156136073.4,,,,,,,
2022-03-05,25425257.9,421756829.4,0.0001,151984974.7,,,,,,,
2022-03-06,25416197.79,421135851,0.0001,153222881.4,,,,,,,
2022-03-07,25405816.78,419593195.1,0.0001,152749149.4,,,,,,,
2022-03-08,26079104.56,418639420.6,0.0001,153227546.8,,,,,,,
2022-03-09,26110089.32,418354791.4,0.0001,153508505.2,,,,,,,
2022-03-10,26376620.58,422683597,0.0001,154857843.1,,,,,,,
2022-03-11,26295396.39,419382370.5,0.0001,155273786.9,,,,,,,
2022-03-12,28401219.11,415987127.8,0.0001,162553940.7,,,,,,,
2022-03-13,28368881.26,419629002.3,0.0001,162859684.2,,,,,,,
2022-03-14,28338897.2,419795148.2,0.0001,162925111.8,,,,,,,
2022-03-15,28330355.57,418339108.4,0.0001,174589687.1,,,,,,,
2022-03-16,28349160.14,414018164.5,0.0001,174317658.6,,,,,,,
2022-03-17,28599369.71,415487791.4,0.0001,177980481.1,,,,,,,
2022-03-18,28170995.95,413613729.6,0.0001,187577113.7,,,,,,,
2022-03-19,27845507.89,412996207.7,0.0001,182574404.6,,,,,,,
2022-03-20,27804566.77,415746527.3,0.0001,182254489.9,,,,,,,
2022-03-21,27833527.67,415626558.1,0.0001,172219778.3,,,,,,,
2022-03-22,28066216.17,415739881.7,0.0001,172122244,,,,,,,
2022-03-23,27969748.15,415728627.5,0.0001,172428987.4,,,,,,,
2022-03-24,27815720.39,412763682.5,0.0001,171915605.4,,,,,,,
2022-03-25,27956831.05,417392479.3,0.0001,175414219.2,,,,,,,
2022-03-26,27659119.03,419103298.5,0.0001,175105297.6,,,,,,,
2022-03-27,27641764.6,418211259.3,0.0001,175273334.1,,,,,,,
2022-03-28,27623538.49,417630532.1,0.0001,175173688.4,,,,,,,
2022-03-29,27664335.27,418264006.2,0.0001,175160738.7,,,,,,,
2022-03-30,27351780.22,417175000.8,0.0001,176358190.1,,,,,,,
2022-03-31,29488384.07,416460074.5,0.0001,178890869.6,,,,,,,
2022-04-01,29363922.18,414672215.1,0.0001,179127549.7,,,,,,,
2022-04-02,29481949.94,412412954.4,0.0001,177789679,,,,,,,
2022-04-03,29497994.96,415531159.9,0.0001,177470173.6,,,,,,,
2022-04-04,29493671.39,412844758,0.0001,177183731.8,,,,,,,
2022-04-05,28984555.11,413433330.8,0.0001,177222288.4,,,,,,,
2022-04-06,28982143.22,413354885.8,0.0001,177475775.3,,,,,,,
2022-04-07,33632947.47,414532498.4,0.0001,177174805.1,,,,,,,
2022-04-08,33257135.61,413608728.6,0.0001,178360414.2,,,,,,,
2022-04-09,32787469.97,415549971.4,0.0001,180530256.6,,,,,,,
2022-04-10,32780857.4,410043603.9,0.0001,177375005.4,,,,,,,
2022-04-11,32036321.85,411185150.5,0.0001,177517110.3,,,,,,,
2022-04-12,32062532.37,414198080.5,0.0001,177581617.4,,,,,,,
2022-04-13,31510059.42,413635397.4,0.0001,174993295,,,,,,,
2022-04-14,31464872.55,413983319.4,0.0001,176436325,,,,,,,
2022-04-15,31478122.24,413097083.3,0.0001,176691015.2,,,,,,,
2022-04-16,31381478.61,412204211.3,0.0001,177569180.2,,,,,,,
2022-04-17,31365905.3,415269369.3,0.0001,176987732.7,,,,,,,
2022-04-18,31149693.35,415439604.5,0.0001,176854617.3,,,,,,,
2022-04-19,34502259.92,413243953.5,0.0001,181268577,,,,,,,
2022-04-20,34477328.29,414092987.8,0.0001,181204250.9,,,,,,,
2022-04-21,34317724.31,410836006.9,0.0001,181097070.9,,,,,,,
2022-04-22,33834382.42,412703525.7,0.0001,181412440.9,,,,,,,
2022-04-23,33847095.36,414522199.6,0.0001,181560339.1,,,,,,,
2022-04-24,33912224.17,413671863,0.0001,181677016.9,,,,,,,
2022-04-25,33813226.29,407030835.2,0.0001,181902438,,,,,,,
2022-04-26,33863673.96,415864101,0.0001,181967888.6,,,,,,,
2022-04-27,33830908.18,416093934.6,0.0001,180518011.4,,,,,,,
2022-04-28,33468945.43,415063329.1,0.0001,180280290.5,,,,,,,
2022-04-29,33505320.46,414148532.9,0.0001,180384230.1,,,,,,,
2022-04-30,33554758.01,418797131.3,0.0001,180504994.2,,,,,,,
2022-05-01,33584386.79,410088136.6,0.0001,180694309.3,,,,,,,
2022-05-02,33588014.85,422777897.2,0.0001,180012521.4,,,,,,,
2022-05-03,33454410.25,420818123.5,0.0001,179608035.6,,,,,,,
2022-05-04,33420535.84,427348917.7,0.0001,180915942.4,,,,,,,
2022-05-05,33060768.68,430945723.1,0.0001,182724216.9,,,,,,,
2022-05-06,33275093.41,421485776.3,0.0001,182764221.5,,,,,,,
2022-05-07,33545470.11,423177203,0.0001,184407483.5,,,,,,,
2022-05-08,33562400.56,422455358,0.0001,185522996.4,,,,,,,
2022-05-09,33505513.91,421619176.3,0.0001,186740861,,,,,,,
2022-05-10,33540250.17,421326906.1,0.0001,186403012,,,,,,,
2022-05-11,33378652.64,421512245,0.0001,186216018.6,,,,,,,
2022-05-12,33198073.34,424019426.4,0.0001,168576655.9,,,,,,,
2022-05-13,32946340.12,422444081.7,0.0001,167921249.5,,,,,,,
2022-05-14,32818217.24,420712392.9,0.0001,167581204.5,,,,,,,
2022-05-15,32766019.16,422248263.3,0.0001,167762624.6,,,,,,,
2022-05-16,32677517.77,422180427.1,0.0001,167680154.5,,,,,,,
2022-05-17,32841832.03,423956078.7,0.0001,168062000.3,,,,,,,
2022-05-18,32945008.1,422344580.1,0.0001,167673550.4,,,,,,,
2022-05-19,33103053.24,420905419.3,0.0001,167646878.7,,,,,,,
2022-05-20,33119287.92,420846757.7,0.0001,167397318.3,,,,,,,
2022-05-21,35266431.97,422157701,0.0001,169632203.5,,,,,,,
2022-05-22,35319977.89,421725285.1,0.0001,169655940.4,,,,,,,
2022-05-23,35328763.83,432843859.6,0.0001,169637472.7,,,,,,,
2022-05-24,35363065.43,429789805.2,0.0001,169590243.6,,,,,,,
2022-05-25,35229646.47,424944027,0.0001,169145246.5,,,,,,,
2022-05-26,34900728.39,424080242,0.0001,178109755,,,,,,,
2022-05-27,34796819.19,424183345.6,0.0001,178189126.4,,,,,,,
2022-05-28,34810473.47,422682722.9,0.0001,178036159.2,,,,,,,
2022-05-29,34831748.96,430419180.6,0.0001,178424110.1,,,,,,,
2022-05-30,34877601,425503997,0.0001,178434005.7,,,,,,,
2022-05-31,35976590.69,425575598.3,0.0001,179298040,,,,,,,
2022-06-01,36091502.78,423920547.8,0.0001,180187398.2,,,,,,,
2022-06-02,35686150.73,428599641.9,0.0001,180109575.1,,,,,,,
2022-06-03,34647256.91,422994398.7,0.0001,178559649.8,,,,,,,
2022-06-04,35046801.69,432947867.1,0.0001,178943049,,,,,,,
2022-06-05,35018716.31,428061452.6,0.0001,179251923.5,,,,,,,
2022-06-06,37025919.07,424163928.5,0.0001,181315918.1,,,,,,,
2022-06-07,37036494.01,427637450.5,0.0001,181601896.5,,,,,,,
2022-06-08,37056710.5,427024031.6,0.0001,181534186.6,,,,,,,
2022-06-09,37012320.56,428509519.9,0.0001,181489308.2,,,,,,,
2022-06-10,38071873.11,426978806.1,0.0001,187713388.5,,,,,,,
2022-06-11,38017540.77,440171567,0.0001,187260180.8,,,,,,,
2022-06-12,38081624.16,435401261.9,0.0001,187172589.5,,,,,,,
2022-06-13,38283087.16,432392487.3,0.0001,187912581.8,,,,,,,
2022-06-14,38010263.2,432185016.1,0.0001,187195878.6,,,,,,,
2022-06-15,37257463.8,428049191.6,0.0001,186426039,,,,,,,
2022-06-16,37443604.17,427464906.4,0.0001,186437344.3,,,,,,,
2022-06-17,37515774.34,434222042.6,0.0001,186439828.4,,,,,,,
2022-06-18,37675776.25,432772225.4,0.0001,186088484.1,,,,,,,
2022-06-19,37613986.85,443970330.7,0.0001,186238038.2,,,,,,,
2022-06-20,37240458.54,442543476.2,0.0001,186083983.9,,,,,,,
2022-06-21,38219630.54,441935653.7,0.0001,186083306.3,,,,,,,
2022-06-22,38090590.18,434422146.1,0.0001,186320880.6,,,,,,,
2022-06-23,37729047.28,432918058.1,0.0001,205674268.8,,,,,,,
2022-06-24,37898341.69,440290701.5,0.0001,206296315.7,,,,,,,
2022-06-25,37976472.61,449543727.3,0.0001,205698995.2,,,,,,,
2022-06-26,39090029.67,449842439.3,0.0001,206411802.4,,,,,,,
2022-06-27,39137745.29,447535132.2,0.0001,205827502,,,,,,,
2022-06-28,38685530.09,450437610.1,0.0001,205582330,,,,,,,
2022-06-29,39565650.97,449033992,0.0001,208252003.1,,,,,,,
2022-06-30,39716496.12,452373116.6,0.0001,210295539.9,,,,,,,
2022-07-01,38829218.27,456759494.9,0.0001,209347185.5,,,,,,,
2022-07-02,38973554.11,458579568.5,0.0001,209683845.2,,,,,,,
2022-07-03,38582465.69,462371054.1,0.0001,209066245.8,,,,,,,
2022-07-04,38611431.63,464233674.5,0.0001,209070207.7,,,,,,,
2022-07-05,38558594.28,466849497.2,0.0001,209057499.4,,,,,,,
2022-07-06,40094425.66,464266652.6,0.0001,209435962.3,,,,,,,
2022-07-07,39751697.22,466912288,0.0001,207415886,,,,,,,
2022-07-08,39676108.69,466044948,0.0001,207307145.9,,,,,,,
2022-07-09,39936025.41,465866728.5,0.0001,209008920.6,,,,,,,
2022-07-10,39902998.66,466766501.2,0.0001,209077511.4,,,,,,,
2022-07-11,39975345.81,471418682.8,0.0001,209274683,,,,,,,
2022-07-12,39961159.44,469880873.2,0.0001,208893825.9,,,,,,,
2022-07-13,39854526.3,466796734.1,0.0001,208703948.9,,,,,,,
2022-07-14,39895533.54,464752123,0.0001,208844178.6,,,,,,,
2022-07-15,39810335.73,468991570.7,0.0001,208955937.5,,,,,,,
2022-07-16,39778246.33,470037046.5,0.0001,207812265.3,,,,,,,
2022-07-17,39791165.76,472172237,0.0001,207573195.9,,,,,,,
2022-07-18,39904041.88,465938831.8,0.0001,207692660.1,,,,,,,
2022-07-19,40104016.63,466454915.7,0.0001,209236027.3,,,,,,,
2022-07-20,40104412.52,470045767.2,0.0001,210137251.2,,,,,,,
2022-07-21,39569708.38,471832075.3,0.0001,209321666.4,,,,,,,
2022-07-22,39108942.02,471675454.8,0.0001,208789926,,,,,,,
2022-07-23,39068925.53,472892872.3,0.0001,209222077.1,,,,,,,
2022-07-24,39003992.82,468571220.4,0.0001,208950911.7,,,,,,,
2022-07-25,39081203.37,459900614.2,0.0001,209466361.1,,,,,,,
2022-07-26,38993124.68,460271285.5,0.0001,209397240.2,,,,,,,
2022-07-27,39040301.35,459961674.8,0.0001,209273154.5,,,,,,,
2022-07-28,39042165.84,459734292.6,0.0001,209026170.6,,,,,,,
2022-07-29,38975733.49,461248245.2,0.0001,208889642.4,,,,,,,
2022-07-30,38833980.34,459826473.9,0.0001,208674717.1,,,,,,,
2022-07-31,38822699.43,458337755.4,0.0001,208754240.6,,,,,,,
2022-08-01,38806557.7,457005083.8,0.0001,208944472.8,,,,,,,
2022-08-02,38638256.2,455682703.4,0.0001,208972473.8,,,,,,,
2022-08-03,38418661.13,456669969.3,0.0001,207960162.5,,,,,,,
2022-08-04,38475553.08,456430980.5,0.0001,208022881,,,,,,,
2022-08-05,62231162.14,455739203.2,0.0001,208035402.9,,,,,,,
2022-08-06,62578914.42,456774527.7,0.0001,207939371.9,,,,,,,
2022-08-07,87551123.61,452163181.7,0.0001,208223954.5,,,,,,,
2022-08-08,87493451.1,453516128.2,0.0001,208049278.5,,,,,,,
2022-08-09,87688400.97,453550846.6,0.0001,208538005.9,,,,,,,
2022-08-10,87645134.19,452997468.8,0.0001,208219194.3,,,,,,,
2022-08-11,87651205.55,453784508,0.0001,208037590.4,,,,,,,
2022-08-12,87615667.65,453364143.7,0.0001,207526931.2,,,,,,,
2022-08-13,87855589.84,453283031.9,0.0001,207371375.1,,,,,,,
2022-08-14,87883766.95,450012331.6,0.0001,208062225.1,,,,,,,
2022-08-15,88016340.25,448168113.9,0.0001,207941091.8,,,,,,,
2022-08-16,87506424.98,446383725.5,0.0001,207450702.1,,,,,,,
2022-08-17,87693484.74,446135212.2,0.0001,207375102.1,,,,,,,
2022-08-18,87432273.59,446253588.8,0.0001,206945296.6,,,,,,,
2022-08-19,87402243.21,449751524.1,0.0001,206947140.8,,,,,,,
2022-08-20,87592153,452911861.9,0.0001,207217539.6,,,,,,,
2022-08-21,87466770.8,453455120.7,0.0001,207075839.5,,,,,,,
2022-08-22,87596341.66,461245919.9,0.0001,207459881.6,,,,,,,
2022-08-23,87563465.99,462746043.3,0.0001,206763011.5,,,,,,,
2022-08-24,87545262.41,461205586.7,0.0001,206289922.1,,,,,,,
2022-08-25,87525055.12,459520283.8,0.0001,208618855.6,,,,,,,
2022-08-26,87573973.04,456198248.9,0.0001,209145933.4,,,,,,,
2022-08-27,87534176.45,451906677.9,0.0001,212398137.1,,,,,,,
2022-08-28,87670093.62,455463464.4,0.0001,212226287,,,,,,,
2022-08-29,87506035.11,464132532.4,0.0001,212136723.3,,,,,,,
2022-08-30,112217028.8,470553249.2,0.0001,212306515.9,,,,,,,
2022-08-31,112875184.3,473305231.3,0.0001,212580112.1,,,,,,,
2022-09-01,112949704.9,472619964.7,0.0001,212376829.9,,,,,,,
2022-09-02,112823445.6,475173769.1,0.0001,212633855.6,,,,,,,
2022-09-03,112587694.5,474893442.5,0.0001,211779379.4,,,,,,,
2022-09-04,112358358,475199457.6,0.0001,211494317.4,,,,,,,
2022-09-05,112279783.5,488189947,0.0001,211444624.7,,,,,,,
2022-09-06,137391386,492035714.9,0.0001,212082736.2,,,,,,,
2022-09-07,137264669.8,498493069.4,0.0001,212018548.8,,,,,,,
2022-09-08,137779620.2,491657902.1,0.0001,212423551.6,,,,,,,
2022-09-09,137609208.3,487711996.1,0.0001,212461356.4,,,,,,,
2022-09-10,137409817.6,487604114.5,0.0001,212148859.4,,,,,,,
2022-09-11,137340682.5,496406262.4,0.0001,212055149.9,,,,,,,
2022-09-12,137053569.2,493639626.3,0.0001,211894169.8,,,,,,,
2022-09-13,137473806.9,492517305.4,0.0001,211812421.3,,,,,,,
2022-09-14,137179173,491972176,0.0001,211741687.9,,,,,,,
2022-09-15,137068169.3,487695354.8,0.0001,212288911.1,,,,,,,
2022-09-16,137089901.9,490515391.5,0.0001,124646779.4,,,,,,,
2022-09-17,137249944.8,489294360.9,0.0001,124811828.5,,,,,,,
2022-09-18,137229240.9,495214851.2,0.0001,124938040.9,,,,,,,
2022-09-19,137795588.9,491164838.7,0.0001,124630734.3,,,,,,,
2022-09-20,137370450.4,490939763,0.0001,124730725.4,,,,,,,
2022-09-21,137258652.7,488289229.7,0.0001,124558707.1,,,,,,,
2022-09-22,137566244.2,493536811.8,0.0001,212241028.2,,,,,,,
2022-09-23,137491906.3,503784144.7,0.0001,212273883.8,,,,,,,
2022-09-24,137238740.4,501143397.1,0.0001,212197518.4,,,,,,,
2022-09-25,137261014.1,500825929.4,0.0001,211970715.4,,,,,,,
2022-09-26,137489273.4,498863662.2,0.0001,212663057.9,,,,,,,
2022-09-27,137277353,498834524.9,0.0001,211927879.4,,,,,,,
2022-09-28,137006315.9,498688741.4,0.0001,211666223.3,,,,,,,
2022-09-29,136971186,496114674.2,0.0001,211992276,,,,,,,
2022-09-30,136951185.7,496576149.4,0.0001,210888856.7,,,,,,,
2022-10-01,135249104.1,499357047.2,0.0001,208327948,,,,,,,
2022-10-02,135261440.9,507249601.3,0.0001,208386339.7,,,,,,,
2022-10-03,135162958.8,500720285.1,0.0001,206767017,,,,,,,
2022-10-04,135555462.1,500466204.2,0.0001,207806201.6,,,,,,,
2022-10-05,135387408.3,498316746.5,0.0001,207579038.3,,,,,,,
2022-10-06,135375795.4,496759323.9,0.0001,208169493,,,,,,,
2022-10-07,135432397.8,498831107.1,0.0001,207856307.5,,,,,,,
2022-10-08,135001876.9,496001833.2,0.0001,207752659.4,,,,,,,
2022-10-09,135004633.8,498466534.8,0.0001,207318585.2,,,,,,,
2022-10-10,134916579.3,494092647.3,0.0001,207089223.7,,,,,,,
2022-10-11,135691675.8,494658722.2,0.0001,207371463.4,,,,,,,
2022-10-12,135866258.3,492967836.3,0.0001,207253115.8,,,,,,,
2022-10-13,134820366.5,496617792.5,0.0001,206469647.2,,,,,,,
2022-10-14,135391557.1,495918139.1,0.0001,206457499.8,,,,,,,
2022-10-15,135033179.7,495234848.7,0.0001,206131815.7,,,,,,,
2022-10-16,135045874.1,494079998,0.0001,206170053.8,,,,,,,
2022-10-17,135123462.5,495907506.5,0.0001,206124275.7,,,,,,,
2022-10-18,135150799.2,495660031.7,0.0001,206547380.5,,,,,,,
2022-10-19,135064512.3,494089742.1,0.0001,206323321.9,,,,,,,
2022-10-20,135094487.7,492558999.2,0.0001,207580744.9,,,,,,,
2022-10-21,135122818.6,500657329.5,0.0001,206432716.8,,,,,,,
2022-10-22,134791260.2,508365648.1,0.0001,206430160.9,,,,,,,
2022-10-23,134795170.1,508306162.4,0.0001,123628341.4,,,,,,,
2022-10-24,134961546.3,502289342.5,0.0001,123601212,,,,,,,
2022-10-25,134605609.9,502758156.7,0.0001,123790552.2,,,,,,,
2022-10-26,185648178.1,500341817.3,0.0001,206779039.5,,,,,,,
2022-10-27,184970942.2,502623621.1,0.0001,207294847.4,,,,,,,
2022-10-28,184011144.2,505639024.7,0.0001,206631994.2,,,,,,,
2022-10-29,184472818.4,504087051.6,0.0001,209292788.4,,,,,,,
2022-10-30,184580259.6,501194996.6,0.0001,209219428.8,,,,,,,
2022-10-31,184188540.2,502467592.1,0.0001,209185401.3,,,,,,,
2022-11-01,184393062.1,501078610.2,0.0001,209197569,,,,,,,
2022-11-02,234050092.5,500457831.9,0.0001,210866291.1,,,,,,,
2022-11-03,234526465.5,499982115,0.0001,211044298.8,,,,,,,
2022-11-04,232682946.9,496934173.3,0.0001,209823739.1,,,,,,,
2022-11-05,232990018.5,494086585.3,0.0001,207573198.9,,,,,,,
2022-11-06,232954090.8,486520983.7,0.0001,208954993.3,,,,,,,
2022-11-07,233405641.3,491414147.7,0.0001,209489695.1,,,,,,,
2022-11-08,233578734.7,491634021.3,0.0001,209727051.8,,,,,,,
2022-11-09,284794411,491493490.9,0.0001,209947671.5,,,,,,,
2022-11-10,286641169.7,489852037.6,0.0001,211127852.3,,,,,,,
2022-11-11,284593473.6,490981662.8,0.0001,209623159.6,,,,,,,
2022-11-12,285050151.7,486885468.3,0.0001,209860620.2,,,,,,,
2022-11-13,285462451.9,482362712.7,0.0001,209396638.5,,,,,,,
2022-11-14,285184647.9,487569769.9,0.0001,209269991.2,,,,,,,
2022-11-15,285482723.1,483244066.7,0.0001,209464122.3,,,,,,,
2022-11-16,334939987.3,481737078.9,0.0001,209509758.6,,,,,,,
2022-11-17,335391771.4,483078292.3,0.0001,209646166.9,,,,,,,
2022-11-18,335520211.2,487145114.7,0.0001,209012809.7,,,,,,,
2022-11-19,335742198.7,488210400.5,0.0001,209571403.3,,,,,,,
2022-11-20,335699623.2,491325060.9,0.0001,209547143.6,,,,,,,
2022-11-21,336077270.7,484739148,0.0001,209481567.5,,,,,,,
2022-11-22,335414469.1,487996130.1,0.0001,209426490.4,,,,,,,
2022-11-23,435291797.7,486551905.5,0.0001,209406345.3,,,,,,,
2022-11-24,435503865.6,488874584.6,0.0001,210080969.2,,,,,,,
2022-11-25,435939369.4,487594382.4,0.0001,209943313.4,,,,,,,
2022-11-26,435845992,483677201.5,0.0001,209647624.4,,,,,,,
2022-11-27,435410581.4,488665371.3,0.0001,209935797.8,,,,,,,
2022-11-28,435410581.4,488400324.3,0.0001,209592081.1,,,,,,,
2022-11-29,435865605.4,487393573.9,0.0001,210002888,,,,,,,
2022-11-30,536320625.1,486346051.6,0.0001,210867617.5,,,,,,,
2022-12-01,537032750.1,487749366.7,0.0001,210030359.4,,,,,,,
2022-12-02,535743322.9,484454465.1,0.0001,211481307.3,,,,,,,
2022-12-03,534686223.4,484637149.6,0.0001,211119511.9,,,,,,,
2022-12-04,535437351.8,486761603.9,0.0001,211208123.5,,,,,,,
2022-12-05,534769887.5,487126806.9,0.0001,211663434.8,,,,,,,
2022-12-06,535437351.8,487424206.9,0.0001,211539621.3,,,,,,,
2022-12-07,632942500.4,487099468.5,0.0001,211535662.2,,,,,,,
2022-12-08,634649969,483370663.3,0.0001,211980935.4,,,,,,,
2022-12-09,633944087.8,481175346.9,0.0001,211061191.3,,,,,,,
2022-12-10,634666475.4,480586934.4,0.0001,211325387.6,,,,,,,
2022-12-11,633699706.3,476298702.9,0.0001,211516623.6,,,,,,,
2022-12-12,634024834.6,478110903.4,0.0001,211656622.1,,,,,,,
2022-12-13,634093418.1,478241921.9,0.0001,211437627.3,,,,,,,
2022-12-14,633054045.2,478788265.4,0.0001,210708976.4,,,,,,,
2022-12-15,634106889.7,477766018.1,0.0001,211510708.8,,,,,,,
2022-12-16,634106839.7,476084715.6,0.0001,211675329.9,,,,,,,
2022-12-17,634648734.9,474844719.6,0.0001,210124646.9,,,,,,,
2022-12-18,634014720.2,474267562.9,0.0001,209977919,,,,,,,
2022-12-19,632981276.2,476933789.9,0.0001,210031465.3,,,,,,,
2022-12-20,633672285.4,475417369.6,0.0001,209023861.1,,,,,,,
2022-12-21,633449817.5,476460675.3,0.0001,208843817.3,,,,,,,
2022-12-22,634526314.8,477693790.7,0.0001,131152984.6,,,,,,,
2022-12-23,633593991.7,478807814.3,0.0001,131188795.8,,,,,,,
2022-12-24,639199305,476782645.2,0.0001,131090887.2,,,,,,,
2022-12-25,638367949.3,475655611.6,0.0001,131222460.4,,,,,,,
2022-12-26,638086290.3,479204920.1,0.0001,218683873.8,,,,,,,
2022-12-27,638749941.1,479158748.8,0.0001,218712505.5,,,,,,,
2022-12-28,638367949.3,478218018.6,0.0001,218490412.7,,,,,,,
2022-12-29,638835461.3,478259607,0.0001,218686447.9,,,,,,,
2022-12-30,639047677.6,480593149.9,0.0001,219850144,,,,,,,
2022-12-31,638374634.1,485181483.1,0.0001,219490944.1,,,,,,,
2023-01-01,638374634.1,486732362.8,0.0001,219742148.8,,,,,,,
2023-01-02,637856008.2,485620848.1,0.0001,219015215.3,,,,,,,
2023-01-03,637776303.8,485279295.4,0.0001,219111916.9,,,,,,,
2023-01-04,638138845.1,485950132.9,0.0001,221123051.8,,,,,,,
2023-01-05,638370411.7,485681447.5,0.0001,221281486,,,,,,,
2023-01-06,647747897.5,491308478.3,0.0001,236139958.2,,,,,,,
2023-01-07,647539180.3,491769252.6,0.0001,233980856.6,,,,,,,
2023-01-08,648171074.5,490391709.8,0.0001,234697286.6,,,,,,,
2023-01-09,648331272.1,488016611,0.0001,234772236.2,,,,,,,
2023-01-10,647250943.6,488093029,0.0001,234197935.2,,,,,,,
2023-01-11,648171074.5,487488376,0.0001,233885939.8,,,,,,,
2023-01-12,648075587.3,486772242.4,0.0001,243013381,,,,,,,
2023-01-13,660617276.7,488878283.8,0.0001,246305341.2,,,,,,,
2023-01-14,663213374.6,489640227.8,0.0001,249403550.4,,,,,,,
2023-01-15,662550823.8,484356374,0.0001,249072875,,,,,,,
2023-01-16,662364647,486807318.1,0.0001,249213900.6,,,,,,,
2023-01-17,662545649.4,486438620.9,0.0001,248713406.8,,,,,,,
2023-01-18,663068706.1,486455434.7,0.0001,249146768.2,,,,,,,
2023-01-19,662463122.8,488216941.7,0.0001,249425248.9,,,,,,,
2023-01-20,664325214.9,484769283.8,0.0001,249465992,,,,,,,
2023-01-21,667439204.9,481243288.3,0.0001,253560765.3,,,,,,,
2023-01-22,668105976.3,481347681.9,0.0001,254280670.2,,,,,,,
2023-01-23,666954421.6,482979554.9,0.0001,254128120,,,,,,,
2023-01-24,666606429.2,483108014.2,0.0001,254010991.5,,,,,,,
2023-01-25,670273672.2,483079686.9,0.0001,256848303.1,,,,,,,
2023-01-26,673098171.3,480943865.6,0.0001,264900292.3,,,,,,,
2023-01-27,679612363.3,478807649.1,0.0001,272199249.6,,,,,,,
2023-01-28,679119557.3,479387560.2,0.0001,271680435.6,,,,,,,
2023-01-29,679184223.5,480110635.7,0.0001,271974387.1,,,,,,,
2023-01-30,680783041.4,475901250.2,0.0001,271903085.8,,,,,,,
2023-01-31,679417791.1,476201455.5,0.0001,271996820.7,,,,,,,
2023-02-01,679532068.8,475421405.9,0.0001,271241833.7,,,,,,,
2023-02-02,679392444.5,474260264.5,0.0001,261436739.7,,,,,,,
2023-02-03,679597233.6,472398080.6,0.0001,263105515.1,,,,,,,
2023-02-04,687884531,470493327.6,0.0001,262812932.3,,,,,,,
2023-02-05,689641177.5,469779074.9,0.0001,262796824.6,,,,,,,
2023-02-06,688121465.9,469832131.3,0.0001,262501981.5,,,,,,,
2023-02-07,701752259.4,470084576.5,0.0001,280604350.6,,,,,,,
2023-02-08,710807949.8,469114597.3,0.0001,280245705.1,,,,,,,
2023-02-09,711587725.4,471857514.3,0.0001,281449502.1,,,,,,,
2023-02-10,711504410.6,471050234.2,0.0001,280123507.6,,,,,,,
2023-02-11,716750519.3,475936417.8,0.0001,280386951.5,,,,,,,
2023-02-12,717333225.8,475540211.3,0.0001,280085962.3,,,,,,,
2023-02-13,716063694.8,474917937.9,0.0001,279496408.3,,,,,,,
2023-02-14,721723834.3,474918593.2,0.0001,278676854.2,,,,,,,
2023-02-15,724711303.1,474883614.7,0.0001,279550159.7,,,,,,,
2023-02-16,726794094.8,476555973.4,0.0001,286686692.8,,,,,,,
2023-02-17,726873912.3,479387420.4,0.0001,285991687.1,,,,,,,
2023-02-18,726907233.5,481970393.3,0.0001,286552211.9,,,,,,,
2023-02-19,727104453.9,481021680.7,0.0001,285892902.7,,,,,,,
2023-02-20,725933386.6,479751454.5,0.0001,285990858.3,,,,,,,
2023-02-21,726534268.6,481504332.2,0.0001,285580034.5,,,,,,,
2023-02-22,728450889,480399594.5,0.0001,289411175.1,,,,,,,
2023-02-23,727785340.7,480662673.8,0.0001,288975772.9,,,,,,,
2023-02-24,731372308.9,478268463.5,0.0001,293432192.5,,,,,,,
2023-02-25,732470282.8,474709649.7,0.0001,293489110,,,,,,,
2023-02-26,732056436.7,473473800.8,0.0001,293407083.5,,,,,,,
2023-02-27,732248720.2,475846642,0.0001,293438034.6,,,,,,,
2023-02-28,731463944.8,475867808.9,0.0001,293413256.3,,,,,,,
2023-03-01,733641119.5,476145161.2,0.0001,293905318.6,,,,,,,
2023-03-02,734728496.6,476848424.1,0.0001,291841276.1,,,,,,,
2023-03-03,735214920,474076793,0.0001,292003670.3,,,,,,,
2023-03-04,740182573.4,473816154.6,0.0001,292120324.7,,,,,,,
2023-03-05,740163038.5,473954179.3,0.0001,292492869.5,,,,,,,
2023-03-06,739489148.8,477554918.4,0.0001,292152773.9,,,,,,,
2023-03-07,742999061,477629715.1,0.0001,292595426.4,,,,,,,
2023-03-08,742308665.6,477446224.5,0.0001,293056633.5,,,,,,,
2023-03-09,741915928.7,479543797.9,0.0001,292064642,,,,,,,
2023-03-10,741762443.9,479019130.2,0.0001,292393449,,,,,,,
2023-03-11,682607972.9,479252243.7,0.0001,289744516.9,,,,,,,
2023-03-12,710614086.3,476680731.8,0.0001,280265536.6,,,,,,,
2023-03-13,734056131.2,477762588,0.0001,288252066.2,,,,,,,
2023-03-14,742304549,478135074.2,0.0001,290103382.3,,,,,,,
2023-03-15,739544828,477607426.2,0.0001,292281079.2,,,,,,,
2023-03-16,744423572.5,475261636.5,0.0001,301434684.8,,,,,,,
2023-03-17,744917084.1,472404228.2,0.0001,301259241.2,,,,,,,
2023-03-18,746745183.1,466512846.5,0.0001,301632203.2,,,,,,,
2023-03-19,747437890.2,463634199.9,0.0001,300949088.2,,,,,,,
2023-03-20,747312378.5,459647176.9,0.0001,300847747.8,,,,,,,
2023-03-21,747756377.8,460185619,0.0001,301181047.6,,,,,,,
2023-03-22,745490293,459647628.3,0.0001,300473283.9,,,,,,,
2023-03-23,746397222.6,457872396.8,0.0001,299144836.5,,,,,,,
2023-03-24,744927149.7,454309627.7,0.0001,296899282.9,,,,,,,
2023-03-25,752907907.3,453505973.4,0.0001,305926336.1,,,,,,,
2023-03-26,752685813.3,453522724.2,0.0001,306291992,,,,,,,
2023-03-27,751182209.2,456013255.4,0.0001,305258104.1,,,,,,,
2023-03-28,761360265.7,456912672.1,0.0001,306991033.7,,,,,,,
2023-03-29,761291849.3,459961543.8,0.0001,307367606.2,,,,,,,
2023-03-30,766673729.6,463141599.1,0.0001,306964245.6,,,,,,,
2023-03-31,765787835.2,462854203.5,0.0001,306861128.8,,,,,,,
2023-04-01,764857527.2,466447022.5,0.0001,305875603.6,,,,,,,
2023-04-02,764729534.4,465401999,0.0001,305773568.1,,,,,,,
2023-04-03,765730848.2,480214260.4,0.0001,306052094.2,,,,,,,
2023-04-04,765046389.3,480482791.2,0.0001,305350766.3,,,,,,,
2023-04-05,768079694.2,479379085.3,0.0001,309767076.7,,,,,,,
2023-04-06,768085223.4,476898371.3,711389.4617,310907921.1,,,,,,,
2023-04-07,771785186,478243732.4,709449.3086,310982948.9,,,,,,,
2023-04-08,769968539.2,484602256.4,709449.3086,309764098.5,,,,,,,
2023-04-09,770667961.7,490535167.4,705479.94,309604188.4,,,,,,,
2023-04-10,769611264.1,492572069.4,710010.5452,309913856.5,,,,,,,
2023-04-11,834629547.7,492551531.5,718602.4368,316555172,,,,,,,
2023-04-12,835439613.2,491020670,712671.2383,316715429.3,,,,,,,
2023-04-13,839325267,490393585.3,716550.5052,318360620.9,,,,,,,
2023-04-14,841076788.5,490041660.7,735916.7351,319443623,,,,,,,
2023-04-15,868451011.9,492643114.2,729624.5367,320869972.4,,,,,,,
2023-04-16,869028586.3,493401751.6,730434.5789,320865283,,,,,,,
2023-04-17,870810073.3,499116430.2,730434.5789,320585510.6,,,,,,,
2023-04-18,873464578.5,498342002.4,723970.5561,320927709.4,,,,,,,
2023-04-19,874576067.6,498095204.1,723970.5561,325709284.5,,,,,,,
2023-04-20,877063488.6,495822912.2,743294.8928,328844963.6,,,,,,,
2023-04-21,879979014.5,493563316.1,751642.6003,329838423.2,,,,,,,
2023-04-22,880303788.3,493928695,751622.1585,329572196.9,,,,,,,
2023-04-23,880483453.3,494063847.3,758393.5293,329644374.8,,,,,,,
2023-04-24,879731315,495657335,747009.1955,328874413.7,,,,,,,
2023-04-25,881310500.4,495443331.1,18983543.6,329210536.9,,,,,,,
2023-04-26,883186889.1,494424747.7,19019203,329251517.8,,,,,,,
2023-04-27,947540767.8,492522095.8,18912150.15,332147024.8,,,,,,,
2023-04-28,947616877.5,489527459.8,18912448.66,330887319.7,,,,,,,
2023-04-29,947378169,485360247.8,18905701.49,330761397,,,,,,,
2023-04-30,947561289.4,486748092.5,18886586.36,330721321.4,,,,,,,
2023-05-01,947564504.3,482442225.5,18887600.38,330707211.3,,,,,,,
2023-05-02,967631118.4,481783517.3,18864078.56,344520165.8,,,,,,,
2023-05-03,971178847.2,482241926.7,18819455.42,343115589,,,,,,,
2023-05-04,970791248.1,483793087.4,18824120.75,342562182,,,,,,,
2023-05-05,971030048,487932248.1,18824111.33,342136410.3,,,,,,,
2023-05-06,1016168980,487892112.7,18834691.61,342360726.5,,,,,,,
2023-05-07,1014928391,492378343.5,18828981.46,342362582.6,,,,,,,
2023-05-08,1016031519,492214904.1,18828473.76,342623234.9,,,,,,,
2023-05-09,1016951861,491841910.8,18979757.55,342070420.4,,,,,,,
2023-05-10,1062945565,491925427.9,18993092.73,342225221,,,,,,,
2023-05-11,1102226025,494164788.4,18855053.65,342213856.8,,,,,,,
2023-05-12,1142702147,497951823.9,18839759.61,341521219.3,,,,,,,
2023-05-13,1179162239,496305973.4,18848574.22,338217331.8,,,,,,,
2023-05-14,1179522275,494478983.4,18841187.02,338326435.1,,,,,,,
2023-05-15,1179248532,498344506.2,18828848.1,338182956.8,,,,,,,
2023-05-16,1219466032,498925372,18815861.9,338412245.8,,,,,,,
2023-05-17,1259858098,498718401.1,18547077.34,336779819.6,,,,,,,
2023-05-18,1309987118,501801811.2,18488587.49,337121752.9,,,,,,,
2023-05-19,1312548599,508845133,18247999.08,337369560.6,,,,,,,
2023-05-20,1360329598,507636281.5,18233661.69,337127431.7,,,,,,,
2023-05-21,1358320755,506515763.8,18233661.69,337905962.5,,,,,,,
2023-05-22,1358487994,513007466.4,18228067.45,337851145.6,,,,,,,
2023-05-23,1364582872,513724645.2,18226945.14,336961525.8,,,,,,,
2023-05-24,1403841569,518762024.1,18218645.51,336523280,,,,,,,
2023-05-25,1443925680,502598095.8,18172387.95,337991589.5,,,,,,,
2023-05-26,1483963278,500125006.2,18115606.65,338296142.6,,,,,,,
2023-05-27,1484355789,502803973.6,18114600.32,337561934.7,,,,,,,
2023-05-28,1484125914,503490434.8,18104621.48,337823484.8,,,,,,,
2023-05-29,1485563795,497792902.8,18136889.71,337246970.7,,,,,,,
2023-05-30,1523992224,497812863.6,18136889.71,337594897.9,,,,,,,
2023-05-31,1523772890,497572085.4,18110719.22,338506324,,,,,,,
2023-06-01,2023990043,492039114.5,18073387.7,338717505.6,,,,,,,
2023-06-02,2024614889,492265385.8,18064880.08,337484794.5,,,,,,,
2023-06-03,2023140604,499899707.8,17773065.09,337859775.4,,,,,,,
2023-06-04,2023847916,499791066.1,17779528.97,338093337.4,,,,,,,
2023-06-05,2026512400,498733574.4,17772279.92,338136874.1,,,,,,,
2023-06-06,2027460257,501191201.7,17678100.72,337985664.5,,,,,,,
2023-06-07,2074591561,500583446.4,17400906.96,341481978.1,,,,,,,
2023-06-08,2080596986,502781341.7,17359283.2,344690283.3,,,,,,,
2023-06-09,2076188422,500789035.5,16278310.55,344647067.2,,,,,,,
2023-06-10,2117144567,500831588.1,16229499.91,344483219.7,,,,,,,
2023-06-11,2117448458,504951575.3,16233264.39,344687341.9,,,,,,,
2023-06-12,2116945263,508406948.4,16217711.02,344272007.1,,,,,,,
2023-06-13,2149291441,508632342,16113657.47,312307150.8,,,,,,,
2023-06-14,2152438048,509352837.3,16091264.48,311733058.8,,,,,,,
2023-06-15,2152279754,510230241,16078320.96,311599623,,,,,,,
2023-06-16,2158836567,511680133.3,15961949.72,312185383.9,,,,,,,
2023-06-17,2160705193,515747892,15785796.25,312531730.6,,,,,,,
2023-06-18,2159578490,514326109.9,15771265.78,312443325.8,,,,,,,
2023-06-19,2159999088,513472779.2,15776527.48,312589464.6,,,,,,,
2023-06-20,2160752865,513859676.4,15702901.41,312745489.6,,,,,,,
2023-06-21,2159950108,513430533.7,15617480.75,312582144.6,,,,,,,
2023-06-22,2143992031,514140054.4,15544198.08,312412070.2,,,,,,,
2023-06-23,2148439000,512240826.2,15368945.89,312936809,,,,,,,
2023-06-24,2158763724,508754551.4,15298212.42,312891382.3,,,,,,,
2023-06-25,2158636944,505147731.7,15298134.14,312542962.6,,,,,,,
2023-06-26,2158869394,509145686.1,15298134.14,312512439.3,,,,,,,
2023-06-27,2163377954,508973833.2,15178052.6,313910136.7,,,,,,,
2023-06-28,2157980282,508634438.8,15141138.43,312554248.7,,,,,,,
2023-06-29,2158752031,505056533.8,14982212.17,312502544.7,,,,,,,
2023-06-30,2159791295,505126473.1,14862631.84,313667270.7,,,,,,,
2023-07-01,2099146597,504070637.4,14883101.15,313631121,,,,,,,
2023-07-02,2099087537,506084169.7,16280258.52,313746551.7,,,,,,,
2023-07-03,2099567682,510465627,16280258.52,313842336.1,,,,,,,
2023-07-04,2169764774,510207419.3,16251874.87,318610632.3,,,,,,,
2023-07-05,2172564580,509814542,16175759.37,318413232.6,,,,,,,
2023-07-06,2207024645,511687419.6,16071925.97,323026319.1,,,,,,,
2023-07-07,2314332803,505092297.2,15948189.74,322513578.3,,,,,,,
2023-07-08,2422744722,499512525.7,15922167.49,323337628.3,,,,,,,
2023-07-09,2423365609,504113127.1,15922167.49,323157926.7,,,,,,,
2023-07-10,2423357943,505417894.7,15922167.49,323993318.6,,,,,,,
2023-07-11,2473891887,504318918.7,15796304.97,323360412.1,,,,,,,
2023-07-12,2575893345,504716500.3,15674778.08,323392736.7,,,,,,,
2023-07-13,2682096954,503968740.2,15930785.2,323524590.8,,,,,,,
2023-07-14,2731494646,502775783.8,15963660.78,322961903.3,,,,,,,
2023-07-15,2727306084,501451386.9,15978577.02,323499401.2,,,,,,,
2023-07-16,2727836530,502243414.8,16002565.27,323897272.6,,,,,,,
2023-07-17,2733242869,499980684.4,16017834.38,323827500.2,,,,,,,
2023-07-18,2734820712,501697243.2,16173585.95,324205802.8,,,,,,,
2023-07-19,2867226399,501948309.1,16066981.29,337885153.2,,,,,,,
2023-07-20,2916196122,505999153.8,16067428.57,338613202.5,,,,,,,
2023-07-21,3070110325,507418547.8,16072538.06,338331640.3,,,,,,,
2023-07-22,3121886279,507900189,16048463.44,339876050.1,,,,,,,
2023-07-23,3120092496,507486234.2,16494627.81,339903635.7,,,,,,,
2023-07-24,3119423628,507951071.1,16525829.62,339969568.3,,,,,,,
2023-07-25,3169114022,507580682.3,16535414.76,340291288.4,,,,,,,
2023-07-26,3171677071,507453700,16482694.33,340150190.1,,,,,,,
2023-07-27,3171891448,503686984.3,16502125.71,340178372.5,,,,,,,
2023-07-28,3174194291,506087519.9,16507277.38,335337696.1,,,,,,,
2023-07-29,3184654367,506413474,16412476.89,335061695.8,,,,,,,
2023-07-30,3183834748,506044090.6,16401708.26,334548906.2,,,,,,,
2023-07-31,3184002738,504543027.9,16412476.89,334850108.5,,,,,,,
2023-08-01,3204989976,504291432.4,16084830.62,360143276.6,,,,,,,
2023-08-02,3219983334,503189643.4,16084830.62,359856053.7,,,,,,,
2023-08-03,3226473810,502391533.4,16083151.03,366512783,,,,,,,
2023-08-04,3302119561,495448720.5,15527643.67,365397147.7,,,,,,,
2023-08-05,3166142946,495360044.5,15525212.77,362207431.4,,,,,,,
2023-08-06,3167520957,498863416.9,15521365.03,362249449.3,,,,,,,
2023-08-07,3165456741,499950854.1,15521365.03,362448372.8,,,,,,,
2023-08-08,3169155548,500819045.2,15322857.22,367556852.3,,,,,,,
2023-08-09,3166961283,500478051.1,15323887.92,367220040.7,,,,,,,
2023-08-10,3291800086,501495561.3,15191743.31,366920683.1,,,,,,,
2023-08-11,3299234350,505828549.5,15008717.81,367167627.4,,,,,,,
2023-08-12,3296758960,506594158.5,15244960.58,367200185.6,,,,,,,
2023-08-13,3294656833,503853765.9,15244960.58,367360361.4,,,,,,,
2023-08-14,3296942661,505867292.3,19164215.79,367413586.3,,,,,,,
2023-08-15,3493199136,504040430.4,19368898.56,367202538.1,,,,,,,
2023-08-16,3492534674,506107944.5,19350946.5,367465140.1,,,,,,,
2023-08-17,3491304323,504180666.6,19344268.34,367332692.1,,,,,,,
2023-08-18,3497048364,504412101.6,19184811.84,366801737.4,,,,,,,
2023-08-19,3488610131,506004964.2,19055864.39,366753997.8,,,,,,,
2023-08-20,3487859531,507700005.4,19047086.19,366969650.6,,,,,,,
2023-08-21,3489374027,516044164,18781220.24,366720045.6,,,,,,,
2023-08-22,3490676405,514892257,18780566.08,366994675.2,,,,,,,
2023-08-23,3443345067,517246404.3,18782848.67,367414662.4,,,,,,,
2023-08-24,3484407397,521820342.2,18840946.26,368648961.7,,,,,,,
2023-08-25,3486644098,528936901.4,18837671.01,368039275.4,,,,,,,
2023-08-26,3537412215,533629168.9,18829904.05,370133060.1,,,,,,,
2023-08-27,3537363537,536779451.2,18826825.65,370341500.2,,,,,,,
2023-08-28,3412071904,541522534.2,18850782.38,370301967,,,,,,,
2023-08-29,3413794397,541724630.8,18911949.16,371113487.4,,,,,,,
2023-08-30,3466171961,543042563.5,18814854.15,370336533.3,,,,,,,
2023-08-31,3465979923,536773441.3,18731826.06,370363429,,,,,,,
2023-09-01,3480173660,536583798.8,18720819.45,369384302.6,,,,,,,
2023-09-02,3480822071,540133438.9,18525584.38,368883006.9,,,,,,,
2023-09-03,3480884182,537261227.2,18569902.82,369035674,,,,,,,
2023-09-04,3481365751,534295543.2,18557437.27,368597835.3,,,,,,,
2023-09-05,3481047335,532516170.1,18553347.25,368595484.4,,,,,,,
2023-09-06,3630304610,535369084.3,18318439.81,368814088.1,,,,,,,
2023-09-07,3642329771,535399106.6,18268107.24,369063432.4,,,,,,,
2023-09-08,3692379581,537101241.4,16518410.46,369502704.1,,,,,,,
2023-09-09,3735126410,548670943.9,25774822.32,369743228.4,,,,,,,
2023-09-10,3737096129,542538921.9,25772546.62,369997708.7,,,,,,,
2023-09-11,3735440413,539965229.3,25772382.08,370267810.8,,,,,,,
2023-09-12,3838825255,539699398.8,25297111.02,370078309.4,,,,,,,
2023-09-13,3838784587,539501550.2,29155011.8,370215726.9,,,,,,,
2023-09-14,3894078035,540462486.2,29155011.8,369433477.4,,,,,,,
2023-09-15,3942806861,542163177,29158086.39,369892812,,,,,,,
2023-09-16,4807432627,545364672.8,29049364.56,369970868,,,,,,,
2023-09-17,4808449071,554254380.2,29049364.56,369875925.3,,,,,,,
2023-09-18,4806433942,555934090.8,29045330.93,370137421.5,,,,,,,
2023-09-19,4896262224,555592328,28500624.16,370029932.3,,,,,,,
2023-09-20,4946122505,558550065.1,28280192.83,372239529.7,,,,,,,
2023-09-21,5044090855,559961195.8,27901774.02,372346989.7,,,,,,,
2023-09-22,5093151881,567270368.4,27693285.81,374230196.7,,,,,,,
2023-09-23,5101041124,571521681.5,27667661.12,374340235.8,,,,,,,
2023-09-24,5096368418,569819236.3,27678437.62,374340493.9,,,,,,,
2023-09-25,5099186531,579797308.6,27678437.62,374321025.9,,,,,,,
2023-09-26,5148144863,581268651.7,27995013.35,374151042.8,,,,,,,
2023-09-27,5163999468,575410230.4,28019910.31,375613763.9,,,,,,,
2023-09-28,5248647754,581780611.4,27591293.8,374300695.2,,,,,,,
2023-09-29,5250497627,584808230.9,27527247.55,373938856.4,,,,,,,
2023-09-30,5342946991,580651804.6,27612204.28,372989570.4,,,,,,,
2023-10-01,5342834489,590258052.8,27603595.88,372901655.2,,,,,,,
2023-10-02,5339824512,583893135.4,27608205.7,373031085.5,,,,,,,
2023-10-03,5397232211,589930293.2,27648448.48,373479013.3,,,,,,,
2023-10-04,5395561817,593656253.2,27575996.95,378632179.6,,,,,,,
2023-10-05,5427835651,593816255.1,27343375.51,378655910.5,,,,,,,
2023-10-06,5430497711,592776331.9,27346900.07,382062797.7,,,,,,,
2023-10-07,5429866191,588685804.7,27430614.94,382293049.6,,,,,,,
2023-10-08,5432425481,591734443.4,27439233.53,382407035,,,,,,,
2023-10-09,5435249107,594897131.9,27439449.86,382336145.9,,,,,,,
2023-10-10,5433325161,594777070.2,27255651.57,382217140,,,,,,,
2023-10-11,5435856234,593591586.8,27276397.54,383384137.7,,,,,,,
2023-10-12,5480290027,580268596.2,27263869.79,379624288.4,,,,,,,
2023-10-13,5482527916,577866204.3,266729.8068,134194727.2,,,,,,,
2023-10-14,5480032203,575781387.8,27917910.65,134159344.9,,,,,,,
2023-10-15,5479855290,579493147.4,27891110.08,134435122.3,,,,,,,
2023-10-16,5476672935,581550905.2,27883358.29,134561513.1,,,,,,,
2023-10-17,5477561688,582360211.5,27884051.5,134475164.6,,,,,,,
2023-10-18,5478842398,581840928.7,27876546.09,134375092.2,,,,,,,
2023-10-19,5475424484,581332173.3,268001.0058,134668642.3,,,,,,,
2023-10-20,5479994800,570463884.7,267521.5744,134461315.8,,,,,,,
2023-10-21,5984779671,577515895,262983.0728,134571250.5,,,,,,,
2023-10-22,5988306011,574080255.8,270038.1229,134612271.8,,,,,,,
2023-10-23,5987544744,572775213.1,27963705.69,134585846.5,,,,,,,
2023-10-24,6061411284,573734736.5,27913992.7,134984520.7,,,,,,,
2023-10-25,6024625019,572651868.2,27904895.57,133954268.6,,,,,,,
2023-10-26,6026478350,578714601,27858198.26,380579181.6,,,,,,,
2023-10-27,6034850845,576110796.4,27662517.47,134042316.2,,,,,,,
2023-10-28,6042806579,574674142.9,27119349.51,133755945.4,,,,,,,
2023-10-29,6038033156,583646175.5,27010983.64,133713741,,,,,,,
2023-10-30,6044576328,587190745.9,27015849.48,381305729.1,,,,,,,
2023-10-31,5861455150,588717896.8,27004840.39,133524358.5,,,,,,,
2023-11-01,5834332110,587542693.1,26989750.77,133595880.8,,,,,,,
2023-11-02,5804281506,581699521.3,26751619.76,133666970.5,,,,,,,
2023-11-03,5826992606,586555922.9,248550.3801,382282899.7,,,,,,,
2023-11-04,5821739961,594889754.5,26742407.88,383527721.5,,,,,,,
2023-11-05,5672766683,591529648.2,26731599.82,134750752.1,,,,,,,
2023-11-06,5681172255,600767747.1,27007226.8,133699922.3,,,,,,,
2023-11-07,5684552191,600616942,27014052.55,132313006.1,,,,,,,
2023-11-08,5683865563,601673372.3,26916540.55,132222405.6,,,,,,,
2023-11-09,5687846754,603107990.6,26012518.92,132245384.9,,,,,,,
2023-11-10,5686075487,601953249.2,26015685.23,131726656.1,,,,,,,
2023-11-11,5702649475,592113799.6,25885849.11,131453182.8,,,,,,,
2023-11-12,5717374288,580166493.3,25875945.06,131556615,,,,,,,
2023-11-13,5715182515,581058675.1,25807964.65,131506082.4,,,,,,,
2023-11-14,5715040829,581479401.9,25806760.73,132787074.2,,,,,,,
2023-11-15,5617673940,581681305.4,25792676.32,132788554.3,,,,,,,
2023-11-16,5621435611,585076566.4,25982353.02,133065444.4,,,,,,,
2023-11-17,5612332776,587219198.7,25968256.8,132535287.9,,,,,,,
2023-11-18,5540089848,581771396.1,25915011.89,132985073.3,,,,,,,
2023-11-19,5453108529,583258523.9,25915011.89,132706906.3,,,,,,,
2023-11-20,5351382157,579889509.9,25945392.05,132632342.6,,,,,,,
2023-11-21,5355005060,579451869,25552295.67,132663652,,,,,,,
2023-11-22,5532622006,578532024.9,25542749.64,132527647.2,,,,,,,
2023-11-23,5511177236,584414048.4,25652769.26,132838368.9,,,,,,,
2023-11-24,5516731087,579191874.7,25784647.82,132817992.8,,,,,,,
2023-11-25,5516693083,585842433.1,25588424.25,132799263.1,,,,,,,
2023-11-26,5516903045,590985736.3,25614756.43,132754974.7,,,,,,,
2023-11-27,5510495423,571274092.7,25614756.43,134272658.2,,,,,,,
2023-11-28,5519862005,571120943.6,25586338.56,134249561.6,,,,,,,
2023-11-29,5523471861,573778864.3,25533203.78,135751253.4,,,,,,,
2023-11-30,5515266295,574897154.4,25522048.56,135923901.1,,,,,,,
2023-12-01,5522955489,576283250.7,25554727.11,131593943.5,,,,,,,
2023-12-02,5514233948,577940594,25553118.87,131419389.5,,,,,,,
2023-12-03,5512900508,573001881.3,25568877.15,131381300.7,,,,,,,
2023-12-04,5518859154,581093868.1,25566865.03,131546736.7,,,,,,,
2023-12-05,5508602766,580876590.6,25561779.14,131314738.3,,,,,,,
2023-12-06,5499055765,579421662.7,25562393.89,378606582.9,,,,,,,
2023-12-07,5510328463,577437864.6,25563187.63,378652932.3,,,,,,,
2023-12-08,5503630213,579742445.3,25518037.3,378521981,,,,,,,
2023-12-09,5506204032,579736471.1,25523607.13,378197540.3,,,,,,,
2023-12-10,5501758322,586690633.5,25514447.12,379227809.3,,,,,,,
2023-12-11,5508551079,577950175.2,25515941.5,380785298.3,,,,,,,
2023-12-12,5558009950,577502636.3,24742420.27,380830458.9,,,,,,,
2023-12-13,5480985258,577335456.9,24809407.58,383294090.6,,,,,,,
2023-12-14,5386273911,580755519.6,24496777.2,382851194.4,,,,,,,
2023-12-15,5261055437,577799194.6,24498054.28,383289905.6,,,,,,,
2023-12-16,5254241132,573076733.4,24572274.87,383071632.5,,,,,,,
2023-12-17,5226976216,579244637.7,24579219.36,383113273,,,,,,,
2023-12-18,5225675290,580673354.9,24533385.82,383613913.8,,,,,,,
2023-12-19,5233518877,580670683.2,24517569.12,389392431.9,,,,,,,
2023-12-20,5208099412,579216749.3,24271066.52,390326630.1,,,,,,,
2023-12-21,5329168386,580315002.4,24271066.52,390343187.6,,,,,,,
2023-12-22,5335062776,580709399.9,24294282.33,390308671.1,,,,,,,
2023-12-23,5333375076,588437964.3,23628822.8,388648108.1,,,,,,,
2023-12-24,5342709656,586630795.5,23628436.64,388936411.6,,,,,,,
2023-12-25,5348419431,595022854.4,23595689.32,404778579.2,,,,,,,
2023-12-26,5351913709,595644926.4,24391342.23,404624934,,,,,,,
2023-12-27,5357045744,593458881.4,24404100.04,404577506.3,,,,,,,
2023-12-28,5367757096,587481225.9,24400142.77,405344198.5,,,,,,,
2023-12-29,5373764191,588366909.2,24750757.3,385070140,,,,,,,
2023-12-30,5385946331,590017171.7,24174144.41,130750484.4,,,,,,,
2023-12-31,5393207637,600180378.2,24177252.91,129983931,,,,,,,
2024-01-01,5396083725,599896681.8,24175969.74,378965837.5,,,,,,,
2024-01-02,5269812661,599695967.3,24173179.71,379173010.7,,,,,,,
2024-01-03,5267778730,598486806.8,24282972.58,125973570.5,,,,,,,
2024-01-04,5267514550,602087910.7,24248222,125881025.9,,,,,,,
2024-01-05,5270354561,613841976.4,24297282.64,376978109.4,,,,,,,
2024-01-06,5218535972,612081163.1,24119730.65,377163527.5,,,,,,,
2024-01-07,5223263164,607644400.7,24114017.83,376671842.3,,,,,,,
2024-01-08,5206396527,595993603.6,24106506.98,376790535.3,,,,,,,
2024-01-09,5208655885,596271477,24116382.07,377945160.5,,,,,,,
2024-01-10,5211564535,598960178.3,24153465.23,377498976.7,,,,,,,
2024-01-11,5206415065,595046478.1,24141400.65,378030771.3,,,,,,,
2024-01-12,5105407054,598969934.1,24111278.51,377395113.7,,,,,,,
2024-01-13,5103145346,596898096.1,23902777.7,377636536.1,,,,,,,
2024-01-14,5102019566,587955260.9,23905480.33,377570041.1,,,,,,,
2024-01-15,4982108395,593931029,23900890.75,377243418.8,,,,,,,
2024-01-16,4993455229,594205829.9,23904128.93,378025465.6,,,,,,,
2024-01-17,4998013102,596495313.3,23757671.56,377414863.7,,,,,,,
2024-01-18,4895404764,592617955.3,23764531.93,380395640.5,,,,,,,
2024-01-19,4769461830,598955922.3,23745017.87,382521055.1,,,,,,,
2024-01-20,4773427946,608706128.2,23595514.91,382644476.6,,,,,,,
2024-01-21,4690360849,608187502.1,23597749.06,383153080.6,,,,,,,
2024-01-22,4695973981,607943786,23594034.14,383978663.7,,,,,,,
2024-01-23,4654879393,608061689.6,23560903.28,383420631,,,,,,,
2024-01-24,4667085136,607872010.5,28562893.4,380384127.1,,,,,,,
2024-01-25,4779551028,600543455.5,28548449.83,384886692.4,,,,,,,
2024-01-26,4783699622,597711019.3,28554817.33,384965078.5,,,,,,,
2024-01-27,4139990567,594141919.6,28564098.03,385457305.5,,,,,,,
2024-01-28,4126994727,602836141.7,28563474.7,385510389.6,,,,,,,
2024-01-29,4129536561,605097209.2,28506559.55,385701689.9,,,,,,,
2024-01-30,4167903145,604952273,28416878.77,386021610.3,,,,,,,
2024-01-31,4127924499,603889587.6,5001219.544,383557612.5,,,,,,,
2024-02-01,4122697403,615677738.4,28373077.47,384382795.5,,,,,,,
2024-02-02,4126782018,613066400,28375421.74,384595153.2,,,,,,,
2024-02-03,4124971830,609649217.3,28011771.75,385359955.8,,,,,,,
2024-02-04,4075813197,611625883.3,27997537.72,385034576.6,,,,,,,
2024-02-05,4074104927,622912937.9,28002537.96,385177649.7,,,,,,,
2024-02-06,4027249687,623433923.3,28244182.04,389486177.8,,,,,,,
2024-02-07,3945812184,622562086.8,28248610.18,388978972.5,,,,,,,
2024-02-08,4052547445,623040225.7,28237926.73,391113794.3,,,,,,,
2024-02-09,4048272435,629061179.9,28135029.26,390031978.2,,,,,,,
2024-02-10,4047483448,626165154.5,28108154.57,387356081.6,,,,,,,
2024-02-11,4046699804,618645770.2,28120327.94,387699631.7,,,,,,,
2024-02-12,4041704839,625136159.9,28129153.37,387866303.4,,,,,,,
2024-02-13,4209738274,624682010.5,28124036.22,387919166.2,,,,,,,
2024-02-14,4210615743,624566738.9,28098278.89,387593020,,,,,,,
2024-02-15,4237850007,624707566.4,28330783.82,382265081.1,,,,,,,
2024-02-16,4231842853,625088304.5,28362369.27,391280121,,,,,,,
2024-02-17,4231664132,622353890.6,28992505.65,391604758,,,,,,,
2024-02-18,4230504465,625770129.3,28983159.82,391353278.1,,,,,,,
2024-02-19,4232270284,622236965.1,28987287,391154829.6,,,,,,,
2024-02-20,4134852624,622492785.6,28497069.9,391203121.3,,,,,,,
2024-02-21,4134146528,622258509.4,28483689.72,390683429.4,,,,,,,
2024-02-22,4037695983,620937723.6,28519386.35,387752736,,,,,,,
2024-02-23,3982794086,619325009.7,28459992.57,387777788,,,,,,,
2024-02-24,4130737777,619680623.9,28432105.06,387833483,,,,,,,
2024-02-25,4128364200,625064035,28462586.25,387075749.6,,,,,,,
2024-02-26,4133483441,621096657.9,28467107.39,387795014.8,,,,,,,
2024-02-27,4085273634,620911449.9,28384175.17,389090249.6,,,,,,,
2024-02-28,4077096988,620926333.2,28375423.77,386183508.4,,,,,,,
2024-02-29,4069397740,622425396.8,28349505.74,384484476.5,,,,,,,
2024-03-01,4069153383,625596055.6,28345555.2,384833066.6,,,,,,,
2024-03-02,4069985040,623413794.7,28295406.53,381957236,,,,,,,
2024-03-03,4067805483,634801951.4,28303201.19,381410905.9,,,,,,,
2024-03-04,4076935916,640535489.9,28266301.96,382503104.5,,,,,,,
2024-03-05,3918326822,642242871.6,28123127.62,381046204.9,,,,,,,
2024-03-06,3644306992,640996820.8,28064891.73,380499920.6,,,,,,,
2024-03-07,3536275596,642636696.2,28058885.84,379706681.1,,,,,,,
2024-03-08,3263346140,640262430.5,28043397.52,380073968.2,,,,,,,
2024-03-09,3049060305,638214999.6,28083499.4,379556504.2,,,,,,,
2024-03-10,3045839775,643556735.3,28077901.91,379875286.6,,,,,,,
2024-03-11,3043172596,651425839.8,28084821.58,379421309.2,,,,,,,
2024-03-12,3084823120,652334302,31282988.74,380243936.3,,,,,,,
2024-03-13,3051098188,652606251,31230189.04,380242812.1,,,,,,,
2024-03-14,3452444080,652612665.4,31228089.66,380780466.5,,,,,,,
2024-03-15,3437394684,661014484.5,30997230.26,380468754.7,,,,,,,
2024-03-16,3351918413,659998245.6,30967326.39,374810138.2,,,,,,,
2024-03-17,3348599472,665197149,30953691.49,373417233.2,,,,,,,
2024-03-18,3352076862,660624436.9,30942137.41,374428947.4,,,,,,,
2024-03-19,3742525625,662408124.3,30827706.63,376073200.5,,,,,,,
2024-03-20,3743881789,660761508.1,30808450.37,375847839.5,,,,,,,
2024-03-21,3732107769,654064358.2,30942416.92,378889891.2,,,,,,,
2024-03-22,3732179000,662739333.8,30903645.56,117302882.6,,,,,,,
2024-03-23,4017489019,661255867.2,30752188.35,117564386.9,,,,,,,
2024-03-24,4013550554,662286411.3,30723959.5,117363066.2,,,,,,,
2024-03-25,4006612135,659287756,30736011.77,117596943.5,,,,,,,
2024-03-26,4033414298,661182381.4,31056305.43,377923969.9,,,,,,,
2024-03-27,4093587310,658965761.1,30994918.51,384252094.7,,,,,,,
2024-03-28,4115633195,657658331.3,30964894.33,382085084.9,,,,,,,
2024-03-29,4038284125,652977588.8,26057492.73,382256024.5,,,,,,,
2024-03-30,4044344147,649967653.9,26040662.76,384391060.5,,,,,,,
2024-03-31,4040093067,653625260.1,26035034.35,384246176.2,,,,,,,
2024-04-01,4044842132,660350552.4,26050426.39,384862654.6,,,,,,,
2024-04-02,4129088254,660582228.2,26045581.36,382888334.2,,,,,,,
2024-04-03,4046063179,660622878.9,25939224.8,383019422.2,,,,,,,
2024-04-04,4037429335,658680456.8,25776688.36,384057157.9,,,,,,,
2024-04-05,3665957280,661062729.8,25747973.56,383627721.4,,,,,,,
2024-04-06,3618427919,664225191.5,25828805.33,384381463.8,,,,,,,
2024-04-07,3622428420,668621559.7,25955931.8,385528156.7,,,,,,,
2024-04-08,3623710403,676537740.3,25926987.98,385450348.5,,,,,,,
2024-04-09,3705232470,676429512.5,25907443.16,385038971.2,,,,,,,
2024-04-10,3734048703,677488123.3,25773036.97,389714331.3,,,,,,,
2024-04-11,3749366984,677133815.1,25795423.45,388625655.6,,,,,,,
2024-04-12,3754071340,689680402.2,25867680.14,389005755.4,,,,,,,
2024-04-13,3676036649,689593990.1,25968166.9,389050936,,,,,,,
2024-04-14,3689149941,689598088.9,25952634.06,390174814.9,,,,,,,
2024-04-15,3675906851,689634587.9,25971132.16,389005310.4,,,,,,,
2024-04-16,3780847303,689738572.9,25895444.42,389924067.4,,,,,,,
2024-04-17,3290005562,689671627.6,25518075.99,390416094.8,,,,,,,
2024-04-18,3289911825,689652976.3,25956228.58,390158515.9,,,,,,,
2024-04-19,3286353853,689682855.1,26159418.51,388332479.8,,,,,,,
2024-04-20,3398852509,689725373,25978908.59,391438637.2,,,,,,,
2024-04-21,3394408189,689723903.1,26082376.51,385891686.2,,,,,,,
2024-04-22,3362090296,689708311.4,26142427.6,386675510.6,,,,,,,
2024-04-23,3475723364,689540634.7,26072753.52,387799220.5,,,,,,,
2024-04-24,3474389094,689529833.8,26064218.75,392813443.1,,,,,,,
2024-04-25,3469392808,689513227.2,26055991.4,392544676.8,,,,,,,
2024-04-26,3473417264,689542191.9,26064931.65,392504786.9,,,,,,,
2024-04-27,3358138598,689535813.3,26058591.03,392762421,,,,,,,
2024-04-28,3365080075,689534630.4,26004044.09,372762124.6,,,,,,,
2024-04-29,3363060062,689538606,26001087.46,392976417.9,,,,,,,
2024-04-30,3471461263,689534881.6,26000666.81,393003199.8,,,,,,,
2024-05-01,3513182258,689401957.7,25963749.75,392120641.6,,,,,,,
2024-05-02,3520775730,689477580,26333966.11,397180130.8,,,,,,,
2024-05-03,3677779933,689451680.9,26386194.52,396859034.5,,,,,,,
2024-05-04,3648378736,689435626.5,26392520.57,399285427.8,,,,,,,
2024-05-05,3639802328,689439979.9,26387300.58,398627723.4,,,,,,,
2024-05-06,3644221168,689436398.1,26383139.58,398503549.8,,,,,,,
2024-05-07,3779126074,689522745.1,26388335.38,397547132.9,,,,,,,
2024-05-08,3831590745,689519763.1,26198362.55,397411333.3,,,,,,,
2024-05-09,3983047217,689522023.5,26167457.89,397020658.4,,,,,,,
2024-05-10,4032184248,689638611,26187270.6,397360107.8,,,,,,,
2024-05-11,3941854636,689653232.2,26559485.68,397531320.4,,,,,,,
2024-05-12,3927072801,689652620.8,26562037.4,397579562.1,,,,,,,
2024-05-13,3924339085,689660181.5,26701427.41,397623247.2,,,,,,,
2024-05-14,4028940433,689631624.3,26685049.87,397025092.6,,,,,,,
2024-05-15,4077608546,689677025.7,26685700.14,396367703.5,,,,,,,
2024-05-16,4082820088,689802745.2,26694567.43,396680278.2,,,,,,,
2024-05-17,4075817228,689775361.6,26683903.87,396369036.9,,,,,,,
2024-05-18,3987353778,689960219.3,27271536.17,396240463.9,,,,,,,
2024-05-19,3995038838,689965415.6,27250048.76,396506125.7,,,,,,,
2024-05-20,3989117166,689976263.8,27260571.9,396267863.4,,,,,,,
2024-05-21,4122992526,690009301.6,27271457.62,397663563.2,,,,,,,
2024-05-22,4114354571,690014743.5,27482931.69,398410677.8,,,,,,,
2024-05-23,3843417506,689870664,27366546.12,397588682.2,,,,,,,
2024-05-24,3843095278,689754139.6,27151624.97,395937992.6,,,,,,,
2024-05-25,3757591222,689768994.3,27141139.29,398103395.9,,,,,,,
2024-05-26,3762031270,689762765.2,27120991.86,397636866,,,,,,,
2024-05-27,3761383981,689766522.6,27117774.91,397792492.1,,,,,,,
2024-05-28,3762465528,689869911.5,26213552.62,397199311.6,,,,,,,
2024-05-29,3884930064,689894262.4,26067293.78,398110087.8,,,,,,,
2024-05-30,3720555663,689864189.3,26133069.29,395158173.2,,,,,,,
2024-05-31,3719059484,689839269.2,27598425.47,388931731.5,,,,,,,
2024-06-01,3597786882,689765563.4,27542854.32,389233875,,,,,,,
2024-06-02,3600244012,689758248.3,27568368.14,389289603.8,,,,,,,
2024-06-03,3600056013,689765982.3,27450229.01,389302700.2,,,,,,,
2024-06-04,3719289675,689810310.2,27552686.32,388651587.8,,,,,,,
2024-06-05,3775273992,689700963.8,27568435.67,388789579.3,,,,,,,
2024-06-06,3604104563,689777186.4,27692315.91,388134200.6,,,,,,,
2024-06-07,3622298640,689907111.4,27678907.26,387602170.6,,,,,,,
2024-06-08,3525560626,689628939.3,41458043,390448076.1,,,,,,,
2024-06-09,3527557514,689641699.9,41498046.77,390440308.3,,,,,,,
2024-06-10,3527438973,689649232.2,41514354.47,390275501,,,,,,,
2024-06-11,3671436574,689690635.5,41569676.31,397329040.1,,,,,,,
2024-06-12,3138878673,689664154,41787267.62,393761383.7,,,,,,,
2024-06-13,3079278304,689709166.5,41758001.19,393176057.6,,,,,,,
2024-06-14,3594519932,689633938.6,43982268.21,393380788.4,,,,,,,
2024-06-15,2911972209,689714645.4,26996238.74,392084344.3,,,,,,,
2024-06-16,3462773023,689721159.5,27318459.53,392203423.5,,,,,,,
2024-06-17,3456079041,689717733.5,44861219.78,391859930.6,,,,,,,
2024-06-18,3583723676,689695128.9,45254255.96,391785446.7,,,,,,,
2024-06-19,3323059491,689710252.2,45247600.12,396105211.2,,,,,,,
2024-06-20,3325944258,689761251.5,45247112.18,390526180.5,,,,,,,
2024-06-21,3460629238,689831023.1,45578430.9,390837060.5,,,,,,,
2024-06-22,3075153856,689705579.7,45628854.82,390849462.2,,,,,,,
2024-06-23,3077570732,689704210.4,45605622.64,390932255.5,,,,,,,
2024-06-24,2529049443,689709780.8,45620978.55,390747785.5,,,,,,,
2024-06-25,3212630273,689714797.9,46326296.36,390397923.1,,,,,,,
2024-06-26,3204708798,689654497.4,47049737.24,390636016.2,,,,,,,
2024-06-27,3211408297,689620968.7,47048977.05,395361807.6,,,,,,,
2024-06-28,3211568416,689666165.1,47052229.03,395394514.5,,,,,,,
2024-06-29,3092576228,689678968.8,47126795.76,393584543.9,,,,,,,
2024-06-30,3093027213,689683311.7,47363295.64,393618274.8,,,,,,,
2024-07-01,3114787678,689683549,48496008.73,396877338,,,,,,,
2024-07-02,3201512222,689705926.8,48311309.84,395108811.4,,,,,,,
2024-07-03,3211242124,689705529.4,48393626,394498117.3,,,,,,,
2024-07-04,3120399220,689812866.1,48412534.55,394227757.6,,,,,,,
2024-07-05,3122410962,689824741.6,49845760.42,393412697.2,,,,,,,
2024-07-06,3615346149,689928033.5,49905456.31,392487275.4,,,,,,,
2024-07-07,3616659600,689924271.9,49922332.6,392942507.2,,,,,,,
2024-07-08,3892189593,689918267,49936505.77,392369034.7,,,,,,,
2024-07-09,4016668237,1024990862,51473585.44,392301958.4,,,,,,,
2024-07-10,4012646529,1036157254,51347573.64,391840471.9,,,,,,,
2024-07-11,4018952859,1040196185,51838238.67,394552871.9,,,,,,,
2024-07-12,4474071458,1059509271,51869817.9,394795947.1,,,,,,,
2024-07-13,4396982002,1062312613,52212614.19,394342649.6,,,,,,,
2024-07-14,4398061823,1061807592,52355480.76,394463810.8,,,,,,,
2024-07-15,4406855424,1068630104,52464381.46,395048413.2,,,,,,,
2024-07-16,4605459555,1067673593,52393742.78,392384316.1,,,,,,,
2024-07-17,4589145759,1087094523,52412981.79,391282047.1,,,,,,,
2024-07-18,4602028986,1083753612,53142042.45,391132876.8,,,,,,,
2024-07-19,4602880834,1078804989,54160434.67,391209781.3,,,,,,,
2024-07-20,4543752717,1062242289,55204229.92,391577347.6,,,,,,,
2024-07-21,4562130495,1062388336,56277752.56,391789413.1,,,,,,,
2024-07-22,4585792581,1064142233,56267008.82,390915175.4,,,,,,,
2024-07-23,4657494336,1062161800,56393591.08,390553612.5,,,,,,,
2024-07-24,4663276872,1067381993,56370587.2,393328791.6,,,,,,,
2024-07-25,4643510444,1063165276,56368936.64,393205235.6,,,,,,,
2024-07-26,4648333338,1051697550,56678600.19,398964373.9,,,,,,,
2024-07-27,4517957997,1061523263,56607000.03,398769503.7,,,,,,,
2024-07-28,4535307765,1060485914,58480188.77,399450210.7,,,,,,,
2024-07-29,4548056478,1065539787,59483065.16,399708529.3,,,,,,,
2024-07-30,4506099481,1060190317,58957837.6,398748181.8,,,,,,,
2024-07-31,4525513883,1070494816,59609738.16,398902576.1,,,,,,,
2024-08-01,4528408539,1084843460,59295618.87,395311183.8,,,,,,,
2024-08-02,4567608294,1084591407,59399891.31,395099970.8,,,,,,,
2024-08-03,4568107678,1090083054,58824699.26,393774523,,,,,,,
2024-08-04,4572732459,1090837634,58873337.8,393666264,,,,,,,
2024-08-05,4575479648,1089441844,58820707.47,393657629.9,,,,,,,
2024-08-06,4553304626,1068700659,58920590.76,396597941.7,,,,,,,
2024-08-07,4532544177,1061941403,58284934.35,396785988.9,,,,,,,
2024-08-08,4536690483,1060920824,54131678.76,395993318.9,,,,,,,
2024-08-09,4571835878,1082909336,54347771.14,398798824.1,,,,,,,
2024-08-10,4579144949,1081803484,53170330.01,398987173.6,,,,,,,
2024-08-11,4586411108,1080172962,53122990.89,399166265.7,,,,,,,
2024-08-12,4589170768,1077896278,53250121.99,398604570.3,,,,,,,
2024-08-13,4639802578,1096377674,54244850.65,398645539.1,,,,,,,
2024-08-14,4658347707,1094606439,54937591.27,398732595,,,,,,,
2024-08-15,4661430538,1089628592,55699251.73,394121815.3,,,,,,,
2024-08-16,4658467119,1095511333,55519692.25,394317055,,,,,,,
2024-08-17,4655333142,1111492219,54894796.99,394944865.2,,,,,,,
2024-08-18,4652765295,1115916595,54863711.15,394397176.8,,,,,,,
2024-08-19,4656975811,1115641503,54753828.73,394493358.7,,,,,,,
2024-08-20,4658784293,1114141466,55450394.28,394505492.3,,,,,,,
2024-08-21,4662960970,1118094641,55499063.79,394631930.5,,,,,,,
2024-08-22,4674999476,1118659031,55603433.22,384991078.9,,,,,,,
2024-08-23,4688000486,1108619403,55269452.72,384161746.9,,,,,,,
2024-08-24,4730519332,1122501020,55401689.22,388947169.2,,,,,,,
2024-08-25,4727982006,1120107421,54241350.68,388666829.3,,,,,,,
2024-08-26,4735247671,1119573218,53418081.46,388744071.7,,,,,,,
2024-08-27,4750843294,1116202827,53556229.32,388367036.1,,,,,,,
2024-08-28,4799513711,1118479084,54461959.34,390534551.9,,,,,,,
2024-08-29,4812993215,1121031433,54658694.6,393291906.4,,,,,,,
2024-08-30,4822136271,1122292816,54707177,390407451,,,,,,,
2024-08-31,4829372379,1114669451,54766083.22,387832143.1,,,,,,,
2024-09-01,4829703481,1111823146,54738069,387493540,,,,,,,
2024-09-02,4827838633,1114213222,54853276.47,386526203,,,,,,,
2024-09-03,4857386853,1113718270,54902115.18,386757654,,,,,,,
2024-09-04,4870643138,1110230730,54687689.17,385699881.5,,,,,,,
2024-09-05,4573563273,1110844079,55283056.36,386035793.9,,,,,,,
2024-09-06,4145817679,1120651901,55183311.31,386123793.4,,,,,,,
2024-09-07,4103891865,1114076115,54814186.82,386237533.9,,,,,,,
2024-09-08,4055608458,1111338423,54790259.72,386056103.4,,,,,,,
2024-09-09,4061797064,1112716342,54766632.55,385463864.8,,,,,,,
2024-09-10,4043416009,1122886732,54832011.28,385786924,,,,,,,
2024-09-11,4057129030,1126581608,54766948.16,385453955.1,,,,,,,
2024-09-12,4058627117,1121217653,53906557.01,379009318.3,,,,,,,
2024-09-13,3954814327,1139724788,54099890.23,378945451.2,,,,,,,
2024-09-14,3955980262,1154766870,56257119.32,378900271.1,,,,,,,
2024-09-15,3944260659,1152682466,55975395.41,378882099,,,,,,,
2024-09-16,3956861398,1152776318,56054359.04,378814927.1,,,,,,,
2024-09-17,4005944769,1153389048,55128612.68,373776635.3,,,,,,,
2024-09-18,4013333203,1149684801,55942642.62,373662256.6,,,,,,,
2024-09-19,4028313860,1151218056,55849427.7,338115014.5,,,,,,,
2024-09-20,4084646830,1161006239,55542493.34,300430457.4,,,,,,,
2024-09-21,4002737814,1176370425,55535720.14,267913958.8,,,,,,,
2024-09-22,4009006936,1175525054,54249639.66,268107676.2,,,,,,,
2024-09-23,4019100063,1172413930,59132744.48,268548850.4,,,,,,,
2024-09-24,4081657489,1175543124,59171774.11,260573570.8,,,,,,,
2024-09-25,4179901342,1189579153,60104462.3,260076379.3,,,,,,,
2024-09-26,4187595738,1188430444,62581468.99,254273595.7,,,,,,,
2024-09-27,4160558772,1192507992,67777256.68,253265967.5,,,,,,,
2024-09-28,4217840500,1188875317,67810385.78,257357250.6,,,,,,,
2024-09-29,4226022512,1190340526,67963884.78,257500064.7,,,,,,,
2024-09-30,4228818339,1190083136,69841752.13,257279402.1,,,,,,,
2024-10-01,4286099921,1179401839,73402727.96,251241976.5,,,,,,,
2024-10-02,4369299824,1194635482,73313315.56,251922906.1,,,,,,,
2024-10-03,4412346242,1194329199,74915790.4,250652974.4,,,,,,,
2024-10-04,4495521386,1196443600,77573147.79,250911328.5,,,,,,,
2024-10-05,4560632018,1192194545,77522881.95,238833025.4,,,,,,,
2024-10-06,4563247982,1194716747,77846307.05,238803811.6,,,,,,,
2024-10-07,4558905052,1195005558,77905919.83,238882237.5,,,,,,,
2024-10-08,4596156860,1193439014,78011313.19,238825130.1,,,,,,,
2024-10-09,4664247362,1183208159,87910310.07,238899678.4,,,,,,,
2024-10-10,4715327968,1178869645,87835802.67,235881334.4,,,,,,,
2024-10-11,4785151526,1186596629,88006761.08,235935624.7,,,,,,,
2024-10-12,4820972572,1198883677,87911131.07,236018727.5,,,,,,,
2024-10-13,4820290579,1198592247,88050475.77,236025902.5,,,,,,,
2024-10-14,4821337272,1196614995,87919966.49,235987951.2,,,,,,,
2024-10-15,4821167341,1197346795,88529531.95,221245486.4,,,,,,,
2024-10-16,4881324761,1199323803,89602362.45,217260167.5,,,,,,,
2024-10-17,4931250544,1206715858,89359023.94,217149596.4,,,,,,,
2024-10-18,4976857254,1215276887,89506280.51,217122855.7,,,,,,,
2024-10-19,4971330158,1228824860,97730740.99,210288198.3,,,,,,,
2024-10-20,4970047899,1229110299,97656224.49,210190617.9,,,,,,,
2024-10-21,4970047899,1229187920,97656224.49,210274145.9,,,,,,,
